{
  "script": "q",
  "meta": {
    "n_servers": 2,
    "n_vms": 6,
    "require_all_on": true
  },
  "input": {
    "pi": [
      1.0,
      1.0
    ],
    "pd": [
      1.0,
      1.0
    ],
    "capacities": [
      11,
      11
    ],
    "vm_allocation_limits": [
      9,
      10,
      8,
      11,
      12,
      12
    ],
    "min_cpu_per_vm": 1
  },
  "qp_lp": "\\ This file has been generated by DOcplex\n\\ ENCODING=ISO-8859-1\n\\Problem name: ex120_server\n\nMinimize\n obj: si0 + si1 + [ 2 vj0i0*uj0 + 2 vj0i1*uj0 + 2 vj1i0*uj1 + 2 vj1i1*uj1\n      + 2 vj2i0*uj2 + 2 vj2i1*uj2 + 2 vj3i0*uj3 + 2 vj3i1*uj3 + 2 vj4i0*uj4\n      + 2 vj4i1*uj4 + 2 vj5i0*uj5 + 2 vj5i1*uj5 ]/2\nSubject To\n cons_server_load_0: vj0i0 + vj1i0 + vj2i0 + vj3i0 + vj4i0 + vj5i0 >= 10\n cons_server_load_1: vj0i1 + vj1i1 + vj2i1 + vj3i1 + vj4i1 + vj5i1 >= 10\n cons_first3vm_server_0: vj0i0 + vj1i0 + vj2i0 >= 11\n cons_first3vm_server_1: vj0i1 + vj1i1 + vj2i1 >= 11\n cons_server_on_0: si0 = 1\n cons_server_on_1: si1 = 1\n cons_vm_alloc_0: vj0i0 + vj0i1 <= 9\n cons_vm_alloc_1: vj1i0 + vj1i1 <= 10\n cons_vm_alloc_2: vj2i0 + vj2i1 <= 8\n cons_vm_alloc_3: vj3i0 + vj3i1 <= 11\n cons_vm_alloc_4: vj4i0 + vj4i1 <= 12\n cons_vm_alloc_5: vj5i0 + vj5i1 <= 12\n cons_min_cpu_vm_0: uj0 >= 1\n cons_min_cpu_vm_1: uj1 >= 1\n cons_min_cpu_vm_2: uj2 >= 1\n cons_min_cpu_vm_3: uj3 >= 1\n cons_min_cpu_vm_4: uj4 >= 1\n cons_min_cpu_vm_5: uj5 >= 1\n\nBounds\n 0 <= si0 <= 1\n 0 <= si1 <= 1\n\nBinaries\n si0 si1\nEnd\n",
  "classic": {
    "objective": 24.0,
    "status": "INFEASIBLE",
    "x": [
      1.0,
      1.0,
      3.4264995472938606,
      3.695494256318175,
      3.808942010543454,
      3.695589552164802,
      3.764558442162686,
      3.6089161915170225,
      -7.738569739482789e-21,
      -6.999574720332848e-21,
      -3.2611655725105845e-21,
      -7.6160322613637e-21,
      -1.0118785658640436e-20,
      -6.206191575292845e-21,
      1.0,
      1.0,
      1.0,
      1.1273397798815765,
      1.0,
      1.0
    ],
    "residuals": [
      9.999999999986597e-05,
      2.4044652006346786e-05,
      0.00019478718399357355,
      5.653059853275805e-05,
      9.999999999989416e-05,
      9.812100816958714e-05,
      3.02374910175992e-05,
      0.0001979516021124347,
      9.999999999999999e-05,
      6.192314772658755e-05,
      0.00013160162004497979,
      9.445622446336075e-05,
      6.676842796747437e-05,
      0.0001,
      0.00014816517152623163,
      0.0001,
      4.988458866331174e-05,
      7.229639157475785e-05,
      9.999999999984528e-05,
      0.00014265457591009848,
      8.116382940884631e-05,
      7.989597788108829e-05,
      0.00011001542196893552,
      0.0001013605066911298,
      0.00017030495205249473,
      0.00018659001003134027,
      0.00016135839715105513,
      0.00025509418613778426,
      0.0001975018774948625,
      1.4063302419295612e-05,
      2.708089539995906e-05,
      0.00010806518397385806,
      6.795561634046643e-05,
      5.120866974901268e-06,
      0.00013534963664959767,
      0.00015172534716781215,
      0.00016364064452576267,
      0.0002665575222027864,
      0.00018094588233334892,
      0.00018242534314315422,
      8.189937578080179e-05,
      0.000194946582439199,
      0.000149211431590716,
      0.00019205032029748922,
      3.33673303998363e-05,
      9.358702109001112e-05,
      0.00018675733039538666,
      0.0002615367213856786,
      7.510277874297465e-05,
      0.00018954288352237295,
      0.00020611067070364268,
      0.00019400860524301696,
      0.00019208284889464538,
      1.575783827097282e-05,
      0.00015027620685092365,
      0.00019740002350845302,
      0.0002163155559292429,
      0.00010657428069927438,
      0.00016915634968608473,
      0.00017355398922103124,
      7.96144557227226e-05,
      0.00014110466256851036,
      7.97858999303936e-05,
      8.01577741723362e-05,
      0.00016763421590139624,
      0.00020373958319593407,
      6.414474567241004e-05,
      0.00018389883677333632,
      8.834490776237013e-05,
      0.0001904260359342414,
      0.000137328220496185,
      3.9069658108732096e-05,
      0.0001289452617740572,
      6.996134868938791e-05,
      0.00021244268198329871,
      0.00015334062874390174,
      0.0001272376549839601,
      5.946785630141228e-05,
      0.00014829725454843136,
      6.821337357651038e-05,
      0.00019342790981899955,
      0.00012553651326705666,
      0.0002078291146093837,
      0.00019880445154837732,
      0.00015076526214642812,
      7.103366487218512e-05,
      8.140215715699284e-05,
      8.143969473831185e-05,
      0.00024226590246238434,
      0.00011925780861195387,
      8.194041879747861e-05,
      3.509931532857154e-05,
      0.00016176895648195995,
      0.00016651357650908127,
      0.00015603131336252245,
      5.013142513517017e-05,
      0.0001461118575398192,
      0.0001812691056131537,
      5.3371727832033474e-05,
      6.710448386760575e-05
    ],
    "duration_seconds": 227.09910210000817
  },
  "quantum": {
    "objective": 21.999999999999986,
    "status": "INFEASIBLE",
    "x": [
      0.0,
      0.0,
      4.204378333823004,
      3.7641480366638405,
      3.69495045449942,
      3.7268900644421668,
      3.100671211677567,
      3.5089618988939866,
      -9.490698013344592e-17,
      -9.655301872059952e-17,
      -1.1712913859386544e-16,
      -7.499137204729146e-19,
      -1.0845830237320254e-21,
      -9.43590383664515e-17,
      1.0,
      0.9999999999999999,
      1.0,
      1.2339673680017922,
      1.2241233225503734,
      1.0232577698847103
    ],
    "residuals": [
      9.999999999991275e-05
    ],
    "duration_seconds": 6.259763500012923
  },
  "combined_image": "q_20260323_151811_risultati.png"
}