{
  "script": "q",
  "meta": {
    "n_servers": 2,
    "n_vms": 5,
    "require_all_on": true
  },
  "input": {
    "pi": [
      1.0,
      1.0
    ],
    "pd": [
      1.0,
      1.0
    ],
    "capacities": [
      11,
      11
    ],
    "vm_allocation_limits": [
      10,
      11,
      9,
      8,
      12
    ],
    "min_cpu_per_vm": 1
  },
  "qp_lp": "\\ This file has been generated by DOcplex\n\\ ENCODING=ISO-8859-1\n\\Problem name: ex120_server\n\nMinimize\n obj: si0 + si1 + [ 2 vj0i0*uj0 + 2 vj0i1*uj0 + 2 vj1i0*uj1 + 2 vj1i1*uj1\n      + 2 vj2i0*uj2 + 2 vj2i1*uj2 + 2 vj3i0*uj3 + 2 vj3i1*uj3 + 2 vj4i0*uj4\n      + 2 vj4i1*uj4 ]/2\nSubject To\n cons_server_load_0: vj0i0 + vj1i0 + vj2i0 + vj3i0 + vj4i0 >= 10\n cons_server_load_1: vj0i1 + vj1i1 + vj2i1 + vj3i1 + vj4i1 >= 10\n cons_first3vm_server_0: vj0i0 + vj1i0 + vj2i0 >= 11\n cons_first3vm_server_1: vj0i1 + vj1i1 + vj2i1 >= 11\n cons_server_on_0: si0 = 1\n cons_server_on_1: si1 = 1\n cons_vm_alloc_0: vj0i0 + vj0i1 <= 10\n cons_vm_alloc_1: vj1i0 + vj1i1 <= 11\n cons_vm_alloc_2: vj2i0 + vj2i1 <= 9\n cons_vm_alloc_3: vj3i0 + vj3i1 <= 8\n cons_vm_alloc_4: vj4i0 + vj4i1 <= 12\n cons_min_cpu_vm_0: uj0 >= 1\n cons_min_cpu_vm_1: uj1 >= 1\n cons_min_cpu_vm_2: uj2 >= 1\n cons_min_cpu_vm_3: uj3 >= 1\n cons_min_cpu_vm_4: uj4 >= 1\n\nBounds\n 0 <= si0 <= 1\n 0 <= si1 <= 1\n\nBinaries\n si0 si1\nEnd\n",
  "classic": {
    "objective": 24.0,
    "status": "INFEASIBLE",
    "x": [
      1.0,
      1.0,
      5.323900374931228,
      2.8171452782207105,
      2.8759683418767183,
      4.385108089654619,
      2.800131283192053,
      3.797746632124671,
      -3.7117231252414004e-18,
      -8.803333047652133e-22,
      -5.064441726648456e-18,
      -4.660162562408925e-18,
      1.0,
      1.0,
      1.0,
      1.0225049145429776,
      1.0760891308948621
    ],
    "residuals": [
      9.9999999999933e-05,
      0.0002460330592024469,
      9.999999999844602e-05,
      0.00015165187156125303,
      0.00015875209182355604,
      0.00015104784723976277,
      9.999999999988898e-05,
      0.0001915580046733129,
      0.0001,
      0.00015100720721761979,
      8.825243793787376e-05,
      0.00013115685814898352,
      0.00014639493353602363,
      9.999999999992095e-05,
      0.00016761927039373714,
      4.8776811030514864e-05,
      5.4398467263744634e-05,
      0.00011650653275198531,
      0.00018827477993243636,
      0.00010401319847025456,
      3.7287786892610436e-05,
      9.020763598537667e-05,
      7.80575534158128e-05,
      6.612641119177511e-05,
      0.00012126838466154424,
      0.00024249178885753594,
      0.00021591940272520623,
      9.347118925633615e-05,
      0.00011896074217153372,
      0.0002170289318919517,
      7.545113623483024e-05,
      0.0001698481326819295,
      7.322443038444334e-05,
      9.135790793010978e-05,
      2.796793941391448e-05,
      7.198584731565011e-05,
      0.00015130534487031684,
      5.3064757523486144e-05,
      6.744885207161083e-05,
      0.00010744375293753075,
      0.00015572206211881694,
      0.00014163206032220834,
      8.229247979178404e-05,
      0.00013521484443352984,
      0.00013009145560866525,
      2.441272861441195e-05,
      0.00010641995495035818,
      8.090471259941066e-05,
      0.00013000963731583424,
      8.761332274566177e-05,
      5.677569406237559e-05,
      0.00016079233279134327,
      0.00017104280779305033,
      9.905415680036836e-05,
      0.00013999874537178503,
      0.00021276282749256722,
      0.00016785534951775785,
      0.00018103050579569997,
      3.327805002744499e-05,
      0.0001689309204670525,
      0.00014335016250910306,
      0.00019987631730021508,
      0.00016556125384584432,
      7.250798177671033e-05,
      8.924045344011374e-05,
      0.00011034872313144827,
      0.00011804081642027417,
      0.00019756795531283475,
      7.505111531299527e-05,
      0.00023681322668096154,
      0.00023909338131483226,
      8.824815198557853e-05,
      0.00017266004838936333,
      0.00022834092939664965,
      0.000255133544806938,
      0.0001690939595621453,
      0.00017870824653072495,
      6.443491381928774e-05,
      6.073779742278194e-05,
      0.00014284546699773948,
      0.0002185198449100316,
      0.0001283525665039628,
      1.856014582085763e-05,
      5.352668530900964e-05,
      0.00010842154851634202,
      0.00010692451020578171,
      0.0002085616715193076,
      1.5958464174846453e-05,
      9.90358483173318e-05,
      7.726003201708063e-05,
      8.690040884108204e-05,
      9.224342121692227e-05,
      0.00011995546788548625,
      0.00011635171188226448,
      0.00016665623189818804,
      0.00016165199402382477,
      0.0001744409005064998,
      0.000177998036088488,
      0.00011562870719744291,
      0.00010057035729299274
    ],
    "duration_seconds": 205.64454790001037
  },
  "quantum": {
    "objective": 22.0,
    "status": "INFEASIBLE",
    "x": [
      0.0,
      0.0,
      3.7025204744132387,
      3.4762454802630334,
      3.7193154085414015,
      3.739180073591297,
      3.578164117045359,
      3.7845744461456703,
      -2.0275361010100445e-16,
      -2.178531192116013e-16,
      -2.1758038737989862e-16,
      -2.1103065147661763e-16,
      1.0,
      1.0,
      0.9999999999999999,
      1.21304380666173,
      1.0068169321461728
    ],
    "residuals": [
      0.0001
    ],
    "duration_seconds": 5.621993900014786
  },
  "combined_image": "q_20260323_151405_risultati.png"
}