{
  "script": "q",
  "meta": {
    "n_servers": 2,
    "n_vms": 4,
    "require_all_on": true
  },
  "input": {
    "pi": [
      1.0,
      1.0
    ],
    "pd": [
      1.0,
      1.0
    ],
    "capacities": [
      11,
      11
    ],
    "vm_allocation_limits": [
      8,
      9,
      12,
      10
    ],
    "min_cpu_per_vm": 1
  },
  "qp_lp": "\\ This file has been generated by DOcplex\n\\ ENCODING=ISO-8859-1\n\\Problem name: ex120_server\n\nMinimize\n obj: si0 + si1 + [ 2 vj0i0*uj0 + 2 vj0i1*uj0 + 2 vj1i0*uj1 + 2 vj1i1*uj1\n      + 2 vj2i0*uj2 + 2 vj2i1*uj2 + 2 vj3i0*uj3 + 2 vj3i1*uj3 ]/2\nSubject To\n cons_server_load_0: vj0i0 + vj1i0 + vj2i0 + vj3i0 >= 10\n cons_server_load_1: vj0i1 + vj1i1 + vj2i1 + vj3i1 >= 10\n cons_first3vm_server_0: vj0i0 + vj1i0 + vj2i0 >= 11\n cons_first3vm_server_1: vj0i1 + vj1i1 + vj2i1 >= 11\n cons_server_on_0: si0 = 1\n cons_server_on_1: si1 = 1\n cons_vm_alloc_0: vj0i0 + vj0i1 <= 8\n cons_vm_alloc_1: vj1i0 + vj1i1 <= 9\n cons_vm_alloc_2: vj2i0 + vj2i1 <= 12\n cons_vm_alloc_3: vj3i0 + vj3i1 <= 10\n cons_min_cpu_vm_0: uj0 >= 1\n cons_min_cpu_vm_1: uj1 >= 1\n cons_min_cpu_vm_2: uj2 >= 1\n cons_min_cpu_vm_3: uj3 >= 1\n\nBounds\n 0 <= si0 <= 1\n 0 <= si1 <= 1\n\nBinaries\n si0 si1\nEnd\n",
  "classic": {
    "objective": 24.0,
    "status": "INFEASIBLE",
    "x": [
      1.0,
      1.0,
      4.563014781979695,
      3.3563412117474405,
      2.1602885833353875,
      3.974599891652468,
      4.2766966346849165,
      3.669058896600093,
      -4.494603076712946e-20,
      -3.1514113073283e-17,
      1.0,
      1.0,
      1.0,
      1.1484331531265213
    ],
    "residuals": [
      9.9999999999933e-05,
      0.00014661373577289796,
      0.00015115561603162676,
      0.00011878055164542339,
      9.99999999999127e-05,
      0.0001068249416405108,
      9.999999999992801e-05,
      0.00012521827670290272,
      9.999999999979608e-05,
      0.00016780983645828457,
      0.00010758207734276532,
      0.0001490683869567621,
      0.0001,
      7.160589869733224e-05,
      0.00010000000000001803,
      0.0001160084641848471,
      9.999999999999999e-05,
      3.563789734484297e-05,
      0.00011103959487463563,
      0.0001,
      0.00011112041242253191,
      0.0001871355005154681,
      2.3931820639862385e-05,
      8.693523398311119e-05,
      0.00011123333535708063,
      0.00023278892821824816,
      0.00021661764378727588,
      7.192058959524082e-05,
      5.915523781196659e-05,
      0.00016741644178998503,
      5.222813524412709e-05,
      0.0002285360047542355,
      0.00016998371334956883,
      9.67041977704126e-05,
      0.00017167758964208488,
      2.853041383408896e-05,
      0.00023364164460230289,
      0.0001920806948489808,
      0.00021412348242980247,
      0.00016585077596138019,
      0.00022095151009489982,
      0.00010738312793368769,
      0.0002080276439342305,
      0.0001282477921921787,
      7.596990816758206e-05,
      2.9856504371528284e-05,
      3.929439632033176e-05,
      1.3021971096403207e-05,
      0.00013830651788149936,
      0.00013910005516833417,
      0.00018186124170065625,
      0.0001579858514600056,
      0.00010848561019969831,
      0.0001307874895249679,
      0.00011325625278062347,
      0.00011794862716310953,
      0.00013557306635063972,
      1.561180289565312e-05,
      0.00015648069355094624,
      0.00015528687252850084,
      0.00014188114881563652,
      7.145445031650937e-05,
      0.00011990825639022165,
      0.00014233260899583621,
      1.4004459649668544e-05,
      8.288355822555156e-05,
      0.0001273018349461606,
      0.00020555077390606495,
      5.1111681499759795e-05,
      0.00014638250060139448,
      0.0001341024902261111,
      0.00015047838865550955,
      0.0001833076230679019,
      0.00016119420855804445,
      0.00016468394676432408,
      5.105550579353763e-05,
      5.11252820599622e-05,
      0.00010240601469111978,
      0.00010249084789519933,
      0.00017620004674564506,
      6.664402745283142e-05,
      7.84158462117032e-05,
      0.00013512312384538053,
      0.00010622938011937418,
      6.986385333891418e-05,
      0.00017204548530363138,
      0.0001327329983250609,
      2.6442762429518596e-05,
      0.00018492463043863803,
      0.00018255614734346691,
      0.00014710298811823855,
      0.0001501915389901505,
      0.0001666741679020917,
      0.00012296485832456367,
      0.0001254863856916157,
      3.045423676113649e-05,
      2.9003312071330345e-05,
      0.00018477765055241447,
      8.614132226491755e-05,
      4.5105538048877685e-05
    ],
    "duration_seconds": 118.35131070000352
  },
  "quantum": {
    "objective": 21.999999999999996,
    "status": "INFEASIBLE",
    "x": [
      0.0,
      0.0,
      4.0247861372925575,
      3.975213862707446,
      3.396406562565806,
      3.1021353138984855,
      3.5788073001416363,
      3.922650823394065,
      1.1323476811830602e-21,
      -5.062997873912926e-17,
      1.0,
      0.9999999999999998,
      0.9999999999999999,
      1.2448279437844625
    ],
    "residuals": [
      9.999999999992612e-05
    ],
    "duration_seconds": 2.5552022000192665
  },
  "combined_image": "q_20260323_151028_risultati.png"
}