{
  "script": "q",
  "meta": {
    "n_servers": 2,
    "n_vms": 2,
    "require_all_on": true
  },
  "input": {
    "pi": [
      1.0,
      1.0
    ],
    "pd": [
      1.0,
      1.0
    ],
    "capacities": [
      11,
      11
    ],
    "vm_allocation_limits": [
      12,
      11
    ],
    "min_cpu_per_vm": 1
  },
  "qp_lp": "\\ This file has been generated by DOcplex\n\\ ENCODING=ISO-8859-1\n\\Problem name: ex120_server\n\nMinimize\n obj: si0 + si1 + [ 2 vj0i0*uj0 + 2 vj0i1*uj0 + 2 vj1i0*uj1 + 2 vj1i1*uj1 ]/2\nSubject To\n cons_server_load_0: vj0i0 + vj1i0 >= 10\n cons_server_load_1: vj0i1 + vj1i1 >= 10\n cons_first3vm_server_0: vj0i0 + vj1i0 >= 11\n cons_first3vm_server_1: vj0i1 + vj1i1 >= 11\n cons_server_on_0: si0 = 1\n cons_server_on_1: si1 = 1\n cons_vm_alloc_0: vj0i0 + vj0i1 <= 12\n cons_vm_alloc_1: vj1i0 + vj1i1 <= 11\n cons_min_cpu_vm_0: uj0 >= 1\n cons_min_cpu_vm_1: uj1 >= 1\n\nBounds\n 0 <= si0 <= 1\n 0 <= si1 <= 1\n\nBinaries\n si0 si1\nEnd\n",
  "classic": {
    "objective": 23.999999999999996,
    "status": "SUCCESS",
    "x": [
      1.0,
      1.0,
      6.267033114277022,
      5.732966885722979,
      4.732966885722977,
      5.26703311427702,
      1.0,
      1.0
    ],
    "residuals": [
      9.999999999999999e-05,
      7.79598437690118e-05,
      0.00019597840644020918,
      0.000137543594505884,
      9.999999999999999e-05,
      9.972878849721238e-05,
      0.00020869328989626485,
      9.764351783184743e-05,
      0.0001374668400101617,
      3.893172247800528e-05,
      0.00010833151995764213,
      0.00014813290120348107,
      9.999999999999999e-05,
      0.0001448756241319745,
      0.00021916561990695726,
      0.00016656175357993076,
      0.00010930117722571765,
      0.0001,
      8.865104457310764e-05,
      6.721827942278048e-05,
      0.00012866079443257347,
      0.00011065001835341957,
      2.1094981104874207e-05,
      2.2039942441505255e-05,
      0.0001105467137503247,
      7.878145876550421e-05,
      0.00013491818429975423,
      0.00021250896140384776,
      0.00014690972302275877,
      9.082108343326571e-06,
      0.00018549174611886496,
      6.932388910915846e-05,
      0.0002962784806914203,
      0.00022311572073002844,
      0.00012715335173632439,
      0.0001849471150504363,
      7.280704599732469e-05,
      0.000210507443307503,
      0.0001559662714497393,
      0.00013931918339370715,
      0.00018138805952875044,
      0.00016243977137965775,
      0.00018079741827467532,
      0.00021487480229729253,
      0.000181323640808111,
      2.9272568903264023e-05,
      0.00011464360359362526,
      0.00019732013873689265,
      0.00020528529523206984,
      7.521097961478536e-05,
      8.348567297641825e-05,
      0.00015037655257204934,
      0.00016600702601491104,
      8.340735479522896e-05,
      3.875323140469085e-05,
      0.00022541759398229008,
      9.138765890198851e-05,
      5.568015965890248e-05,
      0.00010102234325366724,
      5.842364869329907e-05,
      6.895248359517089e-05,
      0.00020349285945246777,
      0.00014709247318570365,
      0.0001417088564556609,
      0.00019641713298948742,
      0.00020166812648462408,
      0.00011411086354035987,
      0.00021778323115682901,
      0.00010543248797865682,
      0.00014815021906868585,
      0.00011143147315605521,
      0.00011793495102615297,
      9.99575306488416e-05,
      0.000190449937603897,
      6.344750454952493e-05,
      0.00019916051493718643,
      5.174849354829163e-05,
      0.00014207438987460592,
      0.00010161493930417007,
      0.00017130294728730407,
      8.981307745193927e-05,
      6.07218658517342e-05,
      5.2780058143501474e-05,
      9.414116518656184e-05,
      0.00016250349877054173,
      1.2070631003857894e-05,
      5.972764040210609e-05,
      0.00016109842040491553,
      0.00012850848018755657,
      9.142339478988173e-05,
      7.605598079157838e-05,
      4.4880066340043414e-05,
      0.0001604249166748293,
      0.0001047336949242784,
      9.814671068018002e-05,
      0.00012746701774167817,
      0.00020769551046076663,
      0.00013407676823445737,
      6.472591030512299e-05,
      5.433715778750009e-05
    ],
    "duration_seconds": 44.50268810000853
  },
  "quantum": {
    "objective": 22.0,
    "status": "INFEASIBLE",
    "x": [
      0.0,
      0.0,
      6.057565115764303,
      5.657059863187615,
      4.942434884235697,
      5.342940136812386,
      1.0,
      0.9999999999999999
    ],
    "residuals": [
      9.999999999991083e-05
    ],
    "duration_seconds": 3.5219504999986384
  },
  "combined_image": "q_20260323_150700_risultati.png"
}