{
  "script": "q",
  "meta": {
    "n_servers": 2,
    "n_vms": 1,
    "require_all_on": true
  },
  "input": {
    "pi": [
      1.0,
      1.0
    ],
    "pd": [
      1.0,
      1.0
    ],
    "capacities": [
      11,
      11
    ],
    "vm_allocation_limits": [
      10
    ],
    "min_cpu_per_vm": 1
  },
  "qp_lp": "\\ This file has been generated by DOcplex\n\\ ENCODING=ISO-8859-1\n\\Problem name: ex120_server\n\nMinimize\n obj: si0 + si1 + [ 2 vj0i0*uj0 + 2 vj0i1*uj0 ]/2\nSubject To\n cons_server_load_0: vj0i0 >= 10\n cons_server_load_1: vj0i1 >= 10\n cons_first3vm_server_0: vj0i0 >= 11\n cons_first3vm_server_1: vj0i1 >= 11\n cons_server_on_0: si0 = 1\n cons_server_on_1: si1 = 1\n cons_vm_alloc_0: vj0i0 + vj0i1 <= 10\n cons_min_cpu_vm_0: uj0 >= 1\n\nBounds\n 0 <= si0 <= 1\n 0 <= si1 <= 1\n\nBinaries\n si0 si1\nEnd\n",
  "classic": {
    "objective": 11.459784518470808,
    "status": "INFEASIBLE",
    "x": [
      1.0,
      1.0,
      7.0,
      7.0,
      0.6756988941764863
    ],
    "residuals": [
      0.10191509862408064,
      0.09096661876291812,
      0.42381780747358494,
      0.23519468283144096,
      0.01632149933380613,
      0.013357273188839716,
      0.06406797374761078,
      0.02839587379721798,
      0.005127339421466208,
      0.09452216400690874,
      0.08003056142531118,
      0.016119962061661337,
      0.0348145565003008,
      0.07962055975540985,
      0.13718978672000967,
      0.28112878802005675,
      0.1583227976964893,
      0.030061628799597513,
      0.03282419510575839,
      0.03249532452677557,
      0.02659146066829695,
      0.009526501945468769,
      0.04409502259789912,
      0.06429631106104729,
      0.04073700840293143,
      0.05599634050464333,
      0.023429043393167547,
      0.014594747008275054,
      0.03744505676863354,
      0.031234425705100356,
      0.028091883302698895,
      0.020062387833744182,
      0.019089714141949307,
      0.009384045699209663,
      0.010403243370288064,
      0.010059110678474844,
      0.002882565063915144,
      0.021723533986193647,
      0.01633667170739714,
      0.007619515483708955,
      0.005159119850527248,
      0.009714747335163282,
      0.011057004345908596,
      0.00853456953778548,
      0.0026876308388493206,
      0.0038217558409708923,
      0.004424930190677123,
      0.0022729518182406636,
      0.0015898957829703895,
      0.006091789869147951,
      0.0011201864665678755,
      0.0038259094881882916,
      0.0015600577841571185,
      0.002636943907702511,
      0.0005806904470147065,
      0.000799188062649975,
      0.00058318622627667,
      0.0009956399826927425,
      0.001844894145117257,
      0.0034724083286519197,
      0.001053003699797672,
      0.00014553984317874097,
      0.0001419416468913454,
      0.0005825957854620398,
      0.0013345628924047795,
      0.0017539514546346547,
      0.0006088475783562217,
      0.00039173840090884533,
      0.0002525518027000211,
      0.0006148681642999946,
      0.00011466542732943203,
      0.0004756189385162753,
      0.00016470309410016387,
      0.00022179890070456344,
      4.267728927083432e-05,
      5.095476301887767e-05,
      0.00011528982664962725,
      0.00011761150055829178,
      0.00017680670805283018,
      4.191082083351692e-05,
      4.785555223653722e-05,
      7.738650319844025e-05,
      1.925626146534106e-05,
      0.00014417319292283983,
      0.00022054074343955249,
      9.497418654933237e-05,
      0.0002016194335511686,
      0.0001197135702999924,
      5.868196565897372e-05,
      0.0001968787186687116,
      0.00023834825394129127,
      0.0002227843617876703,
      0.00014326350662022965,
      7.609703311319724e-05,
      0.000149750598558243,
      2.4747485725810368e-05,
      0.0001468993639017542,
      0.00018144175866171425,
      2.6199932875010626e-05,
      0.00010194219154624368
    ],
    "duration_seconds": 66.1444094000035
  },
  "quantum": {
    "objective": 3.0747168895392027,
    "status": "INFEASIBLE",
    "x": [
      0.0,
      0.0,
      7.0,
      7.0,
      0.21962263496708592
    ],
    "residuals": [
      0.03224665997388772,
      0.015102755731061956,
      0.0067309195019792595,
      0.0029426412684569483,
      0.002083941175069257,
      0.0015804648249384528,
      0.0004713721127274779,
      0.00034612854918359467,
      0.0005328254988899274,
      0.0005806438715637111,
      0.000852006182987879,
      0.00036987468132719146,
      0.00022616666328522005,
      0.0005880671511296583,
      0.0004835665633829639,
      0.0003189923097411822,
      0.00029528187356919826,
      0.00016548719036329348,
      0.00025757400895596964,
      0.0015409082948409341,
      0.0013028839448662522,
      0.00046556122262525387,
      0.00014448016979429215,
      0.0010208997106001584,
      0.0013309035918817333,
      0.001619555561082555,
      0.006471200603637805,
      0.00058757713461906,
      0.00041032520870951756,
      0.0004207190421757622,
      0.00021573124225641985,
      0.004241131401777204,
      0.000951615218225524,
      0.0004399627105652063,
      0.00041746029006475133,
      0.00014699376311286586,
      4.5472948875076623e-05
    ],
    "duration_seconds": 198.98793279999518
  },
  "combined_image": "q_20260323_150606_risultati.png"
}