{
  "script": "q",
  "meta": {
    "n_servers": 1,
    "n_vms": 3,
    "require_all_on": true
  },
  "input": {
    "pi": [
      1.0
    ],
    "pd": [
      1.0
    ],
    "capacities": [
      11
    ],
    "vm_allocation_limits": [
      11,
      10,
      12
    ],
    "min_cpu_per_vm": 1
  },
  "qp_lp": "\\ This file has been generated by DOcplex\n\\ ENCODING=ISO-8859-1\n\\Problem name: ex120_server\n\nMinimize\n obj: si0 + [ 2 vj0i0*uj0 + 2 vj1i0*uj1 + 2 vj2i0*uj2 ]/2\nSubject To\n cons_server_load_0: vj0i0 + vj1i0 + vj2i0 >= 10\n cons_first3vm_server_0: vj0i0 + vj1i0 + vj2i0 >= 11\n cons_server_on_0: si0 = 1\n cons_vm_alloc_0: vj0i0 <= 11\n cons_vm_alloc_1: vj1i0 <= 10\n cons_vm_alloc_2: vj2i0 <= 12\n cons_min_cpu_vm_0: uj0 >= 1\n cons_min_cpu_vm_1: uj1 >= 1\n cons_min_cpu_vm_2: uj2 >= 1\n\nBounds\n 0 <= si0 <= 1\n\nBinaries\n si0\nEnd\n",
  "classic": {
    "objective": 12.0,
    "status": "SUCCESS",
    "x": [
      1.0,
      4.530329107231463,
      3.041157529778304,
      3.428513362990234,
      1.0,
      1.0,
      1.0
    ],
    "residuals": [
      0.0001,
      4.1406549684086595e-05,
      0.00012205568624400485,
      9.999999999999999e-05,
      4.98953490677522e-05,
      0.00012197031751181042,
      0.0001,
      0.00012186221317532783,
      9.999999999999999e-05,
      0.00012168610582462555,
      0.0001,
      0.00012196848684330473,
      9.999999999999999e-05,
      5.6797195002722484e-05,
      0.0001,
      2.4783475707102016e-05,
      6.491734387438211e-05,
      0.00014457989638715373,
      5.0000000000238574e-05,
      4.081267322089113e-05,
      9.545378468343041e-05,
      2.2036409155767878e-17
    ],
    "duration_seconds": 9.12607709999429
  },
  "quantum": {
    "objective": 10.999999999999995,
    "status": "INFEASIBLE",
    "x": [
      0.0,
      5.041784879649396,
      3.105171313057742,
      2.853043807292859,
      1.0,
      1.0,
      0.9999999999999999
    ],
    "residuals": [
      9.999999999989078e-05
    ],
    "duration_seconds": 2.1358944999810774
  },
  "combined_image": "q_20260323_152337_risultati.png"
}