{
  "script": "q",
  "meta": {
    "n_servers": 1,
    "n_vms": 5,
    "require_all_on": true
  },
  "input": {
    "pi": [
      1.0
    ],
    "pd": [
      1.0
    ],
    "capacities": [
      11
    ],
    "vm_allocation_limits": [
      9,
      10,
      11,
      12,
      8
    ],
    "min_cpu_per_vm": 1
  },
  "qp_lp": "\\ This file has been generated by DOcplex\n\\ ENCODING=ISO-8859-1\n\\Problem name: ex120_server\n\nMinimize\n obj: si0 + [ 2 vj0i0*uj0 + 2 vj1i0*uj1 + 2 vj2i0*uj2 + 2 vj3i0*uj3\n      + 2 vj4i0*uj4 ]/2\nSubject To\n cons_server_load_0: vj0i0 + vj1i0 + vj2i0 + vj3i0 + vj4i0 >= 10\n cons_first3vm_server_0: vj0i0 + vj1i0 + vj2i0 >= 11\n cons_server_on_0: si0 = 1\n cons_vm_alloc_0: vj0i0 <= 9\n cons_vm_alloc_1: vj1i0 <= 10\n cons_vm_alloc_2: vj2i0 <= 11\n cons_vm_alloc_3: vj3i0 <= 12\n cons_vm_alloc_4: vj4i0 <= 8\n cons_min_cpu_vm_0: uj0 >= 1\n cons_min_cpu_vm_1: uj1 >= 1\n cons_min_cpu_vm_2: uj2 >= 1\n cons_min_cpu_vm_3: uj3 >= 1\n cons_min_cpu_vm_4: uj4 >= 1\n\nBounds\n 0 <= si0 <= 1\n\nBinaries\n si0\nEnd\n",
  "classic": {
    "objective": 12.0,
    "status": "INFEASIBLE",
    "x": [
      1.0,
      4.532492703859938,
      3.233859150792224,
      3.2336481453478383,
      2.2893096264879788e-20,
      -2.9560251752986296e-17,
      1.0,
      1.0,
      1.0,
      1.0,
      1.0
    ],
    "residuals": [
      0.0001,
      0.00015626351396002002,
      0.00010000000000000002,
      0.00010440395484522255,
      9.999999999999999e-05,
      8.989687267112476e-05,
      0.0001,
      1.6880623332948735e-05,
      0.00016768919266262349,
      0.00010000000000000002,
      7.67692007003328e-05,
      0.0001219702563965864,
      4.984165386999759e-05,
      9.999999999999999e-05,
      0.00011348074617222323,
      0.0001,
      4.2786438828357394e-05,
      4.2743486927132506e-05,
      4.102824367566724e-05,
      2.5279535488931164e-05,
      8.268639991060143e-06,
      2.076351099054559e-07
    ],
    "duration_seconds": 20.81881979998434
  },
  "quantum": {
    "objective": 11.0,
    "status": "INFEASIBLE",
    "x": [
      0.0,
      4.057481992830482,
      3.425769836842641,
      3.516748170326877,
      1.2480426533021958e-17,
      -1.2502794630497831e-21,
      1.0,
      1.0,
      1.0,
      1.0,
      1.394971607967518
    ],
    "residuals": [
      9.999999999999899e-05
    ],
    "duration_seconds": 2.749006800004281
  },
  "combined_image": "q_20260323_150105_risultati.png"
}