{
  "script": "q",
  "meta": {
    "n_servers": 1,
    "n_vms": 4,
    "require_all_on": true
  },
  "input": {
    "pi": [
      1.0
    ],
    "pd": [
      1.0
    ],
    "capacities": [
      11
    ],
    "vm_allocation_limits": [
      9,
      11,
      8,
      12
    ],
    "min_cpu_per_vm": 1
  },
  "qp_lp": "\\ This file has been generated by DOcplex\n\\ ENCODING=ISO-8859-1\n\\Problem name: ex120_server\n\nMinimize\n obj: si0 + [ 2 vj0i0*uj0 + 2 vj1i0*uj1 + 2 vj2i0*uj2 + 2 vj3i0*uj3 ]/2\nSubject To\n cons_server_load_0: vj0i0 + vj1i0 + vj2i0 + vj3i0 >= 10\n cons_first3vm_server_0: vj0i0 + vj1i0 + vj2i0 >= 11\n cons_server_on_0: si0 = 1\n cons_vm_alloc_0: vj0i0 <= 9\n cons_vm_alloc_1: vj1i0 <= 11\n cons_vm_alloc_2: vj2i0 <= 8\n cons_vm_alloc_3: vj3i0 <= 12\n cons_min_cpu_vm_0: uj0 >= 1\n cons_min_cpu_vm_1: uj1 >= 1\n cons_min_cpu_vm_2: uj2 >= 1\n cons_min_cpu_vm_3: uj3 >= 1\n\nBounds\n 0 <= si0 <= 1\n\nBinaries\n si0\nEnd\n",
  "classic": {
    "objective": 12.0,
    "status": "INFEASIBLE",
    "x": [
      1.0,
      4.356383767443316,
      3.7271487137071375,
      2.916467518849548,
      -5.440798605314185e-18,
      1.0,
      1.0,
      1.0,
      1.0
    ],
    "residuals": [
      0.0001,
      0.00014999999999997248,
      9.999999999999999e-05,
      5.585937499997798e-05,
      0.00010623788372720054,
      9.859957813075351e-05,
      0.0001455976255112402,
      9.999999999999999e-05,
      0.00012193192295905107,
      9.999999999999999e-05,
      0.00010049461672322355,
      9.999999999999999e-05,
      9.66592542064216e-05,
      4.9999999999983475e-05,
      9.999999999999999e-05,
      0.0001,
      0.00015094722459761965,
      0.0001,
      2.184070911135386e-05,
      6.652879403832318e-05,
      9.248778962791507e-05,
      8.340316256803002e-05,
      5.2383172588943343e-05,
      2.759730486021647e-05,
      0.0001997573448354826,
      0.0002,
      0.00019583424592353163,
      0.0002,
      0.00022552101398400898,
      0.0002,
      0.00017046721336556596,
      0.00019999999999999998,
      3.23197126806061e-05,
      3.080266167334575e-05,
      0.00021118593895698136,
      5.859374999983471e-06,
      5.526185872917102e-06,
      0.0002,
      0.00025302100605985024,
      0.00019999999999999998,
      0.00019901690692604158,
      0.0002,
      2.6314857769848903e-05,
      0.00018061356057543762,
      0.0002,
      0.00022894328637302887,
      0.0002,
      7.091218537704511e-07
    ],
    "duration_seconds": 34.23734359999071
  },
  "quantum": {
    "objective": 11.0,
    "status": "INFEASIBLE",
    "x": [
      0.0,
      3.559479274371149,
      3.05225644767511,
      4.38826427795374,
      4.601113361259438e-22,
      0.9999999999999998,
      0.9999999999999998,
      1.0000000000000002,
      1.3699593299348922
    ],
    "residuals": [
      0.0001
    ],
    "duration_seconds": 3.395476699981373
  },
  "combined_image": "q_20260323_150035_risultati.png"
}