{
  "script": "q",
  "meta": {
    "n_servers": 2,
    "n_vms": 3,
    "require_all_on": true
  },
  "input": {
    "pi": [
      1.0,
      1.0
    ],
    "pd": [
      1.0,
      1.0
    ],
    "capacities": [
      11,
      11
    ],
    "vm_allocation_limits": [
      9,
      8,
      12
    ],
    "min_cpu_per_vm": 1
  },
  "qp_lp": "\\ This file has been generated by DOcplex\n\\ ENCODING=ISO-8859-1\n\\Problem name: ex120_server\n\nMinimize\n obj: si0 + si1 + [ 2 vj0i0*uj0 + 2 vj0i1*uj0 + 2 vj1i0*uj1 + 2 vj1i1*uj1\n      + 2 vj2i0*uj2 + 2 vj2i1*uj2 ]/2\nSubject To\n cons_server_load_0: vj0i0 + vj1i0 + vj2i0 >= 10\n cons_server_load_1: vj0i1 + vj1i1 + vj2i1 >= 10\n cons_first3vm_server_0: vj0i0 + vj1i0 + vj2i0 >= 11\n cons_first3vm_server_1: vj0i1 + vj1i1 + vj2i1 >= 11\n cons_server_on_0: si0 = 1\n cons_server_on_1: si1 = 1\n cons_vm_alloc_0: vj0i0 + vj0i1 <= 9\n cons_vm_alloc_1: vj1i0 + vj1i1 <= 8\n cons_vm_alloc_2: vj2i0 + vj2i1 <= 12\n cons_min_cpu_vm_0: uj0 >= 1\n cons_min_cpu_vm_1: uj1 >= 1\n cons_min_cpu_vm_2: uj2 >= 1\n\nBounds\n 0 <= si0 <= 1\n 0 <= si1 <= 1\n\nBinaries\n si0 si1\nEnd\n",
  "classic": {
    "objective": 24.0,
    "status": "SUCCESS",
    "x": [
      1.0,
      1.0,
      4.05324743762481,
      3.6921893325495647,
      3.469112359780138,
      3.6552191397428535,
      3.4776402025950515,
      3.6525915277075827,
      1.0,
      1.0,
      1.0
    ],
    "residuals": [
      0.00010000000000003902,
      0.00018689393461387754,
      0.0001327994445073511,
      0.0002191998314071622,
      0.0001563287914854688,
      9.999999999999999e-05,
      0.0001,
      0.00017039323131792198,
      6.897150574317782e-05,
      0.00010167539810892333,
      9.999999999990511e-05,
      9.3865183334242e-05,
      2.2957856716854912e-05,
      7.175355318465497e-05,
      0.0001287046784077538,
      6.397399145215663e-05,
      0.00025145185585685894,
      0.00014722060625456734,
      9.999999999988932e-05,
      0.00013737241575703738,
      0.0001,
      0.00010928055656934069,
      8.350836951614201e-05,
      5.333778254390157e-05,
      8.237299508947008e-05,
      5.475166908530182e-05,
      0.00012816206913581832,
      0.00021609644554356527,
      0.00028837176703644623,
      0.00020401294915038388,
      5.975866961249244e-05,
      0.00012377320462144426,
      0.00020159369575029987,
      0.00030185828465774297,
      0.00013342532027775606,
      0.00013661260462733248,
      3.846249141593486e-05,
      0.0001300255195912607,
      8.510788952822632e-05,
      6.644970770479663e-05,
      2.623397364122341e-05,
      0.00014411575394180533,
      0.00014714566365836245,
      7.32068286803729e-05,
      1.8038030413873323e-05,
      5.7855438570283294e-05,
      0.00015580878260454788,
      0.0001288526302320161,
      4.624066888453263e-05,
      0.00015772728210926537,
      0.0001950835827865748,
      0.00019940403566579923,
      0.00019627458129933142,
      0.0001627351478377173,
      0.00012296015081780099,
      0.0002555492634635794,
      0.00011339018947774426,
      4.775823159119869e-05,
      0.00010558248029984855,
      0.00018118493604812218,
      0.0001406167975304238,
      0.00011663783636817666,
      3.1996926718072374e-05,
      0.00018501869476809552,
      4.384227557310102e-05,
      0.00018341792573661403,
      0.00017327502188934404,
      6.12826044240848e-05,
      0.00017309743309921506,
      0.00011588463260285332,
      0.00015451600107516196,
      4.3451268824213826e-05,
      0.00016298628758745374,
      7.980049528430204e-05,
      3.763023033385865e-05,
      0.00014672754195872888,
      0.0001588789656732931,
      5.735227202580314e-05,
      0.00015609297275128085,
      0.00015986081037204248,
      7.667620301986651e-05,
      0.00018083154497563613,
      8.249089416820623e-05,
      0.00012352373406208643,
      0.00011308769167476271,
      0.00019511626075195088,
      0.00013792573466192966,
      0.00013596680264074508,
      0.00016153809201727168,
      0.00014480060437979659,
      6.517675770867446e-05,
      0.00013642507796438562,
      0.00013933547696289258,
      0.00010879081122304724,
      0.00014802520720984025,
      0.00019302493912293122,
      0.0002447536861246055,
      8.539534383439613e-05,
      2.0656665047903568e-05,
      0.00017670692560182668
    ],
    "duration_seconds": 69.09435759999906
  },
  "quantum": {
    "objective": 22.0,
    "status": "INFEASIBLE",
    "x": [
      0.0,
      0.0,
      3.674571744217635,
      3.6890701502179866,
      3.6851857218036477,
      3.653622311537307,
      3.6402425339787183,
      3.657307538244706,
      0.9999999999999999,
      1.0,
      0.9999999999999999
    ],
    "residuals": [
      0.00010000000000007002,
      9.999999999992265e-05
    ],
    "duration_seconds": 5.242105999990599
  },
  "combined_image": "q_20260323_150821_risultati.png"
}