{
  "script": "q",
  "meta": {
    "n_servers": 3,
    "n_vms": 3,
    "require_all_on": true
  },
  "input": {
    "pi": [
      1.0,
      1.0,
      1.0
    ],
    "pd": [
      1.0,
      1.0,
      1.0
    ],
    "capacities": [
      11,
      11,
      11
    ],
    "vm_allocation_limits": [
      10,
      9,
      11
    ],
    "min_cpu_per_vm": 1
  },
  "qp_lp": "\\ This file has been generated by DOcplex\n\\ ENCODING=ISO-8859-1\n\\Problem name: qiskit_server\n\nMinimize\n obj: si0 + si1 + si2 + [ 2 vj0i0*uj0 + 2 vj0i1*uj0 + 2 vj0i2*uj0 + 2 vj1i0*uj1\n      + 2 vj1i1*uj1 + 2 vj1i2*uj1 + 2 vj2i0*uj2 + 2 vj2i1*uj2 + 2 vj2i2*uj2 ]/2\nSubject To\n cons_server_load_0: vj0i0 + vj1i0 + vj2i0 >= 10\n cons_server_load_1: vj0i1 + vj1i1 + vj2i1 >= 10\n cons_server_load_2: vj0i2 + vj1i2 + vj2i2 >= 10\n cons_first3vm_server_0: vj0i0 + vj1i0 + vj2i0 >= 11\n cons_first3vm_server_1: vj0i1 + vj1i1 + vj2i1 >= 11\n cons_first3vm_server_2: vj0i2 + vj1i2 + vj2i2 >= 11\n cons_server_on_0: si0 = 1\n cons_server_on_1: si1 = 1\n cons_server_on_2: si2 = 1\n cons_vm_alloc_0: vj0i0 + vj0i1 + vj0i2 <= 10\n cons_vm_alloc_1: vj1i0 + vj1i1 + vj1i2 <= 9\n cons_vm_alloc_2: vj2i0 + vj2i1 + vj2i2 <= 11\n cons_min_cpu_vm_0: uj0 >= 1\n cons_min_cpu_vm_1: uj1 >= 1\n cons_min_cpu_vm_2: uj2 >= 1\n\nBounds\n 0 <= si0 <= 1\n 0 <= si1 <= 1\n 0 <= si2 <= 1\n\nBinaries\n si0 si1 si2\nEnd\n",
  "classic": {
    "objective": 30.863206744238234,
    "status": "INFEASIBLE",
    "x": [
      1.0,
      1.0,
      1.0,
      2.835724237782401,
      4.587223580825392,
      3.0770521813922063,
      3.3636412419895567,
      2.6664263658449756,
      3.4699323921654672,
      4.300634520228042,
      3.2463500533296323,
      3.9530154264423265,
      0.6312781110197154,
      0.7714265064477515,
      1.2092378058502247
    ],
    "residuals": [
      0.1615581021892124,
      0.13718771246900216,
      0.2032666169725802,
      0.15855801660046048,
      0.051246918088395606,
      0.0995000609858656,
      0.12073207803234667,
      0.039118357728253124,
      0.022584303442720513,
      0.01940698779398277,
      0.02920161202882316,
      0.08067937488560396,
      0.08248862528903816,
      0.03713706167002722,
      0.012322258946302614,
      0.025043253681037783,
      0.010606829410265767,
      0.01939202838941758,
      0.0055559198039658204,
      0.0029388972218033784,
      0.004926001321064634,
      0.013209227791173193,
      0.007808672100988948,
      0.005002822183864928,
      0.007183352900006854,
      0.006551971645513854,
      0.0035143524368508082,
      0.0017580677353051571,
      0.0015799739696067464,
      0.0009344750171253353,
      0.0002476262493583961,
      0.00011239619839266132,
      0.0019226021344392692,
      0.0007533050046959461,
      0.0006880417350335432,
      0.0004308219409793472,
      0.0005734625012662098,
      0.0013985789596591034,
      0.0004413844714900597,
      0.0002804482955894751,
      0.0003545742375559995,
      0.0004198302465983891,
      0.00012156561575391275,
      0.0001177978481018594,
      8.166938300307997e-05,
      0.00012312376433139412,
      9.532861169890121e-05,
      7.392238854595688e-05,
      0.00016005392665638323,
      0.00024331771977403007,
      0.00021339899242784767,
      0.00019853821127186155,
      0.0001822123228506177,
      7.485567564471558e-05,
      0.00016620322759051715,
      0.0002487092543010027,
      0.00020953391874458098,
      0.00017445931101919653,
      0.00015240271845929986,
      0.0001064005256233715,
      0.00015132363617922944,
      0.00013562014928989341,
      8.92754642732488e-05,
      0.00010825277789494978,
      0.00012059046307715732,
      0.00013771683191710383,
      0.00016807045431710917,
      0.00018100281580795639,
      0.0002340798665480877,
      0.00022905585773404943,
      0.00011833569398684917,
      0.0001069777255815489,
      0.00020865041119335752,
      0.0001854957556832473,
      0.00018578866953799418,
      4.5413812060487654e-05,
      4.913593455360612e-05,
      0.00019110402286893376,
      0.00014554361948225365,
      9.299008129327235e-05,
      0.00010441730512299421,
      9.615501524526918e-05,
      6.51013563320967e-05,
      9.237072404735363e-05,
      5.298118451580618e-05,
      0.00016571762919342882,
      7.014065776808058e-05,
      0.00011897881483358813,
      7.149866714604415e-05,
      0.0001024965496049622,
      0.00011768020617904611,
      0.00013075582339173005,
      4.148928398366356e-05,
      0.00014420204129541643,
      8.289954059072799e-05,
      4.6299671098070587e-05,
      0.00012380070303967403,
      0.00011671926258976203,
      0.00012209618782692999,
      7.941514107874586e-05
    ],
    "duration_seconds": 147.87568229995668
  },
  "quantum": {
    "objective": 25.076845294856696,
    "status": "INFEASIBLE",
    "x": [
      0.0,
      0.0,
      0.0,
      3.4578657320901645,
      3.4689161606734413,
      3.573218107236396,
      3.3106653866606433,
      3.2510072291001597,
      2.938327384239198,
      3.7314688812491914,
      3.7800766102264003,
      3.988454508524408,
      0.5794139725764664,
      0.5001858157350505,
      1.2383681159409405
    ],
    "residuals": [
      0.016813269072437843,
      0.008233438153070972,
      0.035920590051871946,
      0.017797927655078743,
      0.05871532034309396,
      0.01688863940803602,
      0.004324775148458707,
      0.001148120089956196,
      0.00039838097871343673,
      0.00014170591477664945,
      0.00015570070466991483,
      0.00013712262195768551,
      0.008293007267693542,
      0.005106398643575285,
      0.00518858485646041,
      0.0021996534756745403,
      0.00690093039805873,
      0.0025071813792392358,
      0.00426512666901166,
      0.0013157736319459787,
      0.0008588584554872037,
      0.001748857045844453,
      0.0006735613366243767,
      0.0005223255675039543,
      0.0007537314461727787,
      0.0008594040525142053,
      0.0002577505874503158,
      0.0003105632530567158,
      0.0005102394531327174,
      0.0005263523626011621,
      0.0003129279356841715,
      0.00013077458383243143,
      0.00044803042651632484,
      0.00028586154146966044,
      0.00021054754947230178,
      0.00017392644408114268,
      0.00015914277080208473,
      0.00014746758899897346,
      0.00011112326356414172,
      0.0001972523820146974,
      0.00016634065012801247,
      0.0001105325271940373,
      0.00010936343503497681,
      0.00012340900415298993,
      0.000149929671398558,
      0.00021202115711010426,
      0.00017089649125855236,
      7.04545041767406e-05
    ],
    "duration_seconds": 714.280062899983
  },
  "combined_image": "q_20260324_101928_results.png"
}