{
  "script": "q",
  "meta": {
    "n_servers": 4,
    "n_vms": 6,
    "require_all_on": true
  },
  "input": {
    "pi": [
      1.0,
      1.0,
      1.0,
      1.0
    ],
    "pd": [
      1.0,
      1.0,
      1.0,
      1.0
    ],
    "capacities": [
      11,
      11,
      11,
      10
    ],
    "vm_allocation_limits": [
      12,
      10,
      9,
      8,
      11,
      10
    ],
    "min_cpu_per_vm": 1
  },
  "qp_lp": "\\ This file has been generated by DOcplex\n\\ ENCODING=ISO-8859-1\n\\Problem name: qiskit_server\n\nMinimize\n obj: si0 + si1 + si2 + si3 + [ 2 vj0i0*uj0 + 2 vj0i1*uj0 + 2 vj0i2*uj0\n      + 2 vj0i3*uj0 + 2 vj1i0*uj1 + 2 vj1i1*uj1 + 2 vj1i2*uj1 + 2 vj1i3*uj1\n      + 2 vj2i0*uj2 + 2 vj2i1*uj2 + 2 vj2i2*uj2 + 2 vj2i3*uj2 + 2 vj3i0*uj3\n      + 2 vj3i1*uj3 + 2 vj3i2*uj3 + 2 vj3i3*uj3 + 2 vj4i0*uj4 + 2 vj4i1*uj4\n      + 2 vj4i2*uj4 + 2 vj4i3*uj4 + 2 vj5i0*uj5 + 2 vj5i1*uj5 + 2 vj5i2*uj5\n      + 2 vj5i3*uj5 ]/2\nSubject To\n cons_server_load_0: vj0i0 + vj1i0 + vj2i0 + vj3i0 + vj4i0 + vj5i0 >= 10\n cons_server_load_1: vj0i1 + vj1i1 + vj2i1 + vj3i1 + vj4i1 + vj5i1 >= 10\n cons_server_load_2: vj0i2 + vj1i2 + vj2i2 + vj3i2 + vj4i2 + vj5i2 >= 10\n cons_server_load_3: vj0i3 + vj1i3 + vj2i3 + vj3i3 + vj4i3 + vj5i3 >= 9\n cons_first3vm_server_0: vj0i0 + vj1i0 + vj2i0 >= 11\n cons_first3vm_server_1: vj0i1 + vj1i1 + vj2i1 >= 11\n cons_first3vm_server_2: vj0i2 + vj1i2 + vj2i2 >= 11\n cons_server_on_0: si0 = 1\n cons_server_on_1: si1 = 1\n cons_server_on_2: si2 = 1\n cons_server_on_3: si3 = 1\n cons_vm_alloc_0: vj0i0 + vj0i1 + vj0i2 + vj0i3 <= 12\n cons_vm_alloc_1: vj1i0 + vj1i1 + vj1i2 + vj1i3 <= 10\n cons_vm_alloc_2: vj2i0 + vj2i1 + vj2i2 + vj2i3 <= 9\n cons_vm_alloc_3: vj3i0 + vj3i1 + vj3i2 + vj3i3 <= 8\n cons_vm_alloc_4: vj4i0 + vj4i1 + vj4i2 + vj4i3 <= 11\n cons_vm_alloc_5: vj5i0 + vj5i1 + vj5i2 + vj5i3 <= 10\n cons_min_cpu_vm_0: uj0 >= 1\n cons_min_cpu_vm_1: uj1 >= 1\n cons_min_cpu_vm_2: uj2 >= 1\n cons_min_cpu_vm_3: uj3 >= 1\n cons_min_cpu_vm_4: uj4 >= 1\n cons_min_cpu_vm_5: uj5 >= 1\n\nBounds\n 0 <= si0 <= 1\n 0 <= si1 <= 1\n 0 <= si2 <= 1\n 0 <= si3 <= 1\n\nBinaries\n si0 si1 si2 si3\nEnd\n",
  "classic": {
    "objective": 54.49905933447252,
    "status": "INFEASIBLE",
    "x": [
      1.0,
      1.0,
      1.0,
      1.0,
      4.8574325858414,
      3.595461332702856,
      3.9915505259001893,
      -0.22222222222221924,
      3.0126498571020965,
      3.7999472776284686,
      3.6318473097138866,
      -0.22222222222221924,
      2.907695334834281,
      3.3823691674464507,
      3.154379942163708,
      -0.22222222222221924,
      0.7358208482883459,
      1.265492209983044,
      -0.10257706896032502,
      3.7298124941671977,
      0.07597342617752686,
      0.8260207935626086,
      0.1883584891269956,
      2.0953699248913202,
      -0.1978345526941707,
      0.4616688389341064,
      0.7545465085562462,
      3.8887160946305657,
      0.9361024451442752,
      0.985666923983057,
      1.095981077611439,
      1.4349214103614751,
      1.7628988582364407,
      1.0560395359781312
    ],
    "residuals": [
      0.05744043929181403,
      0.04031741912880354,
      0.07268675170461603,
      0.13338992561816282,
      0.12973161835082744,
      0.03894087980199792,
      0.03961068971300285,
      0.024965378147976558,
      0.023596734767509987,
      0.030319872644953914,
      0.03506915535736893,
      0.10323804931372871,
      0.07885821394777155,
      0.07414863933071122,
      0.02345979891088381,
      0.014412747265200069,
      0.004447526905847041,
      0.0069345000993968,
      0.00699443441402477,
      0.010267697363309814,
      0.005378161569337513,
      0.0019823243681452874,
      0.005442196397025452,
      0.005550115820704558,
      0.19859357111143397,
      0.08681757814971708,
      0.03879884876531673,
      0.019299581488499255,
      0.008105320261270976,
      0.0062323120470638114,
      0.0043335330382895726,
      0.0014375106683740537,
      0.0018286060248194774,
      0.001529089156141931,
      0.001382677830919139,
      0.0010495553296594083,
      0.0004737036059467652,
      0.0007130967919325797,
      0.00039562170205451,
      0.0003905277468929886,
      0.0004510798678966254,
      0.00035407075255083215,
      0.0004531707353841631,
      0.00017978640664113082,
      0.00017642828663294488,
      0.00027827092994321147,
      0.00017596692534635724,
      0.00022938304403300784,
      0.0002221599218613199,
      0.00013983598426068445,
      0.00018308675137950197,
      0.00017657753271630268,
      0.0001777242751793897,
      0.0001900273295372999,
      0.00016006022668911714,
      9.728781229080864e-05,
      0.00019693295482917818,
      6.806379384578218e-05,
      8.84291427781256e-05,
      0.0024060527189813134,
      0.0001640071349367186,
      0.0003503118394814736,
      0.004537665398598206,
      0.00024709611208710607,
      0.0001402283304159572,
      0.00017155906814903874,
      0.0006057523280364804,
      8.031049972532646e-05,
      0.00012974078888017832,
      0.000134311232784827,
      0.00011816761066026493,
      0.00012041084865483978,
      6.709526237735885e-05,
      0.00010741424497963353,
      0.00010845217972532787,
      0.00016020259368170245,
      0.0001630389933811347,
      7.46868962209578e-05,
      7.855099453624474e-05,
      8.105534333138596e-05,
      6.89251085616465e-05,
      5.941270305650402e-05,
      0.00011477660798437384,
      7.259974434632561e-05,
      0.0001222475532577625,
      0.00016930493513144564,
      0.0001738435558220184,
      0.00017460147776957193,
      0.00010394704930951593,
      0.00018417764658805325,
      1.4590947923048721e-05,
      0.00013499637172371964,
      0.00014744997365041996,
      3.325139695048727e-06,
      4.9993125422670073e-05,
      9.770031102421279e-05,
      0.00010397022705189325,
      8.225181039690493e-05,
      0.00011036278679200162,
      7.435432995449222e-05
    ],
    "duration_seconds": 753.7753212999669
  },
  "quantum": {
    "objective": 55.48019642069142,
    "status": "INFEASIBLE",
    "x": [
      1.0,
      0.0,
      1.0,
      0.0,
      3.7465463381245874,
      4.427074856411926,
      4.270823249907921,
      -0.22222222222221688,
      3.4819989959385795,
      3.4152574390242894,
      3.547188009481585,
      -0.22222222222221694,
      3.549232443714608,
      2.935445482341562,
      2.9597665183882733,
      -0.22222222222221694,
      0.32006470133549597,
      0.5041978400006294,
      -0.20555180358580152,
      3.107753394289944,
      -0.06975219901936362,
      -0.09021200906185405,
      -0.08522850310858715,
      3.1274006497226057,
      -0.11518304741773482,
      -0.06925326807775772,
      0.5757759161148565,
      3.863371073900844,
      0.9080084255949565,
      1.0882489984018073,
      1.778685478621589,
      1.0331208346769412,
      1.2891120170000185,
      1.7132030249358992
    ],