{
  "script": "q",
  "meta": {
    "n_servers": 2,
    "n_vms": 4,
    "require_all_on": true
  },
  "input": {
    "pi": [
      1.0,
      1.0
    ],
    "pd": [
      1.0,
      1.0
    ],
    "capacities": [
      11,
      11
    ],
    "vm_allocation_limits": [
      10,
      11,
      9,
      12
    ],
    "min_cpu_per_vm": 1
  },
  "qp_lp": "\\ This file has been generated by DOcplex\n\\ ENCODING=ISO-8859-1\n\\Problem name: qiskit_server\n\nMinimize\n obj: si0 + si1 + [ 2 vj0i0*uj0 + 2 vj0i1*uj0 + 2 vj1i0*uj1 + 2 vj1i1*uj1\n      + 2 vj2i0*uj2 + 2 vj2i1*uj2 + 2 vj3i0*uj3 + 2 vj3i1*uj3 ]/2\nSubject To\n cons_server_load_0: vj0i0 + vj1i0 + vj2i0 + vj3i0 >= 10\n cons_server_load_1: vj0i1 + vj1i1 + vj2i1 + vj3i1 >= 10\n cons_first3vm_server_0: vj0i0 + vj1i0 + vj2i0 >= 11\n cons_first3vm_server_1: vj0i1 + vj1i1 + vj2i1 >= 11\n cons_server_on_0: si0 = 1\n cons_server_on_1: si1 = 1\n cons_vm_alloc_0: vj0i0 + vj0i1 <= 10\n cons_vm_alloc_1: vj1i0 + vj1i1 <= 11\n cons_vm_alloc_2: vj2i0 + vj2i1 <= 9\n cons_vm_alloc_3: vj3i0 + vj3i1 <= 12\n cons_min_cpu_vm_0: uj0 >= 1\n cons_min_cpu_vm_1: uj1 >= 1\n cons_min_cpu_vm_2: uj2 >= 1\n cons_min_cpu_vm_3: uj3 >= 1\n\nBounds\n 0 <= si0 <= 1\n 0 <= si1 <= 1\n\nBinaries\n si0 si1\nEnd\n",
  "classic": {
    "objective": 24.0,
    "status": "INFEASIBLE",
    "x": [
      1.0,
      1.0,
      3.724224872906411,
      3.2821914536565577,
      3.8739347568803217,
      4.176555140777592,
      3.401840370213268,
      3.54125340556585,
      -8.760452031781946e-21,
      -2.1287235787496895e-17,
      1.0,
      1.0,
      1.0,
      1.0000326776170347
    ],
    "residuals": [
      9.999999999999999e-05,
      0.00011138826317578332,
      7.687289454965032e-05,
      0.00016831459406266416,
      0.00010000410359668048,
      0.00010000000000000003,
      0.0001390578909263705,
      7.55679942101034e-05,
      0.0001593888836610337,
      0.0001638601745921346,
      0.00011302171875371975,
      0.0001,
      8.564580077150782e-05,
      0.000207310225182046,
      5.966168250734732e-05,
      0.00013314897769062622,
      9.999999999990775e-05,
      0.00013906382156521693,
      8.334028105460263e-05,
      0.00017443604867479017,
      0.00023594732932425753,
      0.0001933336224262537,
      4.2473922160988736e-05,
      6.427659690444923e-05,
      4.826607653224101e-05,
      0.00021446193084822233,
      0.00019657366872770571,
      0.00022263723633199827,
      0.00021282739034524244,
      0.0001028796297087221,
      5.366269568855194e-05,
      9.428885501783254e-05,
      0.0001404420758567256,
      3.3859603231523525e-05,
      0.00019503566275438588,
      0.0001292070759866925,
      6.387849626321124e-05,
      0.0002216051825987198,
      9.977877632888949e-05,
      3.825972106898978e-05,
      9.816859023156597e-05,
      0.0001861291209696841,
      0.00018114342788131825,
      0.0001827833753048151,
      0.00018312845289345542,
      0.00020966173498837863,
      0.0001750450613745317,
      0.00011260050997931849,
      0.0002101948616899264,
      0.00020402841250638916,
      6.473012207027222e-05,
      8.436426938565248e-05,
      0.00015291655328681628,
      0.0001221525390260862,
      0.00015764861816195037,
      3.960364198986476e-05,
      0.0001536094210377904,
      1.6508415100871914e-05,
      8.871662694452166e-05,
      4.9247776621827616e-05,
      8.566893248739303e-05,
      2.30927940564563e-05,
      8.361330257876413e-05,
      0.00018890079059220583,
      0.00011419649314779078,
      0.00013273345784053437,
      0.00014537362281049604,
      9.698609706335469e-05,
      0.00019007095711639954,
      0.0002294642352489624,
      0.00019429347176801664,
      0.00017914643599613057,
      0.00017629805150418403,
      0.00017332815895704283,
      6.233442869450649e-05,
      0.0001474557034857014,
      0.00019835521659815445,
      0.00019950611486773092,
      0.00017701399747100286,
      0.00017813302659687167,
      0.0002067946242067537,
      0.0001556782469699167,
      4.088557527759852e-05,
      0.0001435702063130164,
      0.00010493108495185595,
      8.372563658924471e-05,
      7.335678906323101e-05,
      7.949339821597172e-05,
      0.00015556559676579347,
      0.00015518234713897644,
      0.00020076301987336634,
      0.00023174885500297583,
      0.00021492015205968113,
      0.0001883464641757952,
      0.00012391021228209536,
      4.7675243999645806e-05,
      8.509359585350633e-05,
      6.633280317157527e-06,
      9.414755507636267e-05,
      0.00016279641594184435
    ],
    "duration_seconds": 200.1000275000115
  },
  "quantum": {
    "objective": 21.999999999999993,
    "status": "INFEASIBLE",
    "x": [
      0.0,
      0.0,
      3.63341448926865,
      2.8563856246319936,
      4.114007709926187,
      4.43532473083673,
      3.2525778008051587,
      3.7082896445312734,
      -5.164987759821434e-20,
      -5.4012807933293865e-20,
      1.0,
      0.9999999999999999,
      1.0,
      1.4072140291259683
    ],
    "residuals": [
      0.0001
    ],
    "duration_seconds": 5.840626899967901
  },
  "combined_image": "q_20260324_094012_results.png"
}