{
  "script": "q",
  "meta": {
    "n_servers": 3,
    "n_vms": 6,
    "require_all_on": true
  },
  "input": {
    "pi": [
      1.0,
      1.0,
      1.0
    ],
    "pd": [
      1.0,
      1.0,
      1.0
    ],
    "capacities": [
      11,
      11,
      11
    ],
    "vm_allocation_limits": [
      9,
      12,
      10,
      11,
      8,
      8
    ],
    "min_cpu_per_vm": 1
  },
  "qp_lp": "\\ This file has been generated by DOcplex\n\\ ENCODING=ISO-8859-1\n\\Problem name: qiskit_server\n\nMinimize\n obj: si0 + si1 + si2 + [ 2 vj0i0*uj0 + 2 vj0i1*uj0 + 2 vj0i2*uj0 + 2 vj1i0*uj1\n      + 2 vj1i1*uj1 + 2 vj1i2*uj1 + 2 vj2i0*uj2 + 2 vj2i1*uj2 + 2 vj2i2*uj2\n      + 2 vj3i0*uj3 + 2 vj3i1*uj3 + 2 vj3i2*uj3 + 2 vj4i0*uj4 + 2 vj4i1*uj4\n      + 2 vj4i2*uj4 + 2 vj5i0*uj5 + 2 vj5i1*uj5 + 2 vj5i2*uj5 ]/2\nSubject To\n cons_server_load_0: vj0i0 + vj1i0 + vj2i0 + vj3i0 + vj4i0 + vj5i0 >= 10\n cons_server_load_1: vj0i1 + vj1i1 + vj2i1 + vj3i1 + vj4i1 + vj5i1 >= 10\n cons_server_load_2: vj0i2 + vj1i2 + vj2i2 + vj3i2 + vj4i2 + vj5i2 >= 10\n cons_first3vm_server_0: vj0i0 + vj1i0 + vj2i0 >= 11\n cons_first3vm_server_1: vj0i1 + vj1i1 + vj2i1 >= 11\n cons_first3vm_server_2: vj0i2 + vj1i2 + vj2i2 >= 11\n cons_server_on_0: si0 = 1\n cons_server_on_1: si1 = 1\n cons_server_on_2: si2 = 1\n cons_vm_alloc_0: vj0i0 + vj0i1 + vj0i2 <= 9\n cons_vm_alloc_1: vj1i0 + vj1i1 + vj1i2 <= 12\n cons_vm_alloc_2: vj2i0 + vj2i1 + vj2i2 <= 10\n cons_vm_alloc_3: vj3i0 + vj3i1 + vj3i2 <= 11\n cons_vm_alloc_4: vj4i0 + vj4i1 + vj4i2 <= 8\n cons_vm_alloc_5: vj5i0 + vj5i1 + vj5i2 <= 8\n cons_min_cpu_vm_0: uj0 >= 1\n cons_min_cpu_vm_1: uj1 >= 1\n cons_min_cpu_vm_2: uj2 >= 1\n cons_min_cpu_vm_3: uj3 >= 1\n cons_min_cpu_vm_4: uj4 >= 1\n cons_min_cpu_vm_5: uj5 >= 1\n\nBounds\n 0 <= si0 <= 1\n 0 <= si1 <= 1\n 0 <= si2 <= 1\n\nBinaries\n si0 si1 si2\nEnd\n",
  "classic": {
    "objective": 53.830408767669105,
    "status": "INFEASIBLE",
    "x": [
      1.0,
      1.0,
      1.0,
      3.879864754543519,
      2.7210180494037686,
      2.732450529386046,
      3.604319134888191,
      4.101977746575656,
      4.627036451869483,
      3.1824827772349593,
      3.8436708706872422,
      3.307179685411134,
      -0.28145968460863036,
      0.41475535064507346,
      -0.30241407195648884,
      0.15164089537859526,
      0.1379730155023325,
      0.40758925718605976,
      -0.3239318037884845,
      -0.29812206338014086,
      0.6512398148744816,
      2.176282235916885,
      1.5555979059285867,
      1.062407284359189,
      1.5390640854668842,
      0.8282963553587407,
      1.2786407695896616
    ],
    "residuals": [
      0.05977835781798304,
      0.0527462893345957,
      0.06135683346877352,
      0.03629336113919714,
      0.04315769353525741,
      0.12141886520889299,
      0.10957079126103732,
      0.07120110891295552,
      0.05619542543290399,
      0.02937079450179205,
      0.01815894809156825,
      0.034924111922582754,
      0.037813294524803594,
      0.010577602197780167,
      0.004803206819209006,
      0.12532255595356392,
      0.037595979839408544,
      0.06789642161518104,
      0.014964446596643628,
      0.006331996239497807,
      0.003633813288413809,
      0.0037384399739833845,
      0.0027707770515694877,
      0.0014006069860379277,
      0.004503351143359539,
      0.005765263485980888,
      0.0013641374534207843,
      0.002906760452724601,
      0.0005275688746635073,
      0.0010251268644191293,
      0.0010062922614097309,
      0.0005034801489836227,
      0.006293159950793425,
      0.0020421431206392076,
      0.0015773928103629052,
      0.0011882814513488953,
      0.0004633430452917144,
      0.000661965053884577,
      0.007742904106661339,
      0.0015434003035894655,
      0.0011397406381502976,
      0.0008213173151498788,
      0.00041279158887136673,
      0.0002044539477676417,
      0.00041186225619581866,
      0.00016615012301575546,
      0.0010705931039523585,
      0.00012255194023955303,
      2.2873210413059673e-05,
      0.0020454127303373456,
      0.007041289253679461,
      0.0003928856032545572,
      0.023228443905211865,
      0.001601346034072954,
      0.0011136151016599837,
      0.0007969841303368065,
      0.0008844235182351591,
      0.0004185639818563813,
      0.0005136859603077488,
      0.00271544658585025,
      0.000260372272941817,
      0.0004591963371842479,
      0.00023458296606299715,
      0.00017613387653027786,
      0.00021732346999158282,
      0.00032760561080136583,
      0.00014834075872809907,
      0.00024407795917037096,
      0.00012250770136994592,
      0.00015411892944000287,
      5.9948037371365764e-05,
      0.00015706707854580803,
      0.00013987978083407622,
      9.168313312667195e-05,
      0.00011344613351659586,
      0.00014427290317587215,
      0.00011482180028326986,
      0.00010682609744507368,
      5.7296541084969136e-05,
      7.652996548295873e-05,
      0.00018960330569294448,
      0.00015081602447863314,
      9.877611940406521e-05,
      0.00018014198689967595,
      0.00015332326026525008,
      0.00012614705097095455,
      5.1320425596925245e-05,
      0.0002358718482649508,
      0.00021042978559586238,
      4.7532744861890136e-05,
      5.7645862842376176e-05,
      0.00018859071741262896,
      6.668203165115556e-05,
      4.330791035884411e-05,
      9.745858909038899e-05,
      0.00019228740785330633,
      2.7342611153934325e-05,
      0.00016624918507067497,
      0.00010723808418219892,
      8.802773913381602e-05
    ],
    "duration_seconds": 607.0538031000178
  },
  "quantum": {
    "objective": 29.41326462234933,
    "status": "INFEASIBLE",
    "x": [
      1.0,
      0.0,
      0.0,
      3.6722818180425705,
      2.7118361913884153,
      2.9492153239023495,
      4.133022799958718,
      4.393636629144869,
      3.8066739042297435,
      2.861362048665375,
      3.561193846133383,
      3.9107774385345766,
      -0.15298153649077628,
      0.30596868196250177,
      0.04044498207547037,
      -0.15595278510660746,
      -0.3266053279193719,
      -0.12125555168887736,
      0.12908280021804056,
      -0.09478192883494094,
      0.3024232301858573,
      0.9045304382599398,
      0.7644904459178982,
      1.0066127501013875,
      1.619364086368866,
      0.9248322776608651,
      1.1457132780567592
    ],