{
  "script": "q",
  "meta": {
    "n_servers": 4,
    "n_vms": 5,
    "require_all_on": true
  },
  "input": {
    "pi": [
      1.0,
      1.0,
      1.0,
      1.0
    ],
    "pd": [
      1.0,
      1.0,
      1.0,
      1.0
    ],
    "capacities": [
      11,
      11,
      11,
      10
    ],
    "vm_allocation_limits": [
      8,
      10,
      12,
      9,
      11
    ],
    "min_cpu_per_vm": 1
  },
  "qp_lp": "\\ This file has been generated by DOcplex\n\\ ENCODING=ISO-8859-1\n\\Problem name: qiskit_server\n\nMinimize\n obj: si0 + si1 + si2 + si3 + [ 2 vj0i0*uj0 + 2 vj0i1*uj0 + 2 vj0i2*uj0\n      + 2 vj0i3*uj0 + 2 vj1i0*uj1 + 2 vj1i1*uj1 + 2 vj1i2*uj1 + 2 vj1i3*uj1\n      + 2 vj2i0*uj2 + 2 vj2i1*uj2 + 2 vj2i2*uj2 + 2 vj2i3*uj2 + 2 vj3i0*uj3\n      + 2 vj3i1*uj3 + 2 vj3i2*uj3 + 2 vj3i3*uj3 + 2 vj4i0*uj4 + 2 vj4i1*uj4\n      + 2 vj4i2*uj4 + 2 vj4i3*uj4 ]/2\nSubject To\n cons_server_load_0: vj0i0 + vj1i0 + vj2i0 + vj3i0 + vj4i0 >= 10\n cons_server_load_1: vj0i1 + vj1i1 + vj2i1 + vj3i1 + vj4i1 >= 10\n cons_server_load_2: vj0i2 + vj1i2 + vj2i2 + vj3i2 + vj4i2 >= 10\n cons_server_load_3: vj0i3 + vj1i3 + vj2i3 + vj3i3 + vj4i3 >= 9\n cons_first3vm_server_0: vj0i0 + vj1i0 + vj2i0 >= 11\n cons_first3vm_server_1: vj0i1 + vj1i1 + vj2i1 >= 11\n cons_first3vm_server_2: vj0i2 + vj1i2 + vj2i2 >= 11\n cons_server_on_0: si0 = 1\n cons_server_on_1: si1 = 1\n cons_server_on_2: si2 = 1\n cons_server_on_3: si3 = 1\n cons_vm_alloc_0: vj0i0 + vj0i1 + vj0i2 + vj0i3 <= 8\n cons_vm_alloc_1: vj1i0 + vj1i1 + vj1i2 + vj1i3 <= 10\n cons_vm_alloc_2: vj2i0 + vj2i1 + vj2i2 + vj2i3 <= 12\n cons_vm_alloc_3: vj3i0 + vj3i1 + vj3i2 + vj3i3 <= 9\n cons_vm_alloc_4: vj4i0 + vj4i1 + vj4i2 + vj4i3 <= 11\n cons_min_cpu_vm_0: uj0 >= 1\n cons_min_cpu_vm_1: uj1 >= 1\n cons_min_cpu_vm_2: uj2 >= 1\n cons_min_cpu_vm_3: uj3 >= 1\n cons_min_cpu_vm_4: uj4 >= 1\n\nBounds\n 0 <= si0 <= 1\n 0 <= si1 <= 1\n 0 <= si2 <= 1\n 0 <= si3 <= 1\n\nBinaries\n si0 si1 si2 si3\nEnd\n",
  "classic": {
    "objective": 66.7359804407665,
    "status": "INFEASIBLE",
    "x": [
      1.0,
      1.0,
      1.0,
      1.0,
      2.7930919738958786,
      2.840409094001474,
      3.033165598769315,
      -0.33333333333333254,
      3.7594758535090804,
      3.3302249045239734,
      3.5769659086336114,
      -0.33333333333333254,
      4.114098839261709,
      4.496032668141218,
      4.056535159263739,
      -0.3333333333333327,
      0.33401447995096134,
      -0.03131621442588437,
      -0.13904654294920474,
      4.904699740873917,
      0.3813846536253296,
      -0.06095436024392103,
      0.4663273879787814,
      4.886787422861705,
      1.5025489465555533,
      1.3992912722004383,
      1.7386058198906698,
      1.694746266504945,
      1.0087204977253077
    ],
    "residuals": [
      0.056621998989950004,
      0.019739970998452105,
      0.060410229764537644,
      0.03179100595108254,
      0.04589578447152692,
      0.02902663362731872,
      0.17049962342085312,
      0.05517787832481463,
      0.04650894918219673,
      0.04272048571397948,
      0.04967595610854825,
      0.028795683963225144,
      0.018223676629060274,
      0.03398162795436542,
      0.02954945861733229,
      0.12885780074225509,
      0.06970196154335322,
      0.029662166884920172,
      0.017359174370385692,
      0.03806704699560016,
      0.025903127095230006,
      0.016017877464418868,
      0.008531030110874019,
      0.01597450091644563,
      0.00822389696917014,
      0.006791111291189225,
      0.0028811606249936955,
      0.0014856402308622344,
      0.006030613768552549,
      0.018104018088265953,
      0.00992547889284341,
      0.008175232941375399,
      0.005460918080667077,
      0.0030327599940435904,
      0.002454662265015574,
      0.0017730844478295058,
      0.0010961486211324488,
      0.0010498645410747885,
      0.0007168220731765278,
      0.0010559340048363296,
      0.0006630167648218595,
      0.0002792831339547026,
      0.0005067795243584222,
      0.00013048852855924818,
      0.0004013391392720778,
      0.0003684938029358174,
      0.0002895075441462023,
      0.00015585021280035567,
      0.000102472615852128,
      0.00021147959509915316,
      0.00011602937332205187,
      0.00019806993180691802,
      0.00010420139115075286,
      5.471440194681052e-05,
      0.00022156794818062225,
      0.00011320540892040547,
      0.00014206085088189408,
      0.00012842861886191688,
      0.00019214242434603026,
      6.48485842495922e-05,
      7.482097885489501e-05,
      9.829586926262058e-05,
      9.263538437706422e-05,
      0.0003785552288268559,
      0.00022356214853725266,
      0.0002581719239630742,
      0.0001828771840400412,
      0.00019437774165059112,
      0.00020356933917575285,
      0.0001468780506719727,
      0.00011409351914704109,
      9.067728991539361e-05,
      5.9556354578234216e-05,
      6.197032449756222e-05,
      0.00010912309261074205,
      9.920164186350483e-05,
      0.00015960583073926967,
      0.00016908064757407032,
      0.0003480964679586903,
      0.0001176774070848173,
      5.462283544191246e-05,
      0.0001368743172146136,
      0.0001475054427831213,
      9.306804845108436e-05,
      9.699110745384878e-05,
      0.00017990732699417507,
      3.818283010898728e-05,
      0.00014584644145652228,
      8.890287671698082e-05,
      0.00013987400471728037,
      0.00016828156887566836,
      0.00015672772416910525,
      0.00015619577701762446,
      0.00012071472770850409,
      0.0001661367196821282,
      0.0001510427916240244,
      0.00010031020546823045,
      9.787958014187607e-05,
      0.00013215241831472427,
      0.0001429943225639294
    ],
    "duration_seconds": 649.3019507999998
  },
  "quantum": {
    "objective": 35.07284478400407,
    "status": "INFEASIBLE",
    "x": [
      0.0,
      0.0,
      0.0,
      0.0,
      2.773738009647336,
      3.076672880835475,
      2.8162557761838416,
      -0.33333333333332094,
      4.129010634231525,
      3.0050205176736555,
      3.53263551476149,
      -0.33333333333332094,
      3.763918022787792,
      4.584973268157566,
      4.317775375721295,
      -0.3333333333333207,
      0.06357761236801374,
      0.3617765762397761,
      -0.1166707808621061,
      5.138185131640997,
      -0.06805190789980098,
      -0.09682075655258932,
      -0.1092082174744908,
      4.710208085187045,
      0.7477869303127154,
      1.2158455695369736,
      0.6861681110528002,
      0.798113787433743,
      0.7816702282626588
    ],