{
  "script": "q",
  "meta": {
    "n_servers": 4,
    "n_vms": 3,
    "require_all_on": true
  },
  "input": {
    "pi": [
      1.0,
      1.0,
      1.0,
      1.0
    ],
    "pd": [
      1.0,
      1.0,
      1.0,
      1.0
    ],
    "capacities": [
      11,
      11,
      11,
      10
    ],
    "vm_allocation_limits": [
      10,
      12,
      9
    ],
    "min_cpu_per_vm": 1
  },
  "qp_lp": "\\ This file has been generated by DOcplex\n\\ ENCODING=ISO-8859-1\n\\Problem name: qiskit_server\n\nMinimize\n obj: si0 + si1 + si2 + si3 + [ 2 vj0i0*uj0 + 2 vj0i1*uj0 + 2 vj0i2*uj0\n      + 2 vj0i3*uj0 + 2 vj1i0*uj1 + 2 vj1i1*uj1 + 2 vj1i2*uj1 + 2 vj1i3*uj1\n      + 2 vj2i0*uj2 + 2 vj2i1*uj2 + 2 vj2i2*uj2 + 2 vj2i3*uj2 ]/2\nSubject To\n cons_server_load_0: vj0i0 + vj1i0 + vj2i0 >= 10\n cons_server_load_1: vj0i1 + vj1i1 + vj2i1 >= 10\n cons_server_load_2: vj0i2 + vj1i2 + vj2i2 >= 10\n cons_server_load_3: vj0i3 + vj1i3 + vj2i3 >= 9\n cons_first3vm_server_0: vj0i0 + vj1i0 + vj2i0 >= 11\n cons_first3vm_server_1: vj0i1 + vj1i1 + vj2i1 >= 11\n cons_first3vm_server_2: vj0i2 + vj1i2 + vj2i2 >= 11\n cons_server_on_0: si0 = 1\n cons_server_on_1: si1 = 1\n cons_server_on_2: si2 = 1\n cons_server_on_3: si3 = 1\n cons_vm_alloc_0: vj0i0 + vj0i1 + vj0i2 + vj0i3 <= 10\n cons_vm_alloc_1: vj1i0 + vj1i1 + vj1i2 + vj1i3 <= 12\n cons_vm_alloc_2: vj2i0 + vj2i1 + vj2i2 + vj2i3 <= 9\n cons_min_cpu_vm_0: uj0 >= 1\n cons_min_cpu_vm_1: uj1 >= 1\n cons_min_cpu_vm_2: uj2 >= 1\n\nBounds\n 0 <= si0 <= 1\n 0 <= si1 <= 1\n 0 <= si2 <= 1\n 0 <= si3 <= 1\n\nBinaries\n si0 si1 si2 si3\nEnd\n",
  "classic": {
    "objective": 20.409990214000633,
    "status": "INFEASIBLE",
    "x": [
      1.0,
      1.0,
      1.0,
      1.0,
      3.167755467211078,
      2.9805784696715283,
      2.932726523623825,
      2.49036811092214,
      3.487180116259686,
      3.5755108347783424,
      3.623496527814851,
      2.8852410925757,
      2.773635845100665,
      2.8724821241215666,
      2.8723483771327505,
      2.052962225073591,
      0.6796154025984493,
      0.6718698149560014,
      -0.05414254774716428
    ],
    "residuals": [
      0.05619215963485155,
      0.12494465992465577,
      0.044705434091187435,
      0.12427364420441067,
      0.10465802422708763,
      0.06478071042571909,
      0.021077039162506993,
      0.04800915673599167,
      0.05963712634554861,
      0.0725449792161942,
      0.037888428844456166,
      0.04356782664687923,
      0.04695599599926967,
      0.03255593408066358,
      0.010487835268732875,
      0.05764991454249232,
      0.04241924252540313,
      0.005719833341998211,
      0.006310485545492961,
      0.011737992714829702,
      0.010638419025745652,
      0.009302854824519539,
      0.013812184138504909,
      0.00777410405148709,
      0.01794941771922093,
      0.007133675487702607,
      0.009234628213858639,
      0.026974486594475,
      0.010912081392554777,
      0.009790114210512436,
      0.0011162861296398195,
      0.003608242622311605,
      0.003481786157185579,
      0.008223436603836192,
      0.002647866212231568,
      0.0022314059769693,
      0.0244872899415783,
      0.004791792666150046,
      0.0030602666447524284,
      0.0015906563098726917,
      0.00834551026892668,
      0.0034280446420767432,
      0.0013154735820138524,
      0.0012011567648655627,
      0.000818258563131584,
      0.0006723265996030657,
      0.00048760751016127844,
      0.0003520560870701473,
      0.0021911678844594167,
      0.0005078331342042793,
      0.000649636947417352,
      0.00020248262946475436,
      0.0001290451505954572,
      0.0001445952798692361,
      0.0002083767555197631,
      0.0027844991123803326,
      0.00021463226472172604,
      0.0001886753709476341,
      0.00019052612164382758,
      0.0010953289089552058,
      0.0006619312409949257,
      0.00020751694985188176,
      0.00045338142772796393,
      0.00013018372739756866,
      4.957517398525322e-05,
      4.767193986403949e-05,
      0.00019059966866632173,
      0.000142887994542924,
      0.00014215187266767456,
      0.00012571262039676553,
      0.00043223254170150023,
      0.00012628561705172863,
      0.00017376747352559923,
      0.00015856444976582054,
      0.00016254926661152556,
      0.00019657060757879158,
      0.0001795006049670153,
      0.00015617108927676104,
      0.00033257300774000825,
      0.00018870048024813104,
      0.00011129158604231262,
      0.0006261486842255781,
      0.00018962892267884357,
      0.0005934856721514503,
      0.00015086302338554916,
      0.00017861524848877662,
      0.0008160200901624083,
      0.00015644953515234986,
      0.00011879430745521644,
      0.00021973518365781466,
      0.0003678933388162996,
      0.00012500284491428581,
      0.00012720863249804243,
      0.00014650608295024996,
      8.756487469421802e-05,
      0.0001087907252068886,
      0.0001492584097084331,
      0.00016636504436605735,
      0.0001007210370637204,
      0.00011637441933354923
    ],
    "duration_seconds": 302.46261930000037
  },
  "quantum": {
    "objective": 11.96938231950954,
    "status": "INFEASIBLE",
    "x": [
      0.0,
      0.0,
      0.0,
      0.0,
      3.5106145539208287,
      3.1124854596632385,
      2.491307077629106,
      2.4570214802153987,
      2.7128592453442195,
      3.636910800402188,
      4.085020002963839,
      3.1366385227183295,
      3.205097629306383,
      2.6791751685060037,
      2.8522443479784823,
      1.8349114256377022,
      0.01621534954618949,
      0.445164677511138,
      0.5429944399968555
    ],
    "residuals": [
      0.019659647170427574,
      0.05472808300506941,
      0.04728557066136257,
      0.056599378296142276,
      0.04213505067027144,
      0.02281566012843263,
      0.021876606055085956,
      0.03533837958622944,
      0.03581376103623002,
      0.013355351092510863,
      0.03516345307346264,
      0.04622472017020727,
      0.02031270201929622,
      0.0079540700586312,
      0.013324559780636427,
      0.005685596504161962,
      0.006316639912355206,
      0.003995857708032649,
      0.002804638713018079,
      0.003979899829224729,
      0.0017835810933349411,
      0.0010284073366463248,
      0.0009410903578797351,
      0.0015017322694992046,
      0.011480582677401057,
      0.001498847677167966,
      0.0015218058311611531,
      0.0016662361469886185,
      0.00040344251747617476,
      0.0020422244880139756,
      0.007469331185283665,
      0.0004876649086051959,
      0.0005094388354440668,
      0.0005330232829389697,
      0.0037211145150003134,
      0.0003695566730244884,
      0.0002559670704340222,
      0.0003317938573346236,
      0.00012422494413592708,
      0.00020432250696197045,
      0.00010434317531968474,
      0.00018162916022304684,
      0.00011350208000139497,
      0.000655391274224658,
      5.7814351058721e-05
    ],
    "duration_seconds": 675.1759236000362
  },
  "combined_image": "q_20260324_115731_results.png"
}