{
  "script": "q",
  "meta": {
    "n_servers": 1,
    "n_vms": 2,
    "require_all_on": true
  },
  "input": {
    "pi": [
      1.0
    ],
    "pd": [
      1.0
    ],
    "capacities": [
      11
    ],
    "vm_allocation_limits": [
      10,
      8
    ],
    "min_cpu_per_vm": 1
  },
  "qp_lp": "\\ This file has been generated by DOcplex\n\\ ENCODING=ISO-8859-1\n\\Problem name: qiskit_server\n\nMinimize\n obj: si0 + [ 2 vj0i0*uj0 + 2 vj1i0*uj1 ]/2\nSubject To\n cons_server_load_0: vj0i0 + vj1i0 >= 10\n cons_first3vm_server_0: vj0i0 + vj1i0 >= 11\n cons_server_on_0: si0 = 1\n cons_vm_alloc_0: vj0i0 <= 10\n cons_vm_alloc_1: vj1i0 <= 8\n cons_min_cpu_vm_0: uj0 >= 1\n cons_min_cpu_vm_1: uj1 >= 1\n\nBounds\n 0 <= si0 <= 1\n\nBinaries\n si0\nEnd\n",
  "classic": {
    "objective": 12.0,
    "status": "SUCCESS",
    "x": [
      1.0,
      5.220586627448146,
      5.779413372551855,
      1.0,
      1.0
    ],
    "residuals": [
      0.0001,
      4.229325628869454e-05,
      1.3816130248523004e-05,
      0.0002160337867608165,
      0.0001,
      9.999999999999999e-05,
      3.3017826718395496e-05,
      1.497942349492086e-05,
      0.00018495105007553257,
      0.0001,
      0.00010346306005625258,
      9.999999999999999e-05,
      0.00010033695812649021,
      0.0001,
      9.673807427866842e-05,
      4.999999999990551e-05,
      3.9721597167785756e-05,
      4.392774804218486e-06,
      3.240377233182547e-06,
      3.904417214737352e-05,
      1.6040300176523194e-05,
      0.00018566900282437334,
      0.0002,
      9.725246927529943e-05,
      6.35744054376831e-05,
      9.792507894258443e-05,
      4.2932295809850087e-05,
      0.0002999430886555741,
      4.4140625000000004e-05,
      0.00019999999999999998,
      0.00025782546956523136,
      4.414062500000002e-05,
      0.00019999999999999998,
      0.0001999971296482549,
      0.00019999999999999998,
      0.000221623496615042,
      0.0002,
      0.00019999887926437355,
      0.00020000000000000004,
      2.3916737919260438e-05,
      1.7089209094511696e-05,
      0.00018154027363816974,
      0.00019999999999999998,
      2.673861521393947e-05,
      1.1080305414323615e-05,
      2.0215296432148653e-06,
      1.4098775687054586e-05,
      3.0419877652865078e-05,
      0.00018151418742575734,
      0.00019999999999999998,
      3.20937446708138e-05,
      0.0001575058709460063,
      0.00019999999999999998,
      3.305688476482624e-05,
      2.9963135939081536e-05,
      0.00018152242265214705,
      0.0002,
      0.00018807985737048208,
      0.00019999999999999998,
      0.00023059130366899207,
      5.859374999983471e-06,
      5.859374999983471e-06,
      5.859374999983471e-06,
      0.0001941406250000165,
      0.00014502843100551156,
      0.00012717955045805636,
      0.00019543043255600958,
      0.00016796272346509796,
      0.0001366933105003797,
      2.1432252979447606e-05,
      3.32372664545664e-05,
      7.815129944409988e-07
    ],
    "duration_seconds": 26.455478299991228
  },
  "quantum": {
    "objective": 11.0,
    "status": "INFEASIBLE",
    "x": [
      0.0,
      4.955563005859428,
      6.044436994140573,
      1.0,
      1.0
    ],
    "residuals": [
      0.0001
    ],
    "duration_seconds": 3.343710999994073
  },
  "combined_image": "q_20260324_092558_results.png"
}