{
  "script": "q",
  "meta": {
    "n_servers": 3,
    "n_vms": 4,
    "require_all_on": true
  },
  "input": {
    "pi": [
      1.0,
      1.0,
      1.0
    ],
    "pd": [
      1.0,
      1.0,
      1.0
    ],
    "capacities": [
      11,
      11,
      11
    ],
    "vm_allocation_limits": [
      10,
      9,
      12,
      8
    ],
    "min_cpu_per_vm": 1
  },
  "qp_lp": "\\ This file has been generated by DOcplex\n\\ ENCODING=ISO-8859-1\n\\Problem name: qiskit_server\n\nMinimize\n obj: si0 + si1 + si2 + [ 2 vj0i0*uj0 + 2 vj0i1*uj0 + 2 vj0i2*uj0 + 2 vj1i0*uj1\n      + 2 vj1i1*uj1 + 2 vj1i2*uj1 + 2 vj2i0*uj2 + 2 vj2i1*uj2 + 2 vj2i2*uj2\n      + 2 vj3i0*uj3 + 2 vj3i1*uj3 + 2 vj3i2*uj3 ]/2\nSubject To\n cons_server_load_0: vj0i0 + vj1i0 + vj2i0 + vj3i0 >= 10\n cons_server_load_1: vj0i1 + vj1i1 + vj2i1 + vj3i1 >= 10\n cons_server_load_2: vj0i2 + vj1i2 + vj2i2 + vj3i2 >= 10\n cons_first3vm_server_0: vj0i0 + vj1i0 + vj2i0 >= 11\n cons_first3vm_server_1: vj0i1 + vj1i1 + vj2i1 >= 11\n cons_first3vm_server_2: vj0i2 + vj1i2 + vj2i2 >= 11\n cons_server_on_0: si0 = 1\n cons_server_on_1: si1 = 1\n cons_server_on_2: si2 = 1\n cons_vm_alloc_0: vj0i0 + vj0i1 + vj0i2 <= 10\n cons_vm_alloc_1: vj1i0 + vj1i1 + vj1i2 <= 9\n cons_vm_alloc_2: vj2i0 + vj2i1 + vj2i2 <= 12\n cons_vm_alloc_3: vj3i0 + vj3i1 + vj3i2 <= 8\n cons_min_cpu_vm_0: uj0 >= 1\n cons_min_cpu_vm_1: uj1 >= 1\n cons_min_cpu_vm_2: uj2 >= 1\n cons_min_cpu_vm_3: uj3 >= 1\n\nBounds\n 0 <= si0 <= 1\n 0 <= si1 <= 1\n 0 <= si2 <= 1\n\nBinaries\n si0 si1 si2\nEnd\n",
  "classic": {
    "objective": 34.23101466237006,
    "status": "INFEASIBLE",
    "x": [
      1.0,
      1.0,
      1.0,
      2.8784204579682524,
      4.129282334701608,
      3.3256305406634783,
      3.2712710517594807,
      3.0848617720270077,
      2.977200509546844,
      4.516975156938928,
      3.4525225599380547,
      4.363835616456335,
      0.41119832658694105,
      0.5383244329367688,
      0.32852208754262685,
      0.6828993182981239,
      1.2257678793038906,
      0.9313668251936061,
      0.9757330962168282
    ],
    "residuals": [
      0.018557467485507382,
      0.06352070514568064,
      0.02085094921666275,
      0.022773992381678057,
      0.03181182202022874,
      0.0291227444064404,
      0.032835694563341844,
      0.04022938300931446,
      0.02252585258740777,
      0.01610767676175937,
      0.0245253395001977,
      0.037132197391900386,
      0.007378576617810089,
      0.03037448405292747,
      0.022686781560225144,
      0.011333032427785286,
      0.007493860776969851,
      0.006192758091989361,
      0.00385802439253672,
      0.001476083967039942,
      0.032351585334182656,
      0.018456610091759456,
      0.0050209634216265365,
      0.004761897591704017,
      0.005121312788419507,
      0.002145540493917266,
      0.001280391367460738,
      0.004795319040328611,
      0.0018231066545526856,
      0.008479257716033826,
      0.002436018601335952,
      0.0007844219673142482,
      0.001143916898862162,
      0.0004541840624230447,
      0.000187657035641814,
      0.0006482533720837814,
      0.016909024731781203,
      0.0034624185201772278,
      0.0020606138413468028,
      0.0014702235283046011,
      0.0013858930097074395,
      0.0008454069675441931,
      0.0003569946077954304,
      0.004791335510226476,
      0.0010063080334315592,
      0.0006984989025592862,
      0.0004892274671743103,
      0.00015612326299022046,
      0.00019613449728828508,
      0.00040653252021063225,
      0.00015473582676092784,
      0.00025828308568565155,
      0.0001466579795407588,
      0.00017423874335840934,
      0.00023130053075528554,
      0.0001599437168034218,
      0.00013670489960223382,
      0.00015479301490187023,
      0.00014659960470436145,
      0.00014031185153964853,
      0.00024544907069818316,
      7.126039684310989e-05,
      0.0002486549751063078,
      0.00014145312519701233,
      5.816414442606545e-05,
      0.0001333991339856043,
      0.000131265524876976,
      0.00010704332752961893,
      0.0001650873280605386,
      0.0001582893776911803,
      0.00022774368723484372,
      5.128131758799019e-05,
      0.00016786206961894737,
      0.00010793406401031409,
      0.0001650552651870958,
      7.97003394525724e-05,
      3.988725663886151e-05,
      6.809073880856012e-06,
      0.00011127038435941093,
      0.00013206087421857717,
      0.00024102720672278363,
      1.9395587595960346e-05,
      0.00018386855413567057,
      0.0001637235312098896,
      0.00023826967826613788,
      0.00015554744830165865,
      0.0001616856231245049,
      5.5955318865346835e-05,
      0.00012427882835843744,
      7.6094550922545e-05,
      0.00018121000184651028,
      7.997868130612037e-05,
      8.388376901940296e-05,
      0.0001637848080063363,
      0.00017277137676480778,
      0.00021428280924524494,
      1.1970917550505138e-05,
      0.00016568400999906254,
      0.0001680370884383774,
      0.00019795632948909925
    ],
    "duration_seconds": 248.9902476000134
  },
  "quantum": {
    "objective": 26.49332174135643,
    "status": "INFEASIBLE",
    "x": [
      0.0,
      1.0,
      0.0,
      3.198338938831224,
      3.408888846120708,
      3.7261055483814083,
      2.9910392374314814,
      3.4852272630016357,
      2.8570668329002036,
      4.4772884904039625,
      3.7725505575443234,
      4.083494285385047,
      0.06205351199371147,
      0.1792197644966173,
      0.5352352551952128,
      0.6667047708525157,
      0.9792653702533537,
      0.6666686632654322,
      1.599444293564787
    ],
    "residuals": [
      0.06111136403804315,
      0.046608208553459485,
      0.02116736428263147,
      0.047795806898382434,
      0.031639496789749554,
      0.008509198814474081,
      0.018168353300127255,
      0.019867267209535373,
      0.0038418149886568394,
      0.011862850427591045,
      0.0055765855763919335,
      0.002973055504357886,
      0.007152464031397673,
      0.003466338020962479,
      0.0035921977501416243,
      0.001768465760562151,
      0.0003826812211513718,
      0.0030580720054936648,
      0.0009067440715785471,
      0.0008141526561981515,
      0.0023697679166296477,
      0.0014820170714674194,
      0.001110779568966623,
      0.0013935751261174856,
      0.0006121578910706762,
      0.0003969713306189225,
      0.0004811450441295237,
      0.0010094820455837509,
      0.00021874012431577467,
      0.0002548038923492778,
      0.00018563412788048217,
      0.0001909489205151559,
      0.00017443494600785078,
      0.000364924102756267,
      0.00034951708006042556,
      0.0001686602124617257,
      0.00022003935644707723,
      0.00022583711476723277,
      0.00017302981873480115,
      0.00010685891930560874,
      0.00019089813312757233,
      6.942353065743789e-05
    ],
    "duration_seconds": 497.95996969996486
  },
  "combined_image": "q_20260324_103208_results.png"
}