{
  "script": "q",
  "meta": {
    "n_servers": 2,
    "n_vms": 3,
    "require_all_on": true
  },
  "input": {
    "pi": [
      1.0,
      1.0
    ],
    "pd": [
      1.0,
      1.0
    ],
    "capacities": [
      11,
      11
    ],
    "vm_allocation_limits": [
      11,
      9,
      12
    ],
    "min_cpu_per_vm": 1
  },
  "qp_lp": "\\ This file has been generated by DOcplex\n\\ ENCODING=ISO-8859-1\n\\Problem name: qiskit_server\n\nMinimize\n obj: si0 + si1 + [ 2 vj0i0*uj0 + 2 vj0i1*uj0 + 2 vj1i0*uj1 + 2 vj1i1*uj1\n      + 2 vj2i0*uj2 + 2 vj2i1*uj2 ]/2\nSubject To\n cons_server_load_0: vj0i0 + vj1i0 + vj2i0 >= 10\n cons_server_load_1: vj0i1 + vj1i1 + vj2i1 >= 10\n cons_first3vm_server_0: vj0i0 + vj1i0 + vj2i0 >= 11\n cons_first3vm_server_1: vj0i1 + vj1i1 + vj2i1 >= 11\n cons_server_on_0: si0 = 1\n cons_server_on_1: si1 = 1\n cons_vm_alloc_0: vj0i0 + vj0i1 <= 11\n cons_vm_alloc_1: vj1i0 + vj1i1 <= 9\n cons_vm_alloc_2: vj2i0 + vj2i1 <= 12\n cons_min_cpu_vm_0: uj0 >= 1\n cons_min_cpu_vm_1: uj1 >= 1\n cons_min_cpu_vm_2: uj2 >= 1\n\nBounds\n 0 <= si0 <= 1\n 0 <= si1 <= 1\n\nBinaries\n si0 si1\nEnd\n",
  "classic": {
    "objective": 24.0,
    "status": "SUCCESS",
    "x": [
      1.0,
      1.0,
      4.05324743762481,
      3.6921893325495647,
      3.469112359780138,
      3.6552191397428535,
      3.4776402025950515,
      3.6525915277075827,
      1.0,
      1.0,
      1.0
    ],
    "residuals": [
      0.00010000000000003902,
      0.00018689393461387754,
      0.0001327994445073511,
      0.0002191998314071622,
      0.00021315840632471036,
      0.0001,
      0.00010000000000000509,
      0.00012883720790521006,
      0.00012512208844441932,
      8.771782120310339e-05,
      4.0642466023584246e-05,
      0.00013265975547074312,
      7.032296695272788e-05,
      1.6226346878523166e-05,
      0.00015486598107193736,
      0.00020622182645571035,
      7.160774839910101e-05,
      0.00011232321761496153,
      8.530523924916898e-05,
      6.133350608248994e-05,
      0.0002077445027697054,
      3.539191708161106e-05,
      0.0002768296562722559,
      0.00020444366864041602,
      0.00015409734159835254,
      0.00022474915255212528,
      6.49329216912991e-05,
      0.00022450254870461854,
      0.0002324982305408714,
      5.4261552324072086e-05,
      0.00017850295034639528,
      0.00018150073205844774,
      0.0002116945781873913,
      2.5246247500868167e-05,
      3.319241926509112e-05,
      0.00015997705579429326,
      5.09971030182877e-05,
      0.00018074004427008422,
      0.00018032377203626473,
      0.00019799353450305134,
      9.795150157564577e-05,
      0.00014672072038032172,
      0.00019993640386629265,
      5.1003691976607924e-05,
      0.00017280585455117691,
      0.00020627974745958343,
      9.521819104513508e-05,
      0.00014833686935812685,
      0.00012371695450188235,
      0.0001305509707271764,
      0.00021829050337804668,
      8.05132222718369e-05,
      0.00018389291474259285,
      0.0002204575347272567,
      0.00011075772410008515,
      3.9066643595316636e-05,
      3.931314201053032e-05,
      0.00011951077242655907,
      2.7132689125291316e-05,
      0.00022034405567534932,
      9.51114527976116e-05,
      9.619625223030229e-05,
      0.00013709478909325988,
      0.00020111434152042082,
      0.00015819096075998036,
      0.00018679004873651587,
      0.0001516119630764839,
      3.098105798027649e-05,
      6.865040552855517e-05,
      4.510246191665785e-05,
      0.0001518040388837824,
      7.902069479501095e-05,
      0.00010997818529148635,
      0.0001400773796424376,
      2.838912355655375e-05,
      4.2808328813030434e-05,
      0.00012900531855939855,
      0.00020910478372558806,
      5.94265605477751e-05,
      9.715391347177066e-05,
      0.00020244595626913562,
      0.00016768510947988525,
      0.00022053937809719037,
      0.00011890841356918861,
      0.00014472207429279388,
      0.00018489002839661928,
      2.1248337537285473e-05,
      0.00019570802654657164,
      0.00020305130388268455,
      0.00020758380905300938,
      0.0002414147125417787,
      0.00019679991702740843,
      0.00011471654448115358,
      7.199372452070152e-05,
      0.00016014436188294327,
      3.3339426940429286e-05,
      0.00025500677838894575,
      4.233983031062865e-06,
      6.449689682852408e-05,
      0.00012380863000363234
    ],
    "duration_seconds": 94.4309479999938
  },
  "quantum": {
    "objective": 22.0,
    "status": "INFEASIBLE",
    "x": [
      0.0,
      0.0,
      3.652304614764337,
      3.7648096762190875,
      3.710704803092272,
      3.617913091607373,
      3.6369905821433917,
      3.617277232173536,
      1.0,
      1.0,
      1.0
    ],
    "residuals": [
      0.0001
    ],
    "duration_seconds": 4.190962499997113
  },
  "combined_image": "q_20260324_093634_results.png"
}