{
  "script": "q",
  "meta": {
    "n_servers": 4,
    "n_vms": 2,
    "require_all_on": true
  },
  "input": {
    "pi": [
      1.0,
      1.0,
      1.0,
      1.0
    ],
    "pd": [
      1.0,
      1.0,
      1.0,
      1.0
    ],
    "capacities": [
      11,
      11,
      11,
      10
    ],
    "vm_allocation_limits": [
      12,
      9
    ],
    "min_cpu_per_vm": 1
  },
  "qp_lp": "\\ This file has been generated by DOcplex\n\\ ENCODING=ISO-8859-1\n\\Problem name: qiskit_server\n\nMinimize\n obj: si0 + si1 + si2 + si3 + [ 2 vj0i0*uj0 + 2 vj0i1*uj0 + 2 vj0i2*uj0\n      + 2 vj0i3*uj0 + 2 vj1i0*uj1 + 2 vj1i1*uj1 + 2 vj1i2*uj1 + 2 vj1i3*uj1 ]/2\nSubject To\n cons_server_load_0: vj0i0 + vj1i0 >= 10\n cons_server_load_1: vj0i1 + vj1i1 >= 10\n cons_server_load_2: vj0i2 + vj1i2 >= 10\n cons_server_load_3: vj0i3 + vj1i3 >= 9\n cons_first3vm_server_0: vj0i0 + vj1i0 >= 11\n cons_first3vm_server_1: vj0i1 + vj1i1 >= 11\n cons_first3vm_server_2: vj0i2 + vj1i2 >= 11\n cons_server_on_0: si0 = 1\n cons_server_on_1: si1 = 1\n cons_server_on_2: si2 = 1\n cons_server_on_3: si3 = 1\n cons_vm_alloc_0: vj0i0 + vj0i1 + vj0i2 + vj0i3 <= 12\n cons_vm_alloc_1: vj1i0 + vj1i1 + vj1i2 + vj1i3 <= 9\n cons_min_cpu_vm_0: uj0 >= 1\n cons_min_cpu_vm_1: uj1 >= 1\n\nBounds\n 0 <= si0 <= 1\n 0 <= si1 <= 1\n 0 <= si2 <= 1\n 0 <= si3 <= 1\n\nBinaries\n si0 si1 si2 si3\nEnd\n",
  "classic": {
    "objective": 13.814532282876447,
    "status": "INFEASIBLE",
    "x": [
      1.0,
      1.0,
      1.0,
      1.0,
      3.820382934675981,
      3.6404951975876876,
      4.484990188626001,
      3.5541316791103323,
      3.6796170653240217,
      3.859504802412316,
      3.0150098113739983,
      1.94586832088967,
      0.8218009134272106,
      -0.23387055001962548
    ],
    "residuals": [
      0.16015934366908277,
      0.3287913055884762,
      0.18540350467881256,
      0.08631155906360953,
      0.3391521364106493,
      0.25564957559841794,
      0.21693498889544502,
      0.21240325755037465,
      0.04192471502467279,
      0.01548808449219844,
      0.021791325723312063,
      0.061799157545827675,
      0.03258463819108967,
      0.06058218271315078,
      0.02935713749726892,
      0.03351696524948894,
      0.031250409628373874,
      0.04323889568059877,
      0.18242809859719733,
      0.10913689420670168,
      0.03506460582844956,
      0.01903677466607836,
      0.02386375914750556,
      0.11667410365728423,
      0.0608449702069793,
      0.12887337399456136,
      0.06833352423782507,
      0.03503104197454808,
      0.019806141037787686,
      0.009821851729426432,
      0.03315195708542099,
      0.0089224362561384,
      0.009177165089701669,
      0.01696514839834161,
      0.008673180183104473,
      0.0018352811713862646,
      0.003997235617407961,
      0.0014577513856667155,
      0.0062873764891811165,
      0.002216266872653012,
      0.000820349544934927,
      0.003798650363873635,
      0.0012053009648264155,
      0.0025597955032272716,
      0.0011327403832394074,
      0.000490699561167097,
      0.0003866685052901198,
      0.010023364189523366,
      0.0006236580842573185,
      0.0009593168532551826,
      0.000505217092393785,
      0.000494306533074077,
      0.0007298894982601145,
      0.0014190982564695792,
      0.006704432291298065,
      0.0004713015844522181,
      0.003252608236224117,
      0.0002651606813102615,
      0.000335696653276006,
      0.00014927654166189925,
      0.0005224158742611376,
      0.0032138717588977113,
      0.00010549533888662246,
      0.00010567610382785969,
      0.00014892111387293261,
      0.00024453818834924807,
      0.0002326896603334332,
      0.0005826412787539169,
      0.00015500942671602336,
      0.00021218036262284838,
      0.00020083620018678468,
      0.002772803913625912,
      0.0001055534768758058,
      8.454542674484668e-05,
      0.00024238423524953703,
      0.0001939208979607047,
      0.00027696557609981195,
      0.00039386476390018064,
      0.000686320782390086,
      0.0001790055978691372,
      0.0001230660886424529,
      0.00014916775383052623,
      0.0001001332828169258,
      8.176460248073453e-05,
      0.0001142112991994861,
      0.00012714024130923445,
      0.0001731390721170049,
      0.00017394122356645996,
      0.0001759019922899065,
      0.000138374964927269,
      0.00015220011170464644,
      6.164327515949772e-05,
      6.212893962936624e-05,
      0.00015015738880086007,
      0.00014138640025089012,
      0.00014973326220409455,
      0.0001485929044534843,
      0.00011899144420256579,
      0.00013763238602218546,
      0.000107100414046234
    ],
    "duration_seconds": 177.22398960002465
  },
  "quantum": {
    "objective": 6.604068843615066,
    "status": "INFEASIBLE",
    "x": [
      0.0,
      1.0,
      0.0,
      0.0,
      3.7299336124147326,
      4.610333298688271,
      3.7670200724274303,
      3.3927130164695884,
      3.7700663875852714,
      2.889666701311736,
      3.73297992757257,
      2.1072869835304227,
      0.014543198906533088,
      0.4302919408451042
    ],
    "residuals": [
      0.05868108414756036,
      0.02703289797259791,
      0.05315312235934673,
      0.02245459612712882,
      0.01102077691583938,
      0.03135410324840939,
      0.021819231119312336,
      0.021747095942133927,
      0.007492020680531165,
      0.027842285212882532,
      0.01781173318820297,
      0.006591347286980082,
      0.07562470510630037,
      0.010325071154233076,
      0.015850517922826587,
      0.0061677537261344605,
      0.004056131994881424,
      0.01070271934405382,
      0.00464187190234506,
      0.005058167800049719,
      0.004240452198385161,
      0.0013736179151283207,
      0.0021265360299868,
      0.009549670021951492,
      0.0005364332475551427,
      0.0011684545437005242,
      0.004402117136033116,
      0.001173879912539275,
      0.0009922915849345088,
      0.000489194331383114,
      0.001253905251024368,
      0.000435411503401893,
      0.0004593945061401482,
      0.0001308431715073206,
      0.00027920359057495103,
      0.0030491605784773953,
      0.00025479550604399554,
      0.0011126530310701154,
      0.002190488236155509,
      0.004835616780163129,
      0.00028052046117723955,
      0.00018079317888213412,
      0.0003320844044318725,
      0.00029096795429609277,
      0.0005001319311615358,
      0.0002675132469913394,
      9.168572764380075e-05
    ],
    "duration_seconds": 761.9963478000136
  },
  "combined_image": "q_20260324_114038_results.png"
}