{
  "script": "q",
  "meta": {
    "n_servers": 4,
    "n_vms": 1,
    "require_all_on": true
  },
  "input": {
    "pi": [
      1.0,
      1.0,
      1.0,
      1.0
    ],
    "pd": [
      1.0,
      1.0,
      1.0,
      1.0
    ],
    "capacities": [
      11,
      11,
      11,
      10
    ],
    "vm_allocation_limits": [
      8
    ],
    "min_cpu_per_vm": 1
  },
  "qp_lp": "\\ This file has been generated by DOcplex\n\\ ENCODING=ISO-8859-1\n\\Problem name: qiskit_server\n\nMinimize\n obj: si0 + si1 + si2 + si3 + [ 2 vj0i0*uj0 + 2 vj0i1*uj0 + 2 vj0i2*uj0\n      + 2 vj0i3*uj0 ]/2\nSubject To\n cons_server_load_0: vj0i0 >= 10\n cons_server_load_1: vj0i1 >= 10\n cons_server_load_2: vj0i2 >= 10\n cons_server_load_3: vj0i3 >= 9\n cons_first3vm_server_0: vj0i0 >= 11\n cons_first3vm_server_1: vj0i1 >= 11\n cons_first3vm_server_2: vj0i2 >= 11\n cons_server_on_0: si0 = 1\n cons_server_on_1: si1 = 1\n cons_server_on_2: si2 = 1\n cons_server_on_3: si3 = 1\n cons_vm_alloc_0: vj0i0 + vj0i1 + vj0i2 + vj0i3 <= 8\n cons_min_cpu_vm_0: uj0 >= 1\n\nBounds\n 0 <= si0 <= 1\n 0 <= si1 <= 1\n 0 <= si2 <= 1\n 0 <= si3 <= 1\n\nBinaries\n si0 si1 si2 si3\nEnd\n",
  "classic": {
    "objective": 16.654542780631296,
    "status": "INFEASIBLE",
    "x": [
      1.0,
      1.0,
      1.0,
      1.0,
      4.2,
      4.199999999999999,
      4.2,
      2.2,
      0.8550366743669796
    ],
    "residuals": [
      0.029756308743743434,
      0.1423927333414409,
      0.18848683122712287,
      0.1049656278924431,
      0.28782083892254356,
      0.217456417991492,
      0.24165388856393272,
      0.2099174614329914,
      0.1498515225554861,
      0.09480921322783493,
      0.0780083165372431,
      0.07340523673359,
      0.2411632377799132,
      0.16310382028672946,
      0.06068428439336246,
      0.08339471475948258,
      0.047312650090230626,
      0.05244660098753388,
      0.04724429350135599,
      0.09049296872489312,
      0.09728593213705525,
      0.09058044827810748,
      0.1599860539623724,
      0.09526753669455243,
      0.17346680630924124,
      0.0644024016621386,
      0.02250469460023601,
      0.01793342500020852,
      0.026924505780012816,
      0.01759787848773979,
      0.10347525257732855,
      0.04409188947878365,
      0.06168836151211426,
      0.00887113529199477,
      0.006359785887637744,
      0.05685220407666984,
      0.04372825340485404,
      0.005108307138698906,
      0.008155110463263022,
      0.003816002978494753,
      0.017935065410595672,
      0.008846760953311935,
      0.008789236555489674,
      0.02845145241405074,
      0.011006461090724267,
      0.026898372726487194,
      0.007736757247086469,
      0.001287834913680001,
      0.004134201916927275,
      0.00758820222974814,
      0.002057059532313395,
      0.008930340334762744,
      0.012349351678807245,
      0.0018854924636158498,
      0.0019759176677444745,
      0.0009464532685091798,
      0.0007081199530859784,
      0.0007252558432004021,
      0.0003306897601020013,
      0.008931052025201738,
      0.003413031511962683,
      0.00023140815027245993,
      0.00022039199141767082,
      0.000303805693766295,
      0.0015907107137345734,
      0.0011929201420272527,
      0.0012247004939768976,
      0.0010512993051854922,
      0.0002677262487472451,
      0.00012959572999006146,
      0.001280662953766681,
      0.0011953954628883296,
      0.0015729981558739556,
      0.0010780137323006794,
      0.001015504728860003,
      9.087209197572617e-05,
      0.00027978911768832703,
      0.0004143878846745435,
      0.00021654701773724433,
      0.0008859833427760412,
      0.0010085530362690476,
      0.0004961561931401469,
      0.0003983856567441108,
      0.00014110303235170544,
      0.0004414496134747778,
      0.00021948414264952185,
      4.894102264724962e-05,
      0.0002072557229261145,
      9.092180867117723e-05,
      0.00010760466546134457,
      0.00012397319138171163,
      0.00021151013446472471,
      9.395213274179242e-05,
      8.9728233766783e-05,
      9.791166394448758e-05,
      0.0002391961503324496,
      0.00017740973107923378,
      0.00018842649408653666,
      0.00019479969865971168,
      0.00023509352559197426
    ],
    "duration_seconds": 109.33839629997965
  },
  "quantum": {
    "objective": 12.873499125842455,
    "status": "INFEASIBLE",
    "x": [
      0.0,
      0.0,
      1.0,
      1.0,
      4.199999999999999,
      4.2,
      4.2,
      2.2,
      0.7346958868812471
    ],
    "residuals": [
      0.11373158611013988,
      0.09572576286935336,
      0.08257604213502094,
      0.050431645392322415,
      0.055914525991027406,
      0.12091038225099797,
      0.058917023043114435,
      0.01924665517586822,
      0.02009613334916179,
      0.09576358559918764,
      0.026843386872643194,
      0.01648446562252871,
      0.03394706640242284,
      0.009439927217905628,
      0.06303115218230218,
      0.014434694323297663,
      0.0127177207101927,
      0.00876737430201945,
      0.014916893053676938,
      0.009319996254152148,
      0.014590241063125892,
      0.005986752479348039,
      0.010195862337225388,
      0.014445053525081186,
      0.00300778054262279,
      0.004440673873251539,
      0.003906730453342117,
      0.004003263956425156,
      0.006746129047617614,
      0.003478884590355229,
      0.007373048143512276,
      0.00637863308862993,
      0.019875621990431233,
      0.0018021565538253847,
      0.0008564359868846422,
      0.017436422757650796,
      0.006565285723292235,
      0.0027463971818513008,
      0.009283774169523855,
      0.0046379521527751,
      0.0015168296460080035,
      0.0012427160677737819,
      0.002116623657832091,
      0.0008847658277497812,
      0.0012928174187768662,
      0.0006463289359830101,
      0.0012092282693427696,
      0.0020636547601893644,
      0.0007278343689723816,
      0.00024969481197852073,
      0.001784477837765536,
      0.0002521190044234159,
      0.00020977631673698886,
      0.0010608785063598344,
      0.0009994591183482718,
      0.0021937422030357243,
      0.00012758739641852043,
      0.0004012933155324338,
      0.00017427611314396833,
      9.121109691116273e-05
    ],
    "duration_seconds": 935.2094556000084
  },
  "combined_image": "q_20260324_112434_results.png"
}