{
  "script": "q",
  "meta": {
    "n_servers": 2,
    "n_vms": 2,
    "require_all_on": true
  },
  "input": {
    "pi": [
      1.0,
      1.0
    ],
    "pd": [
      1.0,
      1.0
    ],
    "capacities": [
      11,
      11
    ],
    "vm_allocation_limits": [
      10,
      11
    ],
    "min_cpu_per_vm": 1
  },
  "qp_lp": "\\ This file has been generated by DOcplex\n\\ ENCODING=ISO-8859-1\n\\Problem name: qiskit_server\n\nMinimize\n obj: si0 + si1 + [ 2 vj0i0*uj0 + 2 vj0i1*uj0 + 2 vj1i0*uj1 + 2 vj1i1*uj1 ]/2\nSubject To\n cons_server_load_0: vj0i0 + vj1i0 >= 10\n cons_server_load_1: vj0i1 + vj1i1 >= 10\n cons_first3vm_server_0: vj0i0 + vj1i0 >= 11\n cons_first3vm_server_1: vj0i1 + vj1i1 >= 11\n cons_server_on_0: si0 = 1\n cons_server_on_1: si1 = 1\n cons_vm_alloc_0: vj0i0 + vj0i1 <= 10\n cons_vm_alloc_1: vj1i0 + vj1i1 <= 11\n cons_min_cpu_vm_0: uj0 >= 1\n cons_min_cpu_vm_1: uj1 >= 1\n\nBounds\n 0 <= si0 <= 1\n 0 <= si1 <= 1\n\nBinaries\n si0 si1\nEnd\n",
  "classic": {
    "objective": 18.12655624674209,
    "status": "INFEASIBLE",
    "x": [
      1.0,
      1.0,
      4.18901859902699,
      6.060981400973011,
      6.56098140097301,
      4.689018599026987,
      0.7500995469101222,
      0.7500476347478525
    ],
    "residuals": [
      9.999999999899987e-05,
      0.00014869796307531518,
      6.210136890311022e-05,
      5.4540308827735625e-05,
      0.00013390659637466543,
      0.00016479487351019043,
      9.999999999833968e-05,
      5.81238553506359e-05,
      4.822581493949824e-05,
      9.82473097334758e-05,
      0.0004399784895354256,
      0.00017510811691683303,
      9.999999999851958e-05,
      0.00016567264001241035,
      9.969052138705331e-05,
      0.0001279504076957539,
      8.62141686029502e-05,
      9.176834741200158e-05,
      0.00013355146203891915,
      6.743188865518447e-05,
      8.010608426654027e-05,
      0.00010861785418597908,
      6.931427244158712e-05,
      9.407095735180638e-05,
      0.00011606970698408166,
      0.00020471857561131678,
      0.00023916061155458977,
      0.00029985904219700124,
      0.00019820701683743454,
      0.0001434224534087617,
      0.0002196310607715959,
      0.0002019463110758426,
      6.777502907535621e-05,
      5.3738147107847286e-05,
      8.8284165959474e-05,
      0.00014514431204957503,
      0.00019021696336314004,
      8.178618753966754e-05,
      9.080321649591934e-05,
      5.141589572800745e-05,
      2.366826325087763e-05,
      3.683336496378322e-05,
      0.0002086587264841126,
      6.906014945793303e-05,
      5.930766790317705e-05,
      0.0001733665923180466,
      0.0001604449432332852,
      0.00012727898865101892,
      0.0001487605723960994,
      0.00018165216390092988,
      5.6328022935322194e-05,
      0.00010676986038959794,
      0.00011886840590103657,
      9.203974123833877e-05,
      8.262317286162939e-05,
      2.0195898311825207e-05,
      0.00018901306391045923,
      0.0001439538203806808,
      5.427987242052212e-05,
      1.7094336768206975e-05,
      8.120746129166866e-05,
      9.558019668061165e-05,
      7.993712085291375e-05,
      0.00021466228519961448,
      0.00013747811706938222,
      6.206950012106758e-05,
      0.00010275027948782815,
      0.00017901435385562022,
      0.0001643554114192216,
      2.8642076656870235e-05,
      0.00010773738836538478,
      7.076484096841421e-05,
      3.8911340188490497e-05,
      0.00010201048948158678,
      0.00012697650213856464,
      0.00013124744776388706,
      0.00023556770389066519,
      4.6102639108828116e-05,
      0.00010633872709478096,
      0.00010677146708759524,
      0.00013678815646744552,
      0.0001625786332805735,
      0.00015507396676614374,
      0.00011377011922730928,
      0.00016664618943675844,
      8.25267495546969e-05,
      0.00018311429584160732,
      0.00017824835197046625,
      0.00014944038445967268,
      0.00013691252089521365,
      6.478485118016838e-05,
      8.247950716428253e-05,
      0.00016165522337320765,
      7.721792829838855e-05,
      2.2137058380496487e-05,
      0.00010196274412939903,
      0.0001565001864307849,
      0.00020762185342117686,
      0.0001349720796314928,
      0.0001075318215989653
    ],
    "duration_seconds": 60.80422330001602
  },
  "quantum": {
    "objective": 16.126024999999768,
    "status": "INFEASIBLE",
    "x": [
      0.0,
      0.0,
      4.1843227614552365,
      6.065677238544763,
      6.5656772385447635,
      4.6843227614552365,
      0.7500999999999772,
      0.75
    ],
    "residuals": [
      9.999871746614644e-05
    ],
    "duration_seconds": 4.734245400002692
  },
  "combined_image": "q_20260324_093448_results.png"
}