{
  "script": "q",
  "meta": {
    "n_servers": 2,
    "n_vms": 5,
    "require_all_on": true
  },
  "input": {
    "pi": [
      1.0,
      1.0
    ],
    "pd": [
      1.0,
      1.0
    ],
    "capacities": [
      11,
      11
    ],
    "vm_allocation_limits": [
      8,
      11,
      10,
      9,
      12
    ],
    "min_cpu_per_vm": 1
  },
  "qp_lp": "\\ This file has been generated by DOcplex\n\\ ENCODING=ISO-8859-1\n\\Problem name: qiskit_server\n\nMinimize\n obj: si0 + si1 + [ 2 vj0i0*uj0 + 2 vj0i1*uj0 + 2 vj1i0*uj1 + 2 vj1i1*uj1\n      + 2 vj2i0*uj2 + 2 vj2i1*uj2 + 2 vj3i0*uj3 + 2 vj3i1*uj3 + 2 vj4i0*uj4\n      + 2 vj4i1*uj4 ]/2\nSubject To\n cons_server_load_0: vj0i0 + vj1i0 + vj2i0 + vj3i0 + vj4i0 >= 10\n cons_server_load_1: vj0i1 + vj1i1 + vj2i1 + vj3i1 + vj4i1 >= 10\n cons_first3vm_server_0: vj0i0 + vj1i0 + vj2i0 >= 11\n cons_first3vm_server_1: vj0i1 + vj1i1 + vj2i1 >= 11\n cons_server_on_0: si0 = 1\n cons_server_on_1: si1 = 1\n cons_vm_alloc_0: vj0i0 + vj0i1 <= 8\n cons_vm_alloc_1: vj1i0 + vj1i1 <= 11\n cons_vm_alloc_2: vj2i0 + vj2i1 <= 10\n cons_vm_alloc_3: vj3i0 + vj3i1 <= 9\n cons_vm_alloc_4: vj4i0 + vj4i1 <= 12\n cons_min_cpu_vm_0: uj0 >= 1\n cons_min_cpu_vm_1: uj1 >= 1\n cons_min_cpu_vm_2: uj2 >= 1\n cons_min_cpu_vm_3: uj3 >= 1\n cons_min_cpu_vm_4: uj4 >= 1\n\nBounds\n 0 <= si0 <= 1\n 0 <= si1 <= 1\n\nBinaries\n si0 si1\nEnd\n",
  "classic": {
    "objective": 24.0,
    "status": "INFEASIBLE",
    "x": [
      1.0,
      1.0,
      4.4000404340771775,
      3.136643824419982,
      2.9683950446483074,
      3.6984386134377134,
      3.6315645212745147,
      4.164917562142305,
      -5.9838520561970725e-22,
      6.417127610050405e-23,
      -2.8391981438663177e-22,
      9.573945615092007e-22,
      1.0,
      1.0,
      1.0,
      1.3696578463174458,
      1.0081134179324618
    ],
    "residuals": [
      9.99999999999115e-05,
      0.00017207639599987263,
      9.999999999991275e-05,
      3.0800859762958286e-05,
      6.807844750557389e-05,
      8.363968714489482e-05,
      0.00017184926128467322,
      0.00017321619186262243,
      0.00020235838946186218,
      6.356662280369797e-05,
      0.00019148717449175522,
      6.567896939970088e-05,
      9.999999999991427e-05,
      0.00011525057755937454,
      9.233880614728422e-05,
      7.360002679086177e-05,
      0.00018686225675664442,
      0.00018453037750296522,
      0.00018639239629074446,
      0.00018847118061300934,
      3.873727576054061e-05,
      0.00016815679058583566,
      7.911923029186106e-05,
      9.447251814717092e-05,
      0.0001454960022542099,
      0.00015622044675813121,
      5.9233655018963426e-05,
      0.00013532724178415528,
      0.00021673110829385005,
      0.00031554864650473226,
      0.00019803923708566176,
      0.0001598808469773406,
      0.00011190493039294304,
      0.0001403914099999274,
      0.00021896833454924572,
      0.0001176194966260221,
      0.00019830251260562708,
      0.00013171629886630858,
      0.00013885936846232534,
      0.00024206164849452608,
      0.00013868578720398623,
      0.00017297848239410297,
      0.00018620466000811468,
      2.659415541965656e-05,
      0.00013782098013638634,
      1.204412365176028e-05,
      0.00020335986276266983,
      0.00017406182413817593,
      5.2686941322005325e-05,
      6.779206030735379e-05,
      8.805012583169154e-05,
      0.000141765974350097,
      0.00020984312931386236,
      0.00011349145380088329,
      0.00014238663065933458,
      0.00022358836640146566,
      0.00014081263779717386,
      4.5273384960875855e-06,
      6.682728562281056e-05,
      0.00016335711236245513,
      8.33385740416591e-05,
      0.0001889219139855222,
      4.886703218152289e-05,
      4.360473856563098e-05,
      0.0001450268182938437,
      0.0001960135402164947,
      1.1846720121820403e-05,
      3.837918836100029e-05,
      0.00020583079140748387,
      6.669230734263542e-05,
      0.00019580129372577691,
      0.0001948763741642356,
      6.441283223860249e-05,
      0.0001229086563999979,
      0.00010628389835869136,
      0.00011287191030187211,
      0.00015378680390128974,
      0.00020326696885231092,
      0.00010571210815517742,
      0.00010137610783461606,
      1.5208344341150766e-05,
      1.5135829442067262e-05,
      0.0001441289931182691,
      8.164352401601482e-05,
      0.00017784679646520307,
      0.00016347620586863894,
      3.531956120543705e-05,
      5.176485941768604e-05,
      0.00011779599182585111,
      8.292753729298365e-05,
      0.00017372622882264984,
      0.00020244252189227256,
      0.0001664708378214068,
      0.00010741968654859937,
      9.667816770454884e-05,
      0.00011538710403696552,
      8.490428902405425e-05,
      0.00015656435008530757,
      0.0001078276098854233,
      0.0001536488273954963
    ],
    "duration_seconds": 270.29718330001924
  },
  "quantum": {
    "objective": 21.999999999999996,
    "status": "INFEASIBLE",
    "x": [
      0.0,
      0.0,
      3.73627396466913,
      3.634753697244593,
      3.4043332927614784,
      3.7479792433844583,
      3.8593927425693906,
      3.617267059370948,
      8.054203472140028e-22,
      6.344839677078148e-23,
      -3.019407973205532e-17,
      3.615886353206585e-20,
      0.9999999999999999,
      0.9999999999999999,
      1.0,
      1.000082371345419,
      1.298383588619254
    ],
    "residuals": [
      9.999999999993892e-05
    ],
    "duration_seconds": 4.844841799989808
  },
  "combined_image": "q_20260324_094521_results.png"
}