{
  "script": "q",
  "meta": {
    "n_servers": 3,
    "n_vms": 1,
    "require_all_on": true
  },
  "input": {
    "pi": [
      1.0,
      1.0,
      1.0
    ],
    "pd": [
      1.0,
      1.0,
      1.0
    ],
    "capacities": [
      11,
      11,
      11
    ],
    "vm_allocation_limits": [
      10
    ],
    "min_cpu_per_vm": 1
  },
  "qp_lp": "\\ This file has been generated by DOcplex\n\\ ENCODING=ISO-8859-1\n\\Problem name: qiskit_server\n\nMinimize\n obj: si0 + si1 + si2 + [ 2 vj0i0*uj0 + 2 vj0i1*uj0 + 2 vj0i2*uj0 ]/2\nSubject To\n cons_server_load_0: vj0i0 >= 10\n cons_server_load_1: vj0i1 >= 10\n cons_server_load_2: vj0i2 >= 10\n cons_first3vm_server_0: vj0i0 >= 11\n cons_first3vm_server_1: vj0i1 >= 11\n cons_first3vm_server_2: vj0i2 >= 11\n cons_server_on_0: si0 = 1\n cons_server_on_1: si1 = 1\n cons_server_on_2: si2 = 1\n cons_vm_alloc_0: vj0i0 + vj0i1 + vj0i2 <= 10\n cons_min_cpu_vm_0: uj0 >= 1\n\nBounds\n 0 <= si0 <= 1\n 0 <= si1 <= 1\n 0 <= si2 <= 1\n\nBinaries\n si0 si1 si2\nEnd\n",
  "classic": {
    "objective": 21.92773884223885,
    "status": "INFEASIBLE",
    "x": [
      1.0,
      1.0,
      1.0,
      5.25,
      5.25,
      5.25,
      1.2017611963326253
    ],
    "residuals": [
      0.4928507342352456,
      0.43070340957058867,
      0.18241352471400132,
      0.0954177533751123,
      0.1199533958967862,
      0.40027822755452824,
      0.37565892750055246,
      0.35954059892740864,
      0.7275949704001635,
      0.17963612052889288,
      0.07431287131161757,
      0.37617003555338785,
      0.3512662489297051,
      0.41670011457294076,
      0.12928471170598263,
      0.0789367377076379,
      0.4460357011248922,
      0.27369333961789394,
      0.23283728541177323,
      0.4431102434929935,
      0.23853131937100905,
      0.2702538858004671,
      0.16629443315591508,
      0.31574068768693675,
      0.19043108937065417,
      0.0894487200174375,
      0.2536904628419798,
      0.1217995133358571,
      0.10381645721242812,
      0.09152497711624372,
      0.1366422986324369,
      0.036080559570383974,
      0.09309869682913795,
      0.09289947949088097,
      0.08042217280123376,
      0.016586015700106663,
      0.1056122591658143,
      0.08090950279223279,
      0.03117918585292848,
      0.029658011027875634,
      0.04676215709633954,
      0.01622319639402983,
      0.01735458375960459,
      0.03231249804563193,
      0.02190504168222518,
      0.04535073357651755,
      0.03540469632867965,
      0.022195428380661693,
      0.016789829871802598,
      0.011291191922036708,
      0.005464938663697217,
      0.002900179550295469,
      0.0026247506619391818,
      0.013442627192393626,
      0.00722648540367537,
      0.013446410088434243,
      0.02601619619113942,
      0.006712568459537889,
      0.0018736888982523064,
      0.00701959610032787,
      0.0006374296000934627,
      0.005827585883533101,
      0.007670964087120088,
      0.0070131564968173256,
      0.016463517979992716,
      0.0010101347844086838,
      0.005107405000193657,
      0.002058140591018924,
      0.006502057087665982,
      0.0025456450023734058,
      0.0005911407947136678,
      0.004312900368401128,
      0.004522230242044383,
      0.0005151631194316606,
      0.00025590321889755447,
      0.00010317019337625234,
      0.00014765953159570337,
      0.00020414574333782733,
      0.00027113564565462854,
      0.0004103091801021653,
      0.0001737120854155421,
      0.000114606705696186,
      0.00032956190411718474,
      0.0003189740724935914,
      0.00032671429365600525,
      0.00046517333207256534,
      0.00014539097273719823,
      0.0007000594397917193,
      0.0002012815825479543,
      0.0008013654523666889,
      0.00014927429760864277,
      0.00013521802096980938,
      4.832890352364058e-05,
      0.0001145246173613859,
      0.00015217779146654782,
      0.0003191327575970659,
      0.00011664186711913009,
      0.000416258077102659,
      0.0001333847224159993,
      0.00029585997683668065
    ],
    "duration_seconds": 111.17386139999144
  },
  "quantum": {
    "objective": 14.908471772810122,
    "status": "INFEASIBLE",
    "x": [
      0.0,
      0.0,
      0.0,
      5.250000000000001,
      5.250000000000001,
      5.25,
      0.9465696363688966
    ],
    "residuals": [
      0.10999947465068922,
      0.04834383945032928,
      0.1121313195389555,
      0.08576339147133608,
      0.04399319062470044,
      0.07444677125268041,
      0.02413146873662831,
      0.03951667925327921,
      0.022134101143792963,
      0.0363815212161984,
      0.01577873060194042,
      0.011426034566476242,
      0.046206228203381106,
      0.014212722630649951,
      0.01031430458039226,
      0.011120311109951202,
      0.02733458676787767,
      0.006645649573144031,
      0.006053597028988698,
      0.027556300676519107,
      0.01429390009165065,
      0.004667757947406716,
      0.008471850405086207,
      0.0221161843269115,
      0.030819773149400317,
      0.002096048741671929,
      0.0010505456657994804,
      0.0040578564551068405,
      0.0014396998682447031,
      0.0013727801170040916,
      0.0004924717249608537,
      0.001395336353083398,
      0.0003368989936640037,
      0.0009265451899445158,
      0.0010041379970352213,
      0.0004590358408611233,
      0.00017499198982973003,
      0.00015883068505977732,
      0.00016871940528171485,
      0.000209598263176136,
      0.00020731360726277236,
      1.4039357065333539e-05
    ],
    "duration_seconds": 358.9755298999953
  },
  "combined_image": "q_20260324_095931_results.png"
}