{
  "script": "q",
  "meta": {
    "n_servers": 2,
    "n_vms": 6,
    "require_all_on": true
  },
  "input": {
    "pi": [
      1.0,
      1.0
    ],
    "pd": [
      1.0,
      1.0
    ],
    "capacities": [
      11,
      11
    ],
    "vm_allocation_limits": [
      8,
      12,
      11,
      10,
      9,
      11
    ],
    "min_cpu_per_vm": 1
  },
  "qp_lp": "\\ This file has been generated by DOcplex\n\\ ENCODING=ISO-8859-1\n\\Problem name: qiskit_server\n\nMinimize\n obj: si0 + si1 + [ 2 vj0i0*uj0 + 2 vj0i1*uj0 + 2 vj1i0*uj1 + 2 vj1i1*uj1\n      + 2 vj2i0*uj2 + 2 vj2i1*uj2 + 2 vj3i0*uj3 + 2 vj3i1*uj3 + 2 vj4i0*uj4\n      + 2 vj4i1*uj4 + 2 vj5i0*uj5 + 2 vj5i1*uj5 ]/2\nSubject To\n cons_server_load_0: vj0i0 + vj1i0 + vj2i0 + vj3i0 + vj4i0 + vj5i0 >= 10\n cons_server_load_1: vj0i1 + vj1i1 + vj2i1 + vj3i1 + vj4i1 + vj5i1 >= 10\n cons_first3vm_server_0: vj0i0 + vj1i0 + vj2i0 >= 11\n cons_first3vm_server_1: vj0i1 + vj1i1 + vj2i1 >= 11\n cons_server_on_0: si0 = 1\n cons_server_on_1: si1 = 1\n cons_vm_alloc_0: vj0i0 + vj0i1 <= 8\n cons_vm_alloc_1: vj1i0 + vj1i1 <= 12\n cons_vm_alloc_2: vj2i0 + vj2i1 <= 11\n cons_vm_alloc_3: vj3i0 + vj3i1 <= 10\n cons_vm_alloc_4: vj4i0 + vj4i1 <= 9\n cons_vm_alloc_5: vj5i0 + vj5i1 <= 11\n cons_min_cpu_vm_0: uj0 >= 1\n cons_min_cpu_vm_1: uj1 >= 1\n cons_min_cpu_vm_2: uj2 >= 1\n cons_min_cpu_vm_3: uj3 >= 1\n cons_min_cpu_vm_4: uj4 >= 1\n cons_min_cpu_vm_5: uj5 >= 1\n\nBounds\n 0 <= si0 <= 1\n 0 <= si1 <= 1\n\nBinaries\n si0 si1\nEnd\n",
  "classic": {
    "objective": 24.0,
    "status": "INFEASIBLE",
    "x": [
      1.0,
      1.0,
      4.402843977526171,
      3.5969690018893585,
      3.5319542765264593,
      3.517665129358435,
      3.0652017459473693,
      3.885365868752207,
      -1.1398798518437097e-16,
      1.019447705882524e-19,
      1.8665482423835865e-21,
      -3.1015028974236015e-17,
      1.6236723766964887e-16,
      1.5768802126736058e-16,
      1.0,
      1.0,
      1.0,
      1.0613994096207084,
      1.2327644346694182,
      1.2116840993673734
    ],
    "residuals": [
      9.999999999999999e-05,
      0.00019863553389404495,
      0.0001,
      0.00012326931767803786,
      0.00011913616974708618,
      0.00010007476019768852,
      9.999999999999999e-05,
      0.00010055898061991366,
      9.999999999964317e-05,
      0.0001024103116668132,
      0.00014670101490454142,
      0.00011179811233254431,
      0.00013428688300025254,
      4.9891377917821854e-05,
      0.00010930773447122835,
      9.999999999990327e-05,
      8.821168732545294e-05,
      9.999999999999999e-05,
      0.0001259817528949522,
      0.00013503698234821175,
      0.0001608598596934203,
      0.00030966199876496253,
      0.00011380311603598289,
      3.5335206989700065e-05,
      6.255623485775984e-05,
      0.00013827343979618605,
      0.00021312535911993205,
      3.1184543865526425e-05,
      0.00013496339416926395,
      0.0001646445878336521,
      0.00019004684336968385,
      0.0002299323905437809,
      0.00018897637800673216,
      0.0003127658966079814,
      0.0001674670571577795,
      0.0002023014101551175,
      0.00023147146813983448,
      0.00024835996960176154,
      0.00017581650536358957,
      0.00015888611240061462,
      0.00022829710378465204,
      9.77322016690165e-05,
      0.00019617237986207465,
      0.00020195411858677832,
      0.00013089187575250435,
      0.00011729750345091058,
      0.00020548178542756032,
      6.450926163976487e-05,
      0.0001819258550562464,
      2.980342547648142e-05,
      0.00015011221325789023,
      0.00020698281732933266,
      0.00010921337068544492,
      0.00017031063022122722,
      6.16045361533441e-05,
      0.0001306818900203353,
      0.00011683168915945565,
      9.909626549405212e-05,
      9.79507779749785e-05,
      9.536980412311427e-05,
      0.00012748216264006819,
      7.677744984253251e-05,
      0.0001884721409226447,
      0.0002024387535643337,
      1.2353252234849882e-05,
      0.0001086583809098193,
      0.00021388776942661013,
      0.00023028449161802402,
      0.00017185655306441066,
      8.427754449071055e-05,
      4.614080825335094e-05,
      0.00010440072450556145,
      0.0001828030572241744,
      0.00016311169824586728,
      0.00017563205388855822,
      0.00019996148894596533,
      0.00017935593301558725,
      3.37624866718172e-05,
      0.00018203288727620105,
      0.00020986826845566684,
      7.631435697024374e-05,
      0.0001622503938837311,
      9.546767641656482e-05,
      0.00013656325224971127,
      0.00012186574312853187,
      0.00010777709702935885,
      0.00016562241286601057,
      7.944925567400965e-05,
      0.00017761867164994678,
      0.00010152353267359001,
      0.00010549418731600048,
      0.00016017071846616715,
      0.00020250132893139642,
      0.00012729251125906236,
      0.00018207755685686514,
      0.00020739992681573105,
      0.00015249336394744775,
      0.0001189422840131565,
      0.0001284470552181913,
      0.00013519799514627792
    ],
    "duration_seconds": 334.61067520000506
  },
  "quantum": {
    "objective": 21.999999999999996,
    "status": "INFEASIBLE",
    "x": [
      0.0,
      0.0,
      4.527409131362409,
      3.47241358235675,
      3.105333169677232,
      3.740310890676948,
      3.367257698960356,
      3.7872755269663023,
      6.141784872021007e-17,
      -4.2028373979667244e-17,
      -1.619087845472355e-17,
      -8.733491649397807e-17,
      -9.01571487933714e-17,
      5.0766745599091904e-18,
      0.9999999999999999,
      0.9999999999999998,
      0.9999999999999999,
      1.3541927522030557,
      1.375642128614091,
      1.2102947162271975
    ],
    "residuals": [
      9.999999999996627e-05
    ],
    "duration_seconds": 5.275499799987301
  },
  "combined_image": "q_20260324_095109_results.png"
}