{
  "script": "q",
  "meta": {
    "n_servers": 3,
    "n_vms": 2,
    "require_all_on": true
  },
  "input": {
    "pi": [
      1.0,
      1.0,
      1.0
    ],
    "pd": [
      1.0,
      1.0,
      1.0
    ],
    "capacities": [
      11,
      11,
      11
    ],
    "vm_allocation_limits": [
      9,
      12
    ],
    "min_cpu_per_vm": 1
  },
  "qp_lp": "\\ This file has been generated by DOcplex\n\\ ENCODING=ISO-8859-1\n\\Problem name: qiskit_server\n\nMinimize\n obj: si0 + si1 + si2 + [ 2 vj0i0*uj0 + 2 vj0i1*uj0 + 2 vj0i2*uj0 + 2 vj1i0*uj1\n      + 2 vj1i1*uj1 + 2 vj1i2*uj1 ]/2\nSubject To\n cons_server_load_0: vj0i0 + vj1i0 >= 10\n cons_server_load_1: vj0i1 + vj1i1 >= 10\n cons_server_load_2: vj0i2 + vj1i2 >= 10\n cons_first3vm_server_0: vj0i0 + vj1i0 >= 11\n cons_first3vm_server_1: vj0i1 + vj1i1 >= 11\n cons_first3vm_server_2: vj0i2 + vj1i2 >= 11\n cons_server_on_0: si0 = 1\n cons_server_on_1: si1 = 1\n cons_server_on_2: si2 = 1\n cons_vm_alloc_0: vj0i0 + vj0i1 + vj0i2 <= 9\n cons_vm_alloc_1: vj1i0 + vj1i1 + vj1i2 <= 12\n cons_min_cpu_vm_0: uj0 >= 1\n cons_min_cpu_vm_1: uj1 >= 1\n\nBounds\n 0 <= si0 <= 1\n 0 <= si1 <= 1\n 0 <= si2 <= 1\n\nBinaries\n si0 si1 si2\nEnd\n",
  "classic": {
    "objective": 20.790461007009405,
    "status": "INFEASIBLE",
    "x": [
      1.0,
      1.0,
      1.0,
      3.6046016630566187,
      4.249778315073905,
      3.5456200218694787,
      4.995398336943383,
      4.350221684926095,
      5.054379978130524,
      0.638982095547499,
      0.7295878554005496
    ],
    "residuals": [
      0.034369790558493686,
      0.1381662362914785,
      0.1275547450953292,
      0.27000801666061575,
      0.1248806314804434,
      0.05659966310471164,
      0.12193552426914746,
      0.40706350920661466,
      0.23015279212869855,
      0.10218481390530625,
      0.05597478011262251,
      0.07229862948129541,
      0.03444122487493268,
      0.037509214212218936,
      0.033956386097642045,
      0.02878089809544964,
      0.052504962817915245,
      0.051787808088877785,
      0.006187741138431248,
      0.003805103747223074,
      0.01778748311717353,
      0.01843860783937761,
      0.005961940625756268,
      0.016718835665701582,
      0.010192980448451513,
      0.015667140720606463,
      0.006139868495618665,
      0.0036368783517777346,
      0.001988171684672278,
      0.057404611250177345,
      0.02078074537615143,
      0.024110268687420094,
      0.007171222338129355,
      0.003500893037404173,
      0.00905508556473063,
      0.0019128464234113953,
      0.006066255201428906,
      0.00877006243693985,
      0.016586306835446013,
      0.052511925497214104,
      0.019835054934437386,
      0.005239068606439613,
      0.0017552166044851314,
      0.000998036680982715,
      0.0008685399875966967,
      0.0007272274707645272,
      0.0012407852298831486,
      0.002028362162895934,
      0.0003986596824236838,
      0.00039391711607345594,
      0.0007354227353290519,
      0.002039223714890883,
      0.0008446828018157314,
      0.0002018776829283925,
      0.00021396138631577172,
      0.00011186709390216739,
      0.000138823996277567,
      0.00014058929978956407,
      0.00016116632404561867,
      0.0029306608294017936,
      0.002260753264979665,
      0.00027078329276970217,
      0.0010117926497338035,
      0.00011432990456935335,
      0.0007254799003346886,
      0.0006898488569496449,
      0.0009308449253532176,
      0.0006210264242079915,
      0.004003700829649456,
      9.444170314421497e-05,
      0.00023244565124600218,
      0.00012792995622834183,
      7.035101525939847e-05,
      0.0001163038731041131,
      0.0001856794886349293,
      0.0010374740313991017,
      0.0001250651469315129,
      0.00018089286866904285,
      0.00015399328352857028,
      0.00013566991224672414,
      0.0002203691527659673,
      0.0002266366295484257,
      0.00016135696470136467,
      0.00011946918993327067,
      6.639762057627577e-05,
      7.24023351541763e-05,
      8.887667149856172e-05,
      5.018872263128413e-05,
      8.294480316759078e-05,
      8.895681855452854e-05,
      5.314110875458933e-05,
      5.488890072231273e-05,
      0.00018185689051658242,
      0.00019068818808567459,
      0.00012850949303238213,
      8.156068332475778e-05,
      9.352262938855168e-05,
      0.00016379255721505627,
      0.00012657085849485415,
      0.0001684579434437584
    ],
    "duration_seconds": 112.28402980003739
  },
  "quantum": {
    "objective": 9.439926082358937,
    "status": "INFEASIBLE",
    "x": [
      0.0,
      1.0,
      1.0,
      3.7018237663955182,
      3.8496501342667004,
      3.8485260993377772,
      4.898176233604478,
      4.750349865733297,
      4.751473900662225,
      -0.5056300986130018,
      0.9169520282324414
    ],
    "residuals": [
      0.07121538155096757,
      0.15113500410809375,
      0.09846952795861237,
      0.04974788661783298,
      0.03713734626880057,
      0.04624985776042474,
      0.023433303158759487,
      0.008277832575250912,
      0.012222698781476717,
      0.00840855802227469,
      0.006280225508945078,
      0.011918924097025756,
      0.017159022626648573,
      0.009570966598352328,
      0.003718219885167571,
      0.017885318056848898,
      0.005286597271866021,
      0.002817518895917984,
      0.005097369636913642,
      0.004879730169538166,
      0.0007223650351208316,
      0.0023289553912613573,
      0.0010629315491968631,
      0.0009852532370177465,
      0.00016331799945089288,
      0.0006015537614383158,
      0.0009222181275585229,
      0.0002114671727999086,
      0.0001284276035527847,
      9.161982542035051e-05
    ],
    "duration_seconds": 201.8529295999906
  },
  "combined_image": "q_20260324_100456_results.png"
}