{
  "script": "q",
  "meta": {
    "n_servers": 4,
    "n_vms": 4,
    "require_all_on": true
  },
  "input": {
    "pi": [
      1.0,
      1.0,
      1.0,
      1.0
    ],
    "pd": [
      1.0,
      1.0,
      1.0,
      1.0
    ],
    "capacities": [
      11,
      11,
      11,
      10
    ],
    "vm_allocation_limits": [
      8,
      10,
      12,
      9
    ],
    "min_cpu_per_vm": 1
  },
  "qp_lp": "\\ This file has been generated by DOcplex\n\\ ENCODING=ISO-8859-1\n\\Problem name: qiskit_server\n\nMinimize\n obj: si0 + si1 + si2 + si3 + [ 2 vj0i0*uj0 + 2 vj0i1*uj0 + 2 vj0i2*uj0\n      + 2 vj0i3*uj0 + 2 vj1i0*uj1 + 2 vj1i1*uj1 + 2 vj1i2*uj1 + 2 vj1i3*uj1\n      + 2 vj2i0*uj2 + 2 vj2i1*uj2 + 2 vj2i2*uj2 + 2 vj2i3*uj2 + 2 vj3i0*uj3\n      + 2 vj3i1*uj3 + 2 vj3i2*uj3 + 2 vj3i3*uj3 ]/2\nSubject To\n cons_server_load_0: vj0i0 + vj1i0 + vj2i0 + vj3i0 >= 10\n cons_server_load_1: vj0i1 + vj1i1 + vj2i1 + vj3i1 >= 10\n cons_server_load_2: vj0i2 + vj1i2 + vj2i2 + vj3i2 >= 10\n cons_server_load_3: vj0i3 + vj1i3 + vj2i3 + vj3i3 >= 9\n cons_first3vm_server_0: vj0i0 + vj1i0 + vj2i0 >= 11\n cons_first3vm_server_1: vj0i1 + vj1i1 + vj2i1 >= 11\n cons_first3vm_server_2: vj0i2 + vj1i2 + vj2i2 >= 11\n cons_server_on_0: si0 = 1\n cons_server_on_1: si1 = 1\n cons_server_on_2: si2 = 1\n cons_server_on_3: si3 = 1\n cons_vm_alloc_0: vj0i0 + vj0i1 + vj0i2 + vj0i3 <= 8\n cons_vm_alloc_1: vj1i0 + vj1i1 + vj1i2 + vj1i3 <= 10\n cons_vm_alloc_2: vj2i0 + vj2i1 + vj2i2 + vj2i3 <= 12\n cons_vm_alloc_3: vj3i0 + vj3i1 + vj3i2 + vj3i3 <= 9\n cons_min_cpu_vm_0: uj0 >= 1\n cons_min_cpu_vm_1: uj1 >= 1\n cons_min_cpu_vm_2: uj2 >= 1\n cons_min_cpu_vm_3: uj3 >= 1\n\nBounds\n 0 <= si0 <= 1\n 0 <= si1 <= 1\n 0 <= si2 <= 1\n 0 <= si3 <= 1\n\nBinaries\n si0 si1 si2 si3\nEnd\n",
  "classic": {
    "objective": 60.54689361687919,
    "status": "INFEASIBLE",
    "x": [
      1.0,
      1.0,
      1.0,
      1.0,
      3.2797237006285327,
      2.618534139066296,
      2.7684088269718385,
      -0.33333333333333204,
      3.9213596202721352,
      3.432997945493191,
      3.3123091009013415,
      -0.33333333333333204,
      3.465583345766,
      4.615134582107179,
      4.585948738793489,
      -0.33333333333333204,
      -0.25463374684186424,
      -0.2996017903671186,
      -0.289811783449969,
      10.037616321303,
      1.7537760782501746,
      1.967497139140814,
      1.2497997157666367,
      0.6729805039570628
    ],
    "residuals": [
      0.11509778984475669,
      0.16442513515391166,
      0.07685173563422572,
      0.12330725628361705,
      0.09070788458411333,
      0.04465274435091401,
      0.17404128134232508,
      0.13214515112154676,
      0.03570145262093843,
      0.020925907962173942,
      0.016149361313386873,
      0.026130618751266637,
      0.018756789899817487,
      0.03902462453386483,
      0.03574579129922999,
      0.019507692039081356,
      0.017420660495934884,
      0.022722085824280067,
      0.018376496820162992,
      0.055987434754902934,
      0.04152047507102356,
      0.03664632082627901,
      0.022089021381343946,
      0.013863395031724148,
      0.008952781981331684,
      0.01786145233536137,
      0.07052173502007897,
      0.030888690663934633,
      0.015930019133808034,
      0.005993406998291122,
      0.0032054185685458487,
      0.0026581036961756174,
      0.0016814508840816338,
      0.0022224504901437897,
      0.0010131140549250245,
      0.002686426106049945,
      0.0059083455059218285,
      0.0013098484730510148,
      0.0011198095580027597,
      0.0008934084571604903,
      0.00022994183258628312,
      0.0005955439298234583,
      0.0031988331439250224,
      0.00043496566942011157,
      0.00048631939243918334,
      0.0007039243916745324,
      0.00024770381557925316,
      0.00018593168548189243,
      0.001330500038502773,
      0.0024644720989240253,
      0.0001049510627782339,
      0.00021102816207625716,
      0.00014125191456841485,
      0.00021994436963786857,
      0.00015249742891421757,
      0.0006992906514977601,
      0.013007745049481694,
      0.0004403036313822969,
      0.005283658923203174,
      0.0020688255328830977,
      0.0091193059299012,
      0.00048500047152379036,
      0.005482636178990905,
      0.0004871909439998551,
      0.0002206881529227804,
      0.00023577613624179347,
      0.0009318917197864893,
      0.0004144173246333878,
      0.00018607295056085213,
      0.004173986807332667,
      0.0013272252414156403,
      0.00019262420748951262,
      0.0001581494530871393,
      0.0001791794233977312,
      0.00011207516052683457,
      0.0001702073960532044,
      0.0002028100902425119,
      0.0001043894869495133,
      0.00017407798422617893,
      0.00015035148795841476,
      0.00021174707025940344,
      0.00019661332565891606,
      0.0001514945264377167,
      0.0001416911236891267,
      0.00016605558316110585,
      7.974675423034272e-05,
      0.0005537209331365107,
      7.341515957180992e-05,
      0.00011069920792440445,
      0.00012599047441711367,
      7.805799144620027e-05,
      0.00020161132362827742,
      0.00015087917909643544,
      0.0001634931025214166,
      0.00015665323564552033,
      6.357724887932013e-05,
      0.0001355413162823858,
      0.00013709224983857448,
      0.0001394353796517742,
      0.0001248943211701475
    ],
    "duration_seconds": 352.7140145000303
  },
  "quantum": {
    "objective": 37.14724867740665,
    "status": "INFEASIBLE",
    "x": [
      0.0,
      1.0,
      1.0,
      0.0,
      3.133748943280104,
      3.143972725994112,
      2.388944997392461,
      -0.3333333333333314,
      3.307771338192004,
      3.4882736958414924,
      3.8706216326331657,
      -0.3333333333333314,
      4.225146385194558,
      4.034420244831069,
      4.407100036641035,
      -0.33333333333333137,
      -0.22416729617522838,
      -0.3050378983371512,
      -0.13852312276583983,
      9.667190823306498,
      1.0527298217894825,
      0.6666666666666684,
      0.8571006908249101,
      0.9905816872352088
    ],
    "residuals": [
      0.09077287190616001,
      0.27360401770123904,
      0.10311084223192825,
      0.04565214452998608,
      0.019452900126167964,
      0.0179374700969996,
      0.032856607286773934,
      0.057208265454847404,
      0.04609680712684643,
      0.019894819441836614,
      0.02067105557086157,
      0.015607823090912076,
      0.0054516952466563155,
      0.005813357753923617,
      0.005985189651457991,
      0.018776474706327387,
      0.0048668458449548715,
      0.002003294529740039,
      0.006288700978470195,
      0.0031337814771652314,
      0.0035271858004037766,
      0.001327349558801454,
      0.0019734470813350933,
      0.0014170036859511331,
      0.00115334799952772,
      0.0009341917503844587,
      0.00041141074726108517,
      0.005192217511369693,
      0.000593719368890125,
      0.0005821328186114303,
      0.0004531781070506739,
      0.0003845354647226835,
      6.365965640207599e-05
    ],
    "duration_seconds": 452.0642969000037
  },
  "combined_image": "q_20260324_121126_results.png"
}