{
  "script": "q",
  "meta": {
    "n_servers": 3,
    "n_vms": 5,
    "require_all_on": true
  },
  "input": {
    "pi": [
      1.0,
      1.0,
      1.0
    ],
    "pd": [
      1.0,
      1.0,
      1.0
    ],
    "capacities": [
      11,
      11,
      11
    ],
    "vm_allocation_limits": [
      11,
      8,
      10,
      9,
      12
    ],
    "min_cpu_per_vm": 1
  },
  "qp_lp": "\\ This file has been generated by DOcplex\n\\ ENCODING=ISO-8859-1\n\\Problem name: qiskit_server\n\nMinimize\n obj: si0 + si1 + si2 + [ 2 vj0i0*uj0 + 2 vj0i1*uj0 + 2 vj0i2*uj0 + 2 vj1i0*uj1\n      + 2 vj1i1*uj1 + 2 vj1i2*uj1 + 2 vj2i0*uj2 + 2 vj2i1*uj2 + 2 vj2i2*uj2\n      + 2 vj3i0*uj3 + 2 vj3i1*uj3 + 2 vj3i2*uj3 + 2 vj4i0*uj4 + 2 vj4i1*uj4\n      + 2 vj4i2*uj4 ]/2\nSubject To\n cons_server_load_0: vj0i0 + vj1i0 + vj2i0 + vj3i0 + vj4i0 >= 10\n cons_server_load_1: vj0i1 + vj1i1 + vj2i1 + vj3i1 + vj4i1 >= 10\n cons_server_load_2: vj0i2 + vj1i2 + vj2i2 + vj3i2 + vj4i2 >= 10\n cons_first3vm_server_0: vj0i0 + vj1i0 + vj2i0 >= 11\n cons_first3vm_server_1: vj0i1 + vj1i1 + vj2i1 >= 11\n cons_first3vm_server_2: vj0i2 + vj1i2 + vj2i2 >= 11\n cons_server_on_0: si0 = 1\n cons_server_on_1: si1 = 1\n cons_server_on_2: si2 = 1\n cons_vm_alloc_0: vj0i0 + vj0i1 + vj0i2 <= 11\n cons_vm_alloc_1: vj1i0 + vj1i1 + vj1i2 <= 8\n cons_vm_alloc_2: vj2i0 + vj2i1 + vj2i2 <= 10\n cons_vm_alloc_3: vj3i0 + vj3i1 + vj3i2 <= 9\n cons_vm_alloc_4: vj4i0 + vj4i1 + vj4i2 <= 12\n cons_min_cpu_vm_0: uj0 >= 1\n cons_min_cpu_vm_1: uj1 >= 1\n cons_min_cpu_vm_2: uj2 >= 1\n cons_min_cpu_vm_3: uj3 >= 1\n cons_min_cpu_vm_4: uj4 >= 1\n\nBounds\n 0 <= si0 <= 1\n 0 <= si1 <= 1\n 0 <= si2 <= 1\n\nBinaries\n si0 si1 si2\nEnd\n",
  "classic": {
    "objective": 18.219471221990084,
    "status": "INFEASIBLE",
    "x": [
      1.0,
      1.0,
      1.0,
      3.6270367432552315,
      4.409256587837141,
      3.6303733355742938,
      2.7662156880892144,
      2.838882503130285,
      3.0615684754471597,
      3.9400809019888885,
      3.085194242365903,
      3.64139152231187,
      0.11015181799450757,
      0.16048033730620362,
      0.10247563758373951,
      -0.02961104821174857,
      0.15616868617180718,
      -0.13153592765108246,
      0.33507487573002287,
      0.5183731645534704,
      0.6031728447032517,
      1.0361715501064053,
      0.5524878567081567
    ],
    "residuals": [
      0.046373155086719145,
      0.023208251657218546,
      0.05435653896452131,
      0.06396694058138533,
      0.06641413740811992,
      0.0286125020971541,
      0.009801267478796952,
      0.01562683956549024,
      0.023571192901221418,
      0.020830081174282512,
      0.007063166203059167,
      0.013723401775598353,
      0.013377320076690862,
      0.0028116698261340025,
      0.004636828656230295,
      0.002748775210487749,
      0.005069128821448773,
      0.0027392047279030467,
      0.0053242772843581625,
      0.002030694542398678,
      0.004465963650237482,
      0.005223497382969202,
      0.002837362749752116,
      0.004228286652680787,
      0.004425361418888135,
      0.001553041734740197,
      0.0017804646935905828,
      0.004805227297640923,
      0.002186658729943082,
      0.0007907844438360946,
      0.0020777832903804885,
      0.004362137586454232,
      0.0016860577626755977,
      0.0012199477354721824,
      0.0016377417184394783,
      0.0011179255400544607,
      0.0009496483917133597,
      0.005456352780250882,
      0.0005899250573126456,
      0.0008019567231053082,
      0.0006310604502459711,
      0.0004673845628241019,
      0.00017023799446533831,
      0.00027929587288641754,
      0.00027234171594262105,
      0.00016174466713579568,
      9.507146792990752e-05,
      0.00011822290543786247,
      0.00032513711554840583,
      0.00027767672108994554,
      0.0001526740228819518,
      8.881750825132053e-05,
      5.3529982439686964e-05,
      9.068782198943524e-05,
      0.00012070334676304012,
      7.40027308998511e-05,
      3.1337777297251915e-05,
      0.0001391669064721523,
      0.00010258932132460957,
      0.00016138561120173275,
      0.00010151597547869899,
      0.00023488521582673167,
      0.00023048801644351568,
      0.00012589132079069746,
      0.00017204538390630774,
      9.347984970044259e-05,
      0.00014164116591421533,
      0.00019789954280937262,
      7.342895002350962e-05,
      0.00013628562763947613,
      7.288956892614129e-05,
      9.558232098843963e-05,
      0.00010047716933326962,
      9.379410860995794e-05,
      0.00019939495628343203,
      0.00011506862321921823,
      0.0001538824136502239,
      0.0001128148785347316,
      0.00014113548235235638,
      8.152040836634796e-05,
      0.00019281243423654572,
      0.00017378659364807302,
      0.00011242729311863518,
      8.954171110255128e-05,
      6.821773778177071e-05,
      0.00018938534461980793,
      0.0001764837834206451,
      7.582286660886761e-05,
      2.2805715152836282e-05,
      0.00018155272762144584,
      0.00018510829276813882,
      0.00018224847102112914,
      0.00012831396777938302,
      0.00014218058222445867,
      9.326488907133726e-05,
      0.000156035792541699,
      0.00011386393991511742,
      0.00010492168212043936,
      8.72825340805534e-05,
      0.00025016239984952616
    ],
    "duration_seconds": 372.8763555000187
  },
  "quantum": {
    "objective": 11.346010046329896,
    "status": "INFEASIBLE",
    "x": [
      1.0,
      0.0,
      0.0,
      3.7547299037436357,
      4.0186151191234565,
      3.893321643799575,
      2.9862650911657913,
      2.8138383495331984,
      2.8665632259676794,
      3.592338338423908,
      3.500879864676676,
      3.573448463566082,
      0.03515664591439433,
      0.13815571286666078,
      -0.1541807212158382,
      -0.03967037018391057,
      -0.10107318316926758,
      -0.013040441985777078,
      0.3369565296485649,
      0.3333333333333358,
      0.33596829156851277,
      0.5018176071999795,
      0.43763152526285504
    ],
    "residuals": [
      0.053264433483273046,
      0.036285686251905126,
      0.01634052690161533,
      0.004803838536780277,
      0.01722798654088473,
      0.05488169515643588,
      0.027213608410078784,
      0.027290320729776087,
      0.0172330644481548,
      0.0547901208921195,
      0.014942219525242422,
      0.007765834431830853,
      0.012155570971223082,
      0.005536872055616471,
      0.004428070200097087,
      0.004248798881911423,
      0.0013505218325511057,
      0.0031084228271226707,
      0.00248793281987245,
      0.0015576286752839268,
      0.000878284568398013,
      0.00033117076791777753,
      0.0006222805358351286,
      7.372179704022995e-05
    ],
    "duration_seconds": 272.3725202999776
  },
  "combined_image": "q_20260324_104327_results.png"
}