{
  "script": "q",
  "meta": {
    "n_servers": 1,
    "n_vms": 6,
    "require_all_on": true
  },
  "input": {
    "pi": [
      1.0
    ],
    "pd": [
      1.0
    ],
    "capacities": [
      11
    ],
    "vm_allocation_limits": [
      9,
      10,
      11,
      8,
      12,
      10
    ],
    "min_cpu_per_vm": 1
  },
  "qp_lp": "\\ This file has been generated by DOcplex\n\\ ENCODING=ISO-8859-1\n\\Problem name: qiskit_server\n\nMinimize\n obj: si0 + [ 2 vj0i0*uj0 + 2 vj1i0*uj1 + 2 vj2i0*uj2 + 2 vj3i0*uj3\n      + 2 vj4i0*uj4 + 2 vj5i0*uj5 ]/2\nSubject To\n cons_server_load_0: vj0i0 + vj1i0 + vj2i0 + vj3i0 + vj4i0 + vj5i0 >= 10\n cons_first3vm_server_0: vj0i0 + vj1i0 + vj2i0 >= 11\n cons_server_on_0: si0 = 1\n cons_vm_alloc_0: vj0i0 <= 9\n cons_vm_alloc_1: vj1i0 <= 10\n cons_vm_alloc_2: vj2i0 <= 11\n cons_vm_alloc_3: vj3i0 <= 8\n cons_vm_alloc_4: vj4i0 <= 12\n cons_vm_alloc_5: vj5i0 <= 10\n cons_min_cpu_vm_0: uj0 >= 1\n cons_min_cpu_vm_1: uj1 >= 1\n cons_min_cpu_vm_2: uj2 >= 1\n cons_min_cpu_vm_3: uj3 >= 1\n cons_min_cpu_vm_4: uj4 >= 1\n cons_min_cpu_vm_5: uj5 >= 1\n\nBounds\n 0 <= si0 <= 1\n\nBinaries\n si0\nEnd\n",
  "classic": {
    "objective": 12.0,
    "status": "INFEASIBLE",
    "x": [
      1.0,
      4.222410209771924,
      2.9664022206697953,
      3.811187569558281,
      2.357094814385006e-26,
      -8.700541784787327e-18,
      -2.5026131534138497e-17,
      1.0,
      1.0,
      1.0,
      1.0,
      1.7697910863494961,
      1.7924672518871994
    ],
    "residuals": [
      0.0001,
      0.00012502042267080747,
      9.695684305920391e-05,
      0.0001,
      9.999999999999999e-05,
      0.00016162891188397098,
      0.0001,
      9.782581142513411e-05,
      0.0001,
      6.720182904408337e-05,
      0.00015828732880750494,
      9.999999999999999e-05,
      1.0569027185666844e-07
    ],
    "duration_seconds": 18.13461389997974
  },
  "quantum": {
    "objective": 10.999999999999996,
    "status": "INFEASIBLE",
    "x": [
      0.0,
      4.234688550781298,
      2.862672349774063,
      3.902639099444636,
      -1.8147347498535614e-16,
      -1.9004120571312179e-16,
      -1.4245838743865078e-16,
      1.0,
      1.0,
      1.0,
      1.0000002046064602,
      0.9999999999999999,
      1.1458528644517803
    ],
    "residuals": [
      9.999999999981817e-05
    ],
    "duration_seconds": 5.237642400024924
  },
  "combined_image": "q_20260324_092821_results.png"
}