{
  "script": "q",
  "meta": {
    "n_servers": 1,
    "n_vms": 2,
    "require_all_on": true
  },
  "input": {
    "pi": [
      1.0
    ],
    "pd": [
      1.0
    ],
    "capacities": [
      11
    ],
    "vm_allocation_limits": [
      8,
      10
    ],
    "min_cpu_per_vm": 1.0
  },
  "qp_lp": "\\ This file has been generated by DOcplex\n\\ ENCODING=ISO-8859-1\n\\Problem name: qiskit_server\n\nMinimize\n obj: si0 + [ 2 vj0i0*uj0 + 2 vj1i0*uj1 ]/2\nSubject To\n cons_server_load_0: vj0i0 + vj1i0 >= 9.900000000000\n cons_server_on_0: si0 = 1\n cons_vm_alloc_0: vj0i0 <= 8.100000000000\n cons_vm_alloc_1: vj1i0 <= 10.100000000000\n\nBounds\n 0 <= si0 <= 1\n 0.900000000000 <= uj0\n 0.900000000000 <= uj1\n\nBinaries\n si0\nEnd\n",
  "classic": {
    "objective": 9.909651371210071,
    "status": "INFEASIBLE",
    "x": [
      1.0,
      6.77867565910454,
      3.1213299679889364,
      0.8999634021634735,
      0.899966165605206
    ],
    "residuals": [
      1.1102230246251565e-16
    ],
    "duration_seconds": 0.14009091700427234
  },
  "quantum": {
    "objective": 9.909651371210071,
    "status": "INFEASIBLE",
    "x": [
      1.0,
      6.77867565910454,
      3.1213299679889364,
      0.8999634021634735,
      0.899966165605206
    ],
    "residuals": [
      1.1102230246251565e-16
    ],
    "duration_seconds": 1.2146695830160752
  },
  "combined_image": "q_20260325_114803_results.png"
}