{
  "script": "q",
  "meta": {
    "n_servers": 2,
    "n_vms": 5,
    "require_all_on": true
  },
  "input": {
    "pi": [
      1.0,
      1.0
    ],
    "pd": [
      1.0,
      1.0
    ],
    "capacities": [
      11,
      11
    ],
    "vm_allocation_limits": [
      10,
      12,
      12,
      12,
      10
    ],
    "min_cpu_per_vm": 1.0
  },
  "qp_lp": "\\ This file has been generated by DOcplex\n\\ ENCODING=ISO-8859-1\n\\Problem name: qiskit_server\n\nMinimize\n obj: si0 + si1 + [ 2 vj0i0*uj0 + 2 vj0i1*uj0 + 2 vj1i0*uj1 + 2 vj1i1*uj1\n      + 2 vj2i0*uj2 + 2 vj2i1*uj2 + 2 vj3i0*uj3 + 2 vj3i1*uj3 + 2 vj4i0*uj4\n      + 2 vj4i1*uj4 ]/2\nSubject To\n cons_server_load_0: vj0i0 + vj1i0 + vj2i0 + vj3i0 + vj4i0 >= 9.900000000000\n cons_server_load_1: vj0i1 + vj1i1 + vj2i1 + vj3i1 + vj4i1 >= 9.900000000000\n cons_server_on_0: si0 = 1\n cons_server_on_1: si1 = 1\n cons_vm_alloc_0: vj0i0 + vj0i1 <= 10.100000000000\n cons_vm_alloc_1: vj1i0 + vj1i1 <= 12.100000000000\n cons_vm_alloc_2: vj2i0 + vj2i1 <= 12.100000000000\n cons_vm_alloc_3: vj3i0 + vj3i1 <= 12.100000000000\n cons_vm_alloc_4: vj4i0 + vj4i1 <= 10.100000000000\n\nBounds\n 0 <= si0 <= 1\n 0 <= si1 <= 1\n 0.900000000000 <= uj0\n 0.900000000000 <= uj1\n 0.900000000000 <= uj2\n 0.900000000000 <= uj3\n 0.900000000000 <= uj4\n\nBinaries\n si0 si1\nEnd\n",
  "classic": {
    "objective": 19.81941113977666,
    "status": "INFEASIBLE",
    "x": [
      1.0,
      1.0,
      2.0257553959137726,
      2.026777824983238,
      1.587597221043123,
      1.7907155016120766,
      1.8583309146717775,
      1.8397523591949916,
      2.1346220185970397,
      1.8678475312455483,
      2.2935523128994273,
      2.374730247887497,
      0.8999847444278534,
      0.8999847444278533,
      0.8999847444278533,
      0.8999847444278533,
      0.8999847444278533
    ],
    "residuals": [
      1.1102230246251565e-16
    ],
    "duration_seconds": 0.8634855410200544
  },
  "quantum": {
    "objective": 19.81941113977666,
    "status": "INFEASIBLE",
    "x": [
      1.0,
      1.0,
      2.0257553959137726,
      2.026777824983238,
      1.587597221043123,
      1.7907155016120766,
      1.8583309146717775,
      1.8397523591949916,
      2.1346220185970397,
      1.8678475312455483,
      2.2935523128994273,
      2.374730247887497,
      0.8999847444278534,
      0.8999847444278533,
      0.8999847444278533,
      0.8999847444278533,
      0.8999847444278533
    ],
    "residuals": [
      1.1102230246251565e-16
    ],
    "duration_seconds": 2.022364792006556
  },
  "combined_image": "q_20260325_114846_results.png"
}