{
  "script": "q",
  "meta": {
    "n_servers": 2,
    "n_vms": 1,
    "require_all_on": true
  },
  "input": {
    "pi": [
      1.0,
      1.0
    ],
    "pd": [
      1.0,
      1.0
    ],
    "capacities": [
      11,
      11
    ],
    "vm_allocation_limits": [
      29
    ],
    "min_cpu_per_vm": 1.0
  },
  "qp_lp": "\\ This file has been generated by DOcplex\n\\ ENCODING=ISO-8859-1\n\\Problem name: qiskit_server\n\nMinimize\n obj: si0 + si1 + [ 2 vj0i0*uj0 + 2 vj0i1*uj0 ]/2\nSubject To\n cons_server_load_0: vj0i0 >= 9.900000000000\n cons_server_load_1: vj0i1 >= 9.900000000000\n cons_server_on_0: si0 = 1\n cons_server_on_1: si1 = 1\n cons_vm_alloc_0: vj0i0 + vj0i1 <= 29.100000000000\n\nBounds\n 0 <= si0 <= 1\n 0 <= si1 <= 1\n 0.900000000000 <= uj0\n\nBinaries\n si0 si1\nEnd\n",
  "classic": {
    "objective": 19.81903401620621,
    "status": "INFEASIBLE",
    "x": [
      1.0,
      1.0,
      9.900000000000002,
      9.900008943830228,
      0.8999508064241911
    ],
    "residuals": [
      2.220446049250313e-16
    ],
    "duration_seconds": 0.18489666702225804
  },
  "quantum": {
    "objective": 19.81903401620621,
    "status": "INFEASIBLE",
    "x": [
      1.0,
      1.0,
      9.900000000000002,
      9.900008943830228,
      0.8999508064241911
    ],
    "residuals": [
      2.220446049250313e-16
    ],
    "duration_seconds": 1.4780371250235476
  },
  "combined_image": "q_20260325_114826_results.png"
}