{
  "script": "q",
  "meta": {
    "n_servers": 3,
    "n_vms": 2,
    "require_all_on": true
  },
  "input": {
    "pi": [
      1.0,
      1.0,
      1.0
    ],
    "pd": [
      1.0,
      1.0,
      1.0
    ],
    "capacities": [
      11,
      11,
      11
    ],
    "vm_allocation_limits": [
      22,
      22
    ],
    "min_cpu_per_vm": 1.0
  },
  "qp_lp": "\\ This file has been generated by DOcplex\n\\ ENCODING=ISO-8859-1\n\\Problem name: qiskit_server\n\nMinimize\n obj: si0 + si1 + si2 + [ 2 vj0i0*uj0 + 2 vj0i1*uj0 + 2 vj0i2*uj0 + 2 vj1i0*uj1\n      + 2 vj1i1*uj1 + 2 vj1i2*uj1 ]/2\nSubject To\n cons_server_load_0: vj0i0 + vj1i0 >= 9.900000000000\n cons_server_load_1: vj0i1 + vj1i1 >= 9.900000000000\n cons_server_load_2: vj0i2 + vj1i2 >= 9.900000000000\n cons_server_on_0: si0 = 1\n cons_server_on_1: si1 = 1\n cons_server_on_2: si2 = 1\n cons_vm_alloc_0: vj0i0 + vj0i1 + vj0i2 <= 22.100000000000\n cons_vm_alloc_1: vj1i0 + vj1i1 + vj1i2 <= 22.100000000000\n\nBounds\n 0 <= si0 <= 1\n 0 <= si1 <= 1\n 0 <= si2 <= 1\n 0.900000000000 <= uj0\n 0.900000000000 <= uj1\n\nBinaries\n si0 si1 si2\nEnd\n",
  "classic": {
    "objective": 29.72904850497891,
    "status": "INFEASIBLE",
    "x": [
      1.0,
      1.0,
      1.0,
      3.2945917542528558,
      4.90308744052691,
      2.472420383360428,
      6.605408245747144,
      4.99691255947309,
      7.427579616639573,
      0.9,
      0.89995
    ],
    "residuals": [
      1.3582448155477373e-12
    ],
    "duration_seconds": 0.42943525000009686
  },
  "quantum": {
    "objective": 29.72904850497891,
    "status": "INFEASIBLE",
    "x": [
      1.0,
      1.0,
      1.0,
      3.2945917542528558,
      4.90308744052691,
      2.472420383360428,
      6.605408245747144,
      4.99691255947309,
      7.427579616639573,
      0.9,
      0.89995
    ],
    "residuals": [
      1.3582448155477373e-12
    ],
    "duration_seconds": 2.513253665994853
  },
  "combined_image": "q_20260325_114902_results.png"
}