{
  "script": "q",
  "meta": {
    "n_servers": 4,
    "n_vms": 3,
    "require_all_on": true
  },
  "input": {
    "pi": [
      1.0,
      1.0,
      1.0,
      1.0
    ],
    "pd": [
      1.0,
      1.0,
      1.0,
      1.0
    ],
    "capacities": [
      11,
      11,
      11,
      10
    ],
    "vm_allocation_limits": [
      18,
      19,
      17
    ],
    "min_cpu_per_vm": 1.0
  },
  "qp_lp": "\\ This file has been generated by DOcplex\n\\ ENCODING=ISO-8859-1\n\\Problem name: qiskit_server\n\nMinimize\n obj: si0 + si1 + si2 + si3 + [ 2 vj0i0*uj0 + 2 vj0i1*uj0 + 2 vj0i2*uj0\n      + 2 vj0i3*uj0 + 2 vj1i0*uj1 + 2 vj1i1*uj1 + 2 vj1i2*uj1 + 2 vj1i3*uj1\n      + 2 vj2i0*uj2 + 2 vj2i1*uj2 + 2 vj2i2*uj2 + 2 vj2i3*uj2 ]/2\nSubject To\n cons_server_load_0: vj0i0 + vj1i0 + vj2i0 >= 9.900000000000\n cons_server_load_1: vj0i1 + vj1i1 + vj2i1 >= 9.900000000000\n cons_server_load_2: vj0i2 + vj1i2 + vj2i2 >= 9.900000000000\n cons_server_load_3: vj0i3 + vj1i3 + vj2i3 >= 8.900000000000\n cons_server_on_0: si0 = 1\n cons_server_on_1: si1 = 1\n cons_server_on_2: si2 = 1\n cons_server_on_3: si3 = 1\n cons_vm_alloc_0: vj0i0 + vj0i1 + vj0i2 + vj0i3 <= 18.100000000000\n cons_vm_alloc_1: vj1i0 + vj1i1 + vj1i2 + vj1i3 <= 19.100000000000\n cons_vm_alloc_2: vj2i0 + vj2i1 + vj2i2 + vj2i3 <= 17.100000000000\n\nBounds\n 0 <= si0 <= 1\n 0 <= si1 <= 1\n 0 <= si2 <= 1\n 0 <= si3 <= 1\n 0.900000000000 <= uj0\n 0.900000000000 <= uj1\n 0.900000000000 <= uj2\n\nBinaries\n si0 si1 si2 si3\nEnd\n",
  "classic": {
    "objective": 38.7372546170376,
    "status": "INFEASIBLE",
    "x": [
      1.0,
      1.0,
      1.0,
      1.0,
      4.545095199551196,
      4.370939135668557,
      1.67750870491228,
      1.6653686018562888,
      4.566469698076782,
      2.8582952476030736,
      2.4324552477522055,
      4.304587907369685,
      0.7886515242563673,
      2.6706215891296896,
      5.7898701853009396,
      2.9299655764499155,
      0.8999113267986764,
      0.8999692533241953,
      0.8999122535445645
    ],
    "residuals": [
      1.289412928109164e-05
    ],
    "duration_seconds": 0.81552433304023
  },
  "quantum": {
    "objective": 38.7372546170376,
    "status": "INFEASIBLE",
    "x": [
      1.0,
      1.0,
      1.0,
      1.0,
      4.545095199551196,
      4.370939135668557,
      1.67750870491228,
      1.6653686018562888,
      4.566469698076782,
      2.8582952476030736,
      2.4324552477522055,
      4.304587907369685,
      0.7886515242563673,
      2.6706215891296896,
      5.7898701853009396,
      2.9299655764499155,
      0.8999113267986764,
      0.8999692533241953,
      0.8999122535445645
    ],
    "residuals": [
      1.289412928109164e-05
    ],
    "duration_seconds": 3.8620662090252154
  },
  "combined_image": "q_20260325_114959_results.png"
}