{
  "script": "q",
  "meta": {
    "n_servers": 6,
    "n_vms": 6,
    "require_all_on": true
  },
  "input": {
    "pi": [
      1.0,
      1.0,
      1.0,
      1.0,
      1.0,
      1.0
    ],
    "pd": [
      1.0,
      1.0,
      1.0,
      1.0,
      1.0,
      1.0
    ],
    "capacities": [
      11,
      11,
      11,
      10,
      10,
      10
    ],
    "vm_allocation_limits": [
      15,
      14,
      16,
      17,
      14,
      14
    ],
    "min_cpu_per_vm": 1.0
  },
  "qp_lp": "\\ This file has been generated by DOcplex\n\\ ENCODING=ISO-8859-1\n\\Problem name: qiskit_server\n\nMinimize\n obj: si0 + si1 + si2 + si3 + si4 + si5 + [ 2 vj0i0*uj0 + 2 vj0i1*uj0\n      + 2 vj0i2*uj0 + 2 vj0i3*uj0 + 2 vj0i4*uj0 + 2 vj0i5*uj0 + 2 vj1i0*uj1\n      + 2 vj1i1*uj1 + 2 vj1i2*uj1 + 2 vj1i3*uj1 + 2 vj1i4*uj1 + 2 vj1i5*uj1\n      + 2 vj2i0*uj2 + 2 vj2i1*uj2 + 2 vj2i2*uj2 + 2 vj2i3*uj2 + 2 vj2i4*uj2\n      + 2 vj2i5*uj2 + 2 vj3i0*uj3 + 2 vj3i1*uj3 + 2 vj3i2*uj3 + 2 vj3i3*uj3\n      + 2 vj3i4*uj3 + 2 vj3i5*uj3 + 2 vj4i0*uj4 + 2 vj4i1*uj4 + 2 vj4i2*uj4\n      + 2 vj4i3*uj4 + 2 vj4i4*uj4 + 2 vj4i5*uj4 + 2 vj5i0*uj5 + 2 vj5i1*uj5\n      + 2 vj5i2*uj5 + 2 vj5i3*uj5 + 2 vj5i4*uj5 + 2 vj5i5*uj5 ]/2\nSubject To\n cons_server_load_0: vj0i0 + vj1i0 + vj2i0 + vj3i0 + vj4i0 + vj5i0 >= \n                     9.900000000000\n cons_server_load_1: vj0i1 + vj1i1 + vj2i1 + vj3i1 + vj4i1 + vj5i1 >= \n                     9.900000000000\n cons_server_load_2: vj0i2 + vj1i2 + vj2i2 + vj3i2 + vj4i2 + vj5i2 >= \n                     9.900000000000\n cons_server_load_3: vj0i3 + vj1i3 + vj2i3 + vj3i3 + vj4i3 + vj5i3 >= \n                     8.900000000000\n cons_server_load_4: vj0i4 + vj1i4 + vj2i4 + vj3i4 + vj4i4 + vj5i4 >= \n                     8.900000000000\n cons_server_load_5: vj0i5 + vj1i5 + vj2i5 + vj3i5 + vj4i5 + vj5i5 >= \n                     8.900000000000\n cons_server_on_0: si0 = 1\n cons_server_on_1: si1 = 1\n cons_server_on_2: si2 = 1\n cons_server_on_3: si3 = 1\n cons_server_on_4: si4 = 1\n cons_server_on_5: si5 = 1\n cons_vm_alloc_0: vj0i0 + vj0i1 + vj0i2 + vj0i3 + vj0i4 + vj0i5 <= \n                  15.100000000000\n cons_vm_alloc_1: vj1i0 + vj1i1 + vj1i2 + vj1i3 + vj1i4 + vj1i5 <= \n                  14.100000000000\n cons_vm_alloc_2: vj2i0 + vj2i1 + vj2i2 + vj2i3 + vj2i4 + vj2i5 <= \n                  16.100000000000\n cons_vm_alloc_3: vj3i0 + vj3i1 + vj3i2 + vj3i3 + vj3i4 + vj3i5 <= \n                  17.100000000000\n cons_vm_alloc_4: vj4i0 + vj4i1 + vj4i2 + vj4i3 + vj4i4 + vj4i5 <= \n                  14.100000000000\n cons_vm_alloc_5: vj5i0 + vj5i1 + vj5i2 + vj5i3 + vj5i4 + vj5i5 <= \n                  14.100000000000\n\nBounds\n 0 <= si0 <= 1\n 0 <= si1 <= 1\n 0 <= si2 <= 1\n 0 <= si3 <= 1\n 0 <= si4 <= 1\n 0 <= si5 <= 1\n 0.900000000000 <= uj0\n 0.900000000000 <= uj1\n 0.900000000000 <= uj2\n 0.900000000000 <= uj3\n 0.900000000000 <= uj4\n 0.900000000000 <= uj5\n\nBinaries\n si0 si1 si2 si3 si4 si5\nEnd\n",
  "classic": {
    "objective": 56.7574328524001,
    "status": "INFEASIBLE",
    "x": [
      1.0,
      1.0,
      1.0,
      1.0,
      1.0,
      1.0,
      3.5477113446387385,
      2.578082141254017,
      2.6240110118436992,
      2.593704183667667,
      1.9700197888146187,
      1.7065109625104182,
      2.302748151693764,
      2.2030150390625005,
      1.5607639425847444,
      1.4734525725616439,
      1.0367496993635097,
      0.7634817980467419,
      0.6339488901387501,
      0.841854150221707,
      0.8575538312386881,
      0.984145085213134,
      1.0998987443920654,
      0.7731954650059358,
      0.63622502834387,
      0.726659200776115,
      0.9340622199367787,
      0.9805478522385286,
      1.105376068001304,
      1.2929114647819484,
      1.3879252320341935,
      1.8446299118546636,
      2.19419122822485,
      1.9639545709338706,
      2.6448253007141718,
      2.404032531297086,
      1.3913661767805088,
      1.7056992569541805,
      1.7294530708061748,
      0.9043652468729227,
      1.0433089221382357,
      1.9597777027696068,
      0.8999828869861589,
      0.8999935085702674,
      0.8998773095694108,
      0.8999811378807309,
      0.8999004432839542,
      0.8999531539858951
    ],
    "residuals": [
      0.00013607890083611144,
      9.150819376203312e-05
    ],
    "duration_seconds": 10.684907166054472
  },
  "quantum": {
    "objective": 56.7574328524001,
    "status": "INFEASIBLE",
    "x": [
      1.0,
      1.0,
      1.0,
      1.0,
      1.0,
      1.0,
      3.5477113446387385,
      2.578082141254017,
      2.6240110118436992,
      2.593704183667667,
      1.9700197888146187,
      1.7065109625104182,
      2.302748151693764,
      2.2030150390625005,
      1.5607639425847444,
      1.4734525725616439,
      1.0367496993635097,
      0.7634817980467419,
      0.6339488901387501,
      0.841854150221707,
      0.8575538312386881,
      0.984145085213134,
      1.0998987443920654,
      0.7731954650059358,
      0.63622502834387,
      0.726659200776115,
      0.9340622199367787,
      0.9805478522385286,
      1.105376068001304,
      1.2929114647819484,
      1.3879252320341935,
      1.8446299118546636,
      2.19419122822485,
      1.9639545709338706,
      2.6448253007141718,
      2.404032531297086,
      1.3913661767805088,
      1.7056992569541805,
      1.7294530708061748,
      0.9043652468729227,
      1.0433089221382357,
      1.9597777027696068,
      0.8999828869861589,
      0.8999935085702674,
      0.8998773095694108,
      0.8999811378807309,
      0.8999004432839542,
      0.8999531539858951
    ],
    "residuals": [
      0.00013607890083611144,
      9.150819376203312e-05
    ],
    "duration_seconds": 51.827520833991
  },
  "combined_image": "q_20260325_115741_results.png"
}