{
  "script": "q",
  "meta": {
    "n_servers": 5,
    "n_vms": 3,
    "require_all_on": true
  },
  "input": {
    "pi": [
      1.0,
      1.0,
      1.0,
      1.0,
      1.0
    ],
    "pd": [
      1.0,
      1.0,
      1.0,
      1.0,
      1.0
    ],
    "capacities": [
      11,
      11,
      11,
      10,
      10
    ],
    "vm_allocation_limits": [
      23,
      22,
      21
    ],
    "min_cpu_per_vm": 1.0
  },
  "qp_lp": "\\ This file has been generated by DOcplex\n\\ ENCODING=ISO-8859-1\n\\Problem name: qiskit_server\n\nMinimize\n obj: si0 + si1 + si2 + si3 + si4 + [ 2 vj0i0*uj0 + 2 vj0i1*uj0 + 2 vj0i2*uj0\n      + 2 vj0i3*uj0 + 2 vj0i4*uj0 + 2 vj1i0*uj1 + 2 vj1i1*uj1 + 2 vj1i2*uj1\n      + 2 vj1i3*uj1 + 2 vj1i4*uj1 + 2 vj2i0*uj2 + 2 vj2i1*uj2 + 2 vj2i2*uj2\n      + 2 vj2i3*uj2 + 2 vj2i4*uj2 ]/2\nSubject To\n cons_server_load_0: vj0i0 + vj1i0 + vj2i0 >= 9.900000000000\n cons_server_load_1: vj0i1 + vj1i1 + vj2i1 >= 9.900000000000\n cons_server_load_2: vj0i2 + vj1i2 + vj2i2 >= 9.900000000000\n cons_server_load_3: vj0i3 + vj1i3 + vj2i3 >= 8.900000000000\n cons_server_load_4: vj0i4 + vj1i4 + vj2i4 >= 8.900000000000\n cons_server_on_0: si0 = 1\n cons_server_on_1: si1 = 1\n cons_server_on_2: si2 = 1\n cons_server_on_3: si3 = 1\n cons_server_on_4: si4 = 1\n cons_vm_alloc_0: vj0i0 + vj0i1 + vj0i2 + vj0i3 + vj0i4 <= 23.100000000000\n cons_vm_alloc_1: vj1i0 + vj1i1 + vj1i2 + vj1i3 + vj1i4 <= 22.100000000000\n cons_vm_alloc_2: vj2i0 + vj2i1 + vj2i2 + vj2i3 + vj2i4 <= 21.100000000000\n\nBounds\n 0 <= si0 <= 1\n 0 <= si1 <= 1\n 0 <= si2 <= 1\n 0 <= si3 <= 1\n 0 <= si4 <= 1\n 0.900000000000 <= uj0\n 0.900000000000 <= uj1\n 0.900000000000 <= uj2\n\nBinaries\n si0 si1 si2 si3 si4\nEnd\n",
  "classic": {
    "objective": 47.74522546234147,
    "status": "INFEASIBLE",
    "x": [
      1.0,
      1.0,
      1.0,
      1.0,
      1.0,
      3.3001073855325935,
      3.3001545061747475,
      3.3000825454881477,
      2.9666479884131585,
      2.966822890912755,
      3.3001073855325913,
      3.3001545061747453,
      3.3000825454881473,
      2.966647988413161,
      2.966822890912756,
      3.3001073855325918,
      3.3001545061747444,
      3.30008254548815,
      2.9666479884131602,
      2.9668228909127525,
      0.899872090372307,
      0.8998720903723062,
      0.8998720903723063
    ],
    "residuals": [
      0.0
    ],
    "duration_seconds": 1.0087287909700535
  },
  "quantum": {
    "objective": 47.74522546234147,
    "status": "INFEASIBLE",
    "x": [
      1.0,
      1.0,
      1.0,
      1.0,
      1.0,
      3.3001073855325935,
      3.3001545061747475,
      3.3000825454881477,
      2.9666479884131585,
      2.966822890912755,
      3.3001073855325913,
      3.3001545061747453,
      3.3000825454881473,
      2.966647988413161,
      2.966822890912756,
      3.3001073855325918,
      3.3001545061747444,
      3.30008254548815,
      2.9666479884131602,
      2.9668228909127525,
      0.899872090372307,
      0.8998720903723062,
      0.8998720903723063
    ],
    "residuals": [
      0.0
    ],
    "duration_seconds": 8.628055582987145
  },
  "combined_image": "q_20260325_115102_results.png"
}