{
  "script": "q",
  "meta": {
    "n_servers": 3,
    "n_vms": 5,
    "require_all_on": true
  },
  "input": {
    "pi": [
      1.0,
      1.0,
      1.0
    ],
    "pd": [
      1.0,
      1.0,
      1.0
    ],
    "capacities": [
      11,
      11,
      11
    ],
    "vm_allocation_limits": [
      17,
      16,
      15,
      16,
      16
    ],
    "min_cpu_per_vm": 1.0
  },
  "qp_lp": "\\ This file has been generated by DOcplex\n\\ ENCODING=ISO-8859-1\n\\Problem name: qiskit_server\n\nMinimize\n obj: si0 + si1 + si2 + [ 2 vj0i0*uj0 + 2 vj0i1*uj0 + 2 vj0i2*uj0 + 2 vj1i0*uj1\n      + 2 vj1i1*uj1 + 2 vj1i2*uj1 + 2 vj2i0*uj2 + 2 vj2i1*uj2 + 2 vj2i2*uj2\n      + 2 vj3i0*uj3 + 2 vj3i1*uj3 + 2 vj3i2*uj3 + 2 vj4i0*uj4 + 2 vj4i1*uj4\n      + 2 vj4i2*uj4 ]/2\nSubject To\n cons_server_load_0: vj0i0 + vj1i0 + vj2i0 + vj3i0 + vj4i0 >= 9.900000000000\n cons_server_load_1: vj0i1 + vj1i1 + vj2i1 + vj3i1 + vj4i1 >= 9.900000000000\n cons_server_load_2: vj0i2 + vj1i2 + vj2i2 + vj3i2 + vj4i2 >= 9.900000000000\n cons_server_on_0: si0 = 1\n cons_server_on_1: si1 = 1\n cons_server_on_2: si2 = 1\n cons_vm_alloc_0: vj0i0 + vj0i1 + vj0i2 <= 17.100000000000\n cons_vm_alloc_1: vj1i0 + vj1i1 + vj1i2 <= 16.100000000000\n cons_vm_alloc_2: vj2i0 + vj2i1 + vj2i2 <= 15.100000000000\n cons_vm_alloc_3: vj3i0 + vj3i1 + vj3i2 <= 16.100000000000\n cons_vm_alloc_4: vj4i0 + vj4i1 + vj4i2 <= 16.100000000000\n\nBounds\n 0 <= si0 <= 1\n 0 <= si1 <= 1\n 0 <= si2 <= 1\n 0.900000000000 <= uj0\n 0.900000000000 <= uj1\n 0.900000000000 <= uj2\n 0.900000000000 <= uj3\n 0.900000000000 <= uj4\n\nBinaries\n si0 si1 si2\nEnd\n",
  "classic": {
    "objective": 29.72948591666107,
    "status": "INFEASIBLE",
    "x": [
      1.0,
      1.0,
      1.0,
      1.9792726576657511,
      1.9918474458033306,
      2.0319218746462315,
      1.8471813510956996,
      2.073092922928409,
      1.9853175299436638,
      1.982831965801743,
      1.984974297143667,
      1.9937617614671568,
      1.9828319699145214,
      1.985345196630199,
      1.923316704802501,
      2.1078809962071365,
      1.8647409724332162,
      1.9656820704345466,
      0.9000000001240517,
      0.8999711292685666,
      0.8999711292685666,
      0.9000000225005658,
      0.899971145248517
    ],
    "residuals": [
      1.4806920903437296e-13
    ],
    "duration_seconds": 1.238608374958858
  },
  "quantum": {
    "objective": 29.72948591666107,
    "status": "INFEASIBLE",
    "x": [
      1.0,
      1.0,
      1.0,
      1.9792726576657511,
      1.9918474458033306,
      2.0319218746462315,
      1.8471813510956996,
      2.073092922928409,
      1.9853175299436638,
      1.982831965801743,
      1.984974297143667,
      1.9937617614671568,
      1.9828319699145214,
      1.985345196630199,
      1.923316704802501,
      2.1078809962071365,
      1.8647409724332162,
      1.9656820704345466,
      0.9000000001240517,
      0.8999711292685666,
      0.8999711292685666,
      0.9000000225005658,
      0.899971145248517
    ],
    "residuals": [
      1.4806920903437296e-13
    ],
    "duration_seconds": 3.3009512909920886
  },
  "combined_image": "q_20260325_114922_results.png"
}