{
  "script": "q",
  "meta": {
    "n_servers": 1,
    "n_vms": 5,
    "require_all_on": true
  },
  "input": {
    "pi": [
      1.0
    ],
    "pd": [
      1.0
    ],
    "capacities": [
      11
    ],
    "vm_allocation_limits": [
      5,
      5,
      6,
      6,
      5
    ],
    "min_cpu_per_vm": 1.0
  },
  "qp_lp": "\\ This file has been generated by DOcplex\n\\ ENCODING=ISO-8859-1\n\\Problem name: qiskit_server\n\nMinimize\n obj: si0 + [ 2 vj0i0*uj0 + 2 vj1i0*uj1 + 2 vj2i0*uj2 + 2 vj3i0*uj3\n      + 2 vj4i0*uj4 ]/2\nSubject To\n cons_server_load_0: vj0i0 + vj1i0 + vj2i0 + vj3i0 + vj4i0 >= 9.900000000000\n cons_server_on_0: si0 = 1\n cons_vm_alloc_0: vj0i0 <= 5.100000000000\n cons_vm_alloc_1: vj1i0 <= 5.100000000000\n cons_vm_alloc_2: vj2i0 <= 6.100000000000\n cons_vm_alloc_3: vj3i0 <= 6.100000000000\n cons_vm_alloc_4: vj4i0 <= 5.100000000000\n\nBounds\n 0 <= si0 <= 1\n 0.900000000000 <= uj0\n 0.900000000000 <= uj1\n 0.900000000000 <= uj2\n 0.900000000000 <= uj3\n 0.900000000000 <= uj4\n\nBinaries\n si0\nEnd\n",
  "classic": {
    "objective": 9.909852466948575,
    "status": "INFEASIBLE",
    "x": [
      1.0,
      3.3188533885004783,
      2.1076962638582146,
      2.3776271929540282,
      1.6466155943661869,
      0.44919241399460624,
      0.8999519079692624,
      0.900011881427525,
      0.9000000585427881,
      0.9000003202983496,
      0.9
    ],
    "residuals": [
      0.0
    ],
    "duration_seconds": 0.5300424579763785
  },
  "quantum": {
    "objective": 9.909852466948575,
    "status": "INFEASIBLE",
    "x": [
      1.0,
      3.3188533885004783,
      2.1076962638582146,
      2.3776271929540282,
      1.6466155943661869,
      0.44919241399460624,
      0.8999519079692624,
      0.900011881427525,
      0.9000000585427881,
      0.9000003202983496,
      0.9
    ],
    "residuals": [
      0.0
    ],
    "duration_seconds": 1.6258794169989415
  },
  "combined_image": "q_20260325_114817_results.png"
}