{
  "script": "q",
  "meta": {
    "n_servers": 2,
    "n_vms": 6,
    "require_all_on": true
  },
  "input": {
    "pi": [
      1.0,
      1.0
    ],
    "pd": [
      1.0,
      1.0
    ],
    "capacities": [
      11,
      11
    ],
    "vm_allocation_limits": [
      13,
      10,
      13,
      10,
      12,
      12
    ],
    "min_cpu_per_vm": 1.0
  },
  "qp_lp": "\\ This file has been generated by DOcplex\n\\ ENCODING=ISO-8859-1\n\\Problem name: qiskit_server\n\nMinimize\n obj: si0 + si1 + [ 2 vj0i0*uj0 + 2 vj0i1*uj0 + 2 vj1i0*uj1 + 2 vj1i1*uj1\n      + 2 vj2i0*uj2 + 2 vj2i1*uj2 + 2 vj3i0*uj3 + 2 vj3i1*uj3 + 2 vj4i0*uj4\n      + 2 vj4i1*uj4 + 2 vj5i0*uj5 + 2 vj5i1*uj5 ]/2\nSubject To\n cons_server_load_0: vj0i0 + vj1i0 + vj2i0 + vj3i0 + vj4i0 + vj5i0 >= \n                     9.900000000000\n cons_server_load_1: vj0i1 + vj1i1 + vj2i1 + vj3i1 + vj4i1 + vj5i1 >= \n                     9.900000000000\n cons_server_on_0: si0 = 1\n cons_server_on_1: si1 = 1\n cons_vm_alloc_0: vj0i0 + vj0i1 <= 13.100000000000\n cons_vm_alloc_1: vj1i0 + vj1i1 <= 10.100000000000\n cons_vm_alloc_2: vj2i0 + vj2i1 <= 13.100000000000\n cons_vm_alloc_3: vj3i0 + vj3i1 <= 10.100000000000\n cons_vm_alloc_4: vj4i0 + vj4i1 <= 12.100000000000\n cons_vm_alloc_5: vj5i0 + vj5i1 <= 12.100000000000\n\nBounds\n 0 <= si0 <= 1\n 0 <= si1 <= 1\n 0.900000000000 <= uj0\n 0.900000000000 <= uj1\n 0.900000000000 <= uj2\n 0.900000000000 <= uj3\n 0.900000000000 <= uj4\n 0.900000000000 <= uj5\n\nBinaries\n si0 si1\nEnd\n",
  "classic": {
    "objective": 19.818948270879154,
    "status": "INFEASIBLE",
    "x": [
      1.0,
      1.0,
      1.6462060957555629,
      1.6458404987769046,
      1.6464421816644574,
      1.6457911571630208,
      1.6540680909604717,
      1.6457641712340958,
      1.6463658541774127,
      1.5887028042694051,
      1.6539917634415948,
      1.7286520006185977,
      1.6529225070308973,
      1.645867484579323,
      0.8999012890696483,
      0.8999242741642406,
      0.8999392917027498,
      0.8999504818397839,
      0.8999594077980655,
      0.8998384926234055
    ],
    "residuals": [
      3.139822312019259e-05
    ],
    "duration_seconds": 0.7855521659948863
  },
  "quantum": {
    "objective": 19.818948270879154,
    "status": "INFEASIBLE",
    "x": [
      1.0,
      1.0,
      1.6462060957555629,
      1.6458404987769046,
      1.6464421816644574,
      1.6457911571630208,
      1.6540680909604717,
      1.6457641712340958,
      1.6463658541774127,
      1.5887028042694051,
      1.6539917634415948,
      1.7286520006185977,
      1.6529225070308973,
      1.645867484579323,
      0.8999012890696483,
      0.8999242741642406,
      0.8999392917027498,
      0.8999504818397839,
      0.8999594077980655,
      0.8998384926234055
    ],
    "residuals": [
      3.139822312019259e-05
    ],
    "duration_seconds": 2.136152916995343
  },
  "combined_image": "q_20260325_114852_results.png"
}