{
  "script": "q",
  "meta": {
    "n_servers": 1,
    "n_vms": 3,
    "require_all_on": true
  },
  "input": {
    "pi": [
      1.0
    ],
    "pd": [
      1.0
    ],
    "capacities": [
      11
    ],
    "vm_allocation_limits": [
      6,
      6,
      6
    ],
    "min_cpu_per_vm": 1.0
  },
  "qp_lp": "\\ This file has been generated by DOcplex\n\\ ENCODING=ISO-8859-1\n\\Problem name: qiskit_server\n\nMinimize\n obj: si0 + [ 2 vj0i0*uj0 + 2 vj1i0*uj1 + 2 vj2i0*uj2 ]/2\nSubject To\n cons_server_load_0: vj0i0 + vj1i0 + vj2i0 >= 9.900000000000\n cons_server_on_0: si0 = 1\n cons_vm_alloc_0: vj0i0 <= 6.100000000000\n cons_vm_alloc_1: vj1i0 <= 6.100000000000\n cons_vm_alloc_2: vj2i0 <= 6.100000000000\n\nBounds\n 0 <= si0 <= 1\n 0.900000000000 <= uj0\n 0.900000000000 <= uj1\n 0.900000000000 <= uj2\n\nBinaries\n si0\nEnd\n",
  "classic": {
    "objective": 9.909828827679986,
    "status": "INFEASIBLE",
    "x": [
      1.0,
      5.650929544407354,
      2.8316460048592766,
      1.417432442486181,
      0.8999560248712504,
      0.9000165060395081,
      0.9000165060395081
    ],
    "residuals": [
      6.661338147750939e-16
    ],
    "duration_seconds": 0.24377333297161385
  },
  "quantum": {
    "objective": 9.909828827679986,
    "status": "INFEASIBLE",
    "x": [
      1.0,
      5.650929544407354,
      2.8316460048592766,
      1.417432442486181,
      0.8999560248712504,
      0.9000165060395081,
      0.9000165060395081
    ],
    "residuals": [
      6.661338147750939e-16
    ],
    "duration_seconds": 1.306563208985608
  },
  "combined_image": "q_20260325_114808_results.png"
}