{
  "script": "q",
  "meta": {
    "n_servers": 1,
    "n_vms": 1,
    "require_all_on": true
  },
  "input": {
    "pi": [
      1.0
    ],
    "pd": [
      1.0
    ],
    "capacities": [
      11
    ],
    "vm_allocation_limits": [
      14
    ],
    "min_cpu_per_vm": 1.0
  },
  "qp_lp": "\\ This file has been generated by DOcplex\n\\ ENCODING=ISO-8859-1\n\\Problem name: qiskit_server\n\nMinimize\n obj: si0 + [ 2 vj0i0*uj0 ]/2\nSubject To\n cons_server_load_0: vj0i0 >= 9.990000000000\n cons_server_on_0: si0 = 1\n cons_vm_alloc_0: vj0i0 <= 14.010000000000\n\nBounds\n 0 <= si0 <= 1\n 0.990000000000 <= uj0\n\nBinaries\n si0\nEnd\n",
  "classic": {
    "objective": 10.88967483200878,
    "status": "INFEASIBLE",
    "x": [
      1.0,
      9.99002227065208,
      0.9899552337397591
    ],
    "residuals": [
      0.0
    ],
    "duration_seconds": 0.08182079199468717
  },
  "quantum": {
    "objective": 10.88967483200878,
    "status": "INFEASIBLE",
    "x": [
      1.0,
      9.99002227065208,
      0.9899552337397591
    ],
    "residuals": [
      0.0
    ],
    "duration_seconds": 1.1194154580007307
  },
  "combined_image": "q_20260325_114553_results.png"
}