{
  "script": "q",
  "meta": {
    "n_servers": 5,
    "n_vms": 4,
    "require_all_on": true
  },
  "input": {
    "pi": [
      1.0,
      1.0,
      1.0,
      1.0,
      1.0
    ],
    "pd": [
      1.0,
      1.0,
      1.0,
      1.0,
      1.0
    ],
    "capacities": [
      11,
      11,
      11,
      10,
      10
    ],
    "vm_allocation_limits": [
      16,
      18,
      15,
      15
    ],
    "min_cpu_per_vm": 1.0
  },
  "qp_lp": "\\ This file has been generated by DOcplex\n\\ ENCODING=ISO-8859-1\n\\Problem name: qiskit_server\n\nMinimize\n obj: si0 + si1 + si2 + si3 + si4 + [ 2 vj0i0*uj0 + 2 vj0i1*uj0 + 2 vj0i2*uj0\n      + 2 vj0i3*uj0 + 2 vj0i4*uj0 + 2 vj1i0*uj1 + 2 vj1i1*uj1 + 2 vj1i2*uj1\n      + 2 vj1i3*uj1 + 2 vj1i4*uj1 + 2 vj2i0*uj2 + 2 vj2i1*uj2 + 2 vj2i2*uj2\n      + 2 vj2i3*uj2 + 2 vj2i4*uj2 + 2 vj3i0*uj3 + 2 vj3i1*uj3 + 2 vj3i2*uj3\n      + 2 vj3i3*uj3 + 2 vj3i4*uj3 ]/2\nSubject To\n cons_server_load_0: vj0i0 + vj1i0 + vj2i0 + vj3i0 >= 9.900000000000\n cons_server_load_1: vj0i1 + vj1i1 + vj2i1 + vj3i1 >= 9.900000000000\n cons_server_load_2: vj0i2 + vj1i2 + vj2i2 + vj3i2 >= 9.900000000000\n cons_server_load_3: vj0i3 + vj1i3 + vj2i3 + vj3i3 >= 8.900000000000\n cons_server_load_4: vj0i4 + vj1i4 + vj2i4 + vj3i4 >= 8.900000000000\n cons_server_on_0: si0 = 1\n cons_server_on_1: si1 = 1\n cons_server_on_2: si2 = 1\n cons_server_on_3: si3 = 1\n cons_server_on_4: si4 = 1\n cons_vm_alloc_0: vj0i0 + vj0i1 + vj0i2 + vj0i3 + vj0i4 <= 16.100000000000\n cons_vm_alloc_1: vj1i0 + vj1i1 + vj1i2 + vj1i3 + vj1i4 <= 18.100000000000\n cons_vm_alloc_2: vj2i0 + vj2i1 + vj2i2 + vj2i3 + vj2i4 <= 15.100000000000\n cons_vm_alloc_3: vj3i0 + vj3i1 + vj3i2 + vj3i3 + vj3i4 <= 15.100000000000\n\nBounds\n 0 <= si0 <= 1\n 0 <= si1 <= 1\n 0 <= si2 <= 1\n 0 <= si3 <= 1\n 0 <= si4 <= 1\n 0.900000000000 <= uj0\n 0.900000000000 <= uj1\n 0.900000000000 <= uj2\n 0.900000000000 <= uj3\n\nBinaries\n si0 si1 si2 si3 si4\nEnd\n",
  "classic": {
    "objective": 47.747985329079754,
    "status": "INFEASIBLE",
    "x": [
      1.0,
      1.0,
      1.0,
      1.0,
      1.0,
      1.741693532716436,
      1.9107995819820367,
      2.3766852603767146,
      1.8610339441331423,
      1.5860687602139014,
      2.3421107455848884,
      1.8778186907750591,
      2.5260257833726496,
      3.298877279515207,
      1.8728580157638264,
      2.6392834184749967,
      3.4368537258199114,
      3.3808971959887257,
      2.616242131214571,
      3.0267960154682436,
      3.1768630081578833,
      2.6745833275448443,
      1.616206317491651,
      1.1239897253226079,
      2.414181673732381,
      0.8999404417809875,
      0.8999527811424478,
      0.899983194659481,
      0.8999531975808657
    ],
    "residuals": [
      0.0
    ],
    "duration_seconds": 1.9218254999723285
  },
  "quantum": {
    "objective": 47.747985329079754,
    "status": "INFEASIBLE",
    "x": [
      1.0,
      1.0,
      1.0,
      1.0,
      1.0,
      1.741693532716436,
      1.9107995819820367,
      2.3766852603767146,
      1.8610339441331423,
      1.5860687602139014,
      2.3421107455848884,
      1.8778186907750591,
      2.5260257833726496,
      3.298877279515207,
      1.8728580157638264,
      2.6392834184749967,
      3.4368537258199114,
      3.3808971959887257,
      2.616242131214571,
      3.0267960154682436,
      3.1768630081578833,
      2.6745833275448443,
      1.616206317491651,
      1.1239897253226079,
      2.414181673732381,
      0.8999404417809875,
      0.8999527811424478,
      0.899983194659481,
      0.8999531975808657
    ],
    "residuals": [
      0.0
    ],
    "duration_seconds": 9.291683749994263
  },
  "combined_image": "q_20260325_115116_results.png"
}