{
  "script": "q",
  "meta": {
    "n_servers": 2,
    "n_vms": 4,
    "require_all_on": true
  },
  "input": {
    "pi": [
      1.0,
      1.0
    ],
    "pd": [
      1.0,
      1.0
    ],
    "capacities": [
      11,
      11
    ],
    "vm_allocation_limits": [
      12,
      10,
      10,
      13
    ],
    "min_cpu_per_vm": 1.0
  },
  "qp_lp": "\\ This file has been generated by DOcplex\n\\ ENCODING=ISO-8859-1\n\\Problem name: qiskit_server\n\nMinimize\n obj: si0 + si1 + [ 2 vj0i0*uj0 + 2 vj0i1*uj0 + 2 vj1i0*uj1 + 2 vj1i1*uj1\n      + 2 vj2i0*uj2 + 2 vj2i1*uj2 + 2 vj3i0*uj3 + 2 vj3i1*uj3 ]/2\nSubject To\n cons_server_load_0: vj0i0 + vj1i0 + vj2i0 + vj3i0 >= 9.900000000000\n cons_server_load_1: vj0i1 + vj1i1 + vj2i1 + vj3i1 >= 9.900000000000\n cons_server_on_0: si0 = 1\n cons_server_on_1: si1 = 1\n cons_vm_alloc_0: vj0i0 + vj0i1 <= 12.100000000000\n cons_vm_alloc_1: vj1i0 + vj1i1 <= 10.100000000000\n cons_vm_alloc_2: vj2i0 + vj2i1 <= 10.100000000000\n cons_vm_alloc_3: vj3i0 + vj3i1 <= 13.100000000000\n\nBounds\n 0 <= si0 <= 1\n 0 <= si1 <= 1\n 0.900000000000 <= uj0\n 0.900000000000 <= uj1\n 0.900000000000 <= uj2\n 0.900000000000 <= uj3\n\nBinaries\n si0 si1\nEnd\n",
  "classic": {
    "objective": 19.819490884228646,
    "status": "INFEASIBLE",
    "x": [
      1.0,
      1.0,
      2.4744645375074943,
      2.4753812659773407,
      2.475237293725946,
      2.474606695467228,
      2.4752369016462,
      2.475381265977364,
      2.475037696894341,
      2.4746072023520496,
      0.8999764297739611,
      0.8999764297739546,
      0.8999764297739612,
      0.8999764297739546
    ],
    "residuals": [
      2.5126567493316543e-12
    ],
    "duration_seconds": 0.47156899998662993
  },
  "quantum": {
    "objective": 19.819490884228646,
    "status": "INFEASIBLE",
    "x": [
      1.0,
      1.0,
      2.4744645375074943,
      2.4753812659773407,
      2.475237293725946,
      2.474606695467228,
      2.4752369016462,
      2.475381265977364,
      2.475037696894341,
      2.4746072023520496,
      0.8999764297739611,
      0.8999764297739546,
      0.8999764297739612,
      0.8999764297739546
    ],
    "residuals": [
      2.5126567493316543e-12
    ],
    "duration_seconds": 1.8610406249645166
  },
  "combined_image": "q_20260325_114840_results.png"
}