{
  "script": "q",
  "meta": {
    "n_servers": 1,
    "n_vms": 2,
    "require_all_on": true
  },
  "input": {
    "pi": [
      1.0
    ],
    "pd": [
      1.0
    ],
    "capacities": [
      11
    ],
    "vm_allocation_limits": [
      8,
      10
    ],
    "min_cpu_per_vm": 1.0
  },
  "qp_lp": "\\ This file has been generated by DOcplex\n\\ ENCODING=ISO-8859-1\n\\Problem name: qiskit_server\n\nMinimize\n obj: si0 + [ 2 vj0i0*uj0 + 2 vj1i0*uj1 ]/2\nSubject To\n cons_server_load_0: vj0i0 + vj1i0 >= 9.990000000000\n cons_server_on_0: si0 = 1\n cons_vm_alloc_0: vj0i0 <= 8.010000000000\n cons_vm_alloc_1: vj1i0 <= 10.010000000000\n\nBounds\n 0 <= si0 <= 1\n 0.990000000000 <= uj0\n 0.990000000000 <= uj1\n\nBinaries\n si0\nEnd\n",
  "classic": {
    "objective": 10.889781578029837,
    "status": "INFEASIBLE",
    "x": [
      1.0,
      6.601373392428889,
      3.388611333041001,
      0.9899758274053322,
      0.9899575850258521
    ],
    "residuals": [
      0.0
    ],
    "duration_seconds": 0.15303837502142414
  },
  "quantum": {
    "objective": 10.889781578029837,
    "status": "INFEASIBLE",
    "x": [
      1.0,
      6.601373392428889,
      3.388611333041001,
      0.9899758274053322,
      0.9899575850258521
    ],
    "residuals": [
      0.0
    ],
    "duration_seconds": 1.4644941670121625
  },
  "combined_image": "q_20260325_114558_results.png"
}