{
  "script": "q",
  "meta": {
    "n_servers": 6,
    "n_vms": 2,
    "require_all_on": true
  },
  "input": {
    "pi": [
      1.0,
      1.0,
      1.0,
      1.0,
      1.0,
      1.0
    ],
    "pd": [
      1.0,
      1.0,
      1.0,
      1.0,
      1.0,
      1.0
    ],
    "capacities": [
      11,
      11,
      11,
      10,
      10,
      10
    ],
    "vm_allocation_limits": [
      39,
      37
    ],
    "min_cpu_per_vm": 1.0
  },
  "qp_lp": "\\ This file has been generated by DOcplex\n\\ ENCODING=ISO-8859-1\n\\Problem name: qiskit_server\n\nMinimize\n obj: si0 + si1 + si2 + si3 + si4 + si5 + [ 2 vj0i0*uj0 + 2 vj0i1*uj0\n      + 2 vj0i2*uj0 + 2 vj0i3*uj0 + 2 vj0i4*uj0 + 2 vj0i5*uj0 + 2 vj1i0*uj1\n      + 2 vj1i1*uj1 + 2 vj1i2*uj1 + 2 vj1i3*uj1 + 2 vj1i4*uj1 + 2 vj1i5*uj1 ]/2\nSubject To\n cons_server_load_0: vj0i0 + vj1i0 >= 9.900000000000\n cons_server_load_1: vj0i1 + vj1i1 >= 9.900000000000\n cons_server_load_2: vj0i2 + vj1i2 >= 9.900000000000\n cons_server_load_3: vj0i3 + vj1i3 >= 8.900000000000\n cons_server_load_4: vj0i4 + vj1i4 >= 8.900000000000\n cons_server_load_5: vj0i5 + vj1i5 >= 8.900000000000\n cons_server_on_0: si0 = 1\n cons_server_on_1: si1 = 1\n cons_server_on_2: si2 = 1\n cons_server_on_3: si3 = 1\n cons_server_on_4: si4 = 1\n cons_server_on_5: si5 = 1\n cons_vm_alloc_0: vj0i0 + vj0i1 + vj0i2 + vj0i3 + vj0i4 + vj0i5 <= \n                  39.100000000000\n cons_vm_alloc_1: vj1i0 + vj1i1 + vj1i2 + vj1i3 + vj1i4 + vj1i5 <= \n                  37.100000000000\n\nBounds\n 0 <= si0 <= 1\n 0 <= si1 <= 1\n 0 <= si2 <= 1\n 0 <= si3 <= 1\n 0 <= si4 <= 1\n 0 <= si5 <= 1\n 0.900000000000 <= uj0\n 0.900000000000 <= uj1\n\nBinaries\n si0 si1 si2 si3 si4 si5\nEnd\n",
  "classic": {
    "objective": 56.75836140354983,
    "status": "INFEASIBLE",
    "x": [
      1.0,
      1.0,
      1.0,
      1.0,
      1.0,
      1.0,
      5.4648101481653075,
      6.301349004743162,
      4.869429478455744,
      4.184077708088773,
      0.01745830401877374,
      2.3019781880043187e-05,
      4.435771747511428,
      3.5986508028618607,
      5.030570598458761,
      4.716308122455259,
      8.88253827788055,
      8.90002301978188,
      0.899936704637576,
      0.8999654449620704
    ],
    "residuals": [
      2.62500618844346e-07
    ],
    "duration_seconds": 1.153366416983772
  },
  "quantum": {
    "objective": 56.75836140354983,
    "status": "INFEASIBLE",
    "x": [
      1.0,
      1.0,
      1.0,
      1.0,
      1.0,
      1.0,
      5.4648101481653075,
      6.301349004743162,
      4.869429478455744,
      4.184077708088773,
      0.01745830401877374,
      2.3019781880043187e-05,
      4.435771747511428,
      3.5986508028618607,
      5.030570598458761,
      4.716308122455259,
      8.88253827788055,
      8.90002301978188,
      0.899936704637576,
      0.8999654449620704
    ],
    "residuals": [
      2.62500618844346e-07
    ],
    "duration_seconds": 19.405306708009448
  },
  "combined_image": "q_20260325_115237_results.png"
}