{
  "script": "q",
  "meta": {
    "n_servers": 4,
    "n_vms": 1,
    "require_all_on": true
  },
  "input": {
    "pi": [
      1.0,
      1.0,
      1.0,
      1.0
    ],
    "pd": [
      1.0,
      1.0,
      1.0,
      1.0
    ],
    "capacities": [
      11,
      11,
      11,
      10
    ],
    "vm_allocation_limits": [
      52
    ],
    "min_cpu_per_vm": 1.0
  },
  "qp_lp": "\\ This file has been generated by DOcplex\n\\ ENCODING=ISO-8859-1\n\\Problem name: qiskit_server\n\nMinimize\n obj: si0 + si1 + si2 + si3 + [ 2 vj0i0*uj0 + 2 vj0i1*uj0 + 2 vj0i2*uj0\n      + 2 vj0i3*uj0 ]/2\nSubject To\n cons_server_load_0: vj0i0 >= 9.900000000000\n cons_server_load_1: vj0i1 >= 9.900000000000\n cons_server_load_2: vj0i2 >= 9.900000000000\n cons_server_load_3: vj0i3 >= 8.900000000000\n cons_server_on_0: si0 = 1\n cons_server_on_1: si1 = 1\n cons_server_on_2: si2 = 1\n cons_server_on_3: si3 = 1\n cons_vm_alloc_0: vj0i0 + vj0i1 + vj0i2 + vj0i3 <= 52.100000000000\n\nBounds\n 0 <= si0 <= 1\n 0 <= si1 <= 1\n 0 <= si2 <= 1\n 0 <= si3 <= 1\n 0.900000000000 <= uj0\n\nBinaries\n si0 si1 si2 si3\nEnd\n",
  "classic": {
    "objective": 38.738107434864,
    "status": "INFEASIBLE",
    "x": [
      1.0,
      1.0,
      1.0,
      1.0,
      9.899999999999999,
      9.899999999999999,
      9.900000000000002,
      8.89998899371407,
      0.8999512264244695
    ],
    "residuals": [
      1.2429612894493403e-11
    ],
    "duration_seconds": 0.3078455840004608
  },
  "quantum": {
    "objective": 38.738107434864,
    "status": "INFEASIBLE",
    "x": [
      1.0,
      1.0,
      1.0,
      1.0,
      9.899999999999999,
      9.899999999999999,
      9.900000000000002,
      8.89998899371407,
      0.8999512264244695
    ],
    "residuals": [
      1.2429612894493403e-11
    ],
    "duration_seconds": 3.8384215000551194
  },
  "combined_image": "q_20260325_114938_results.png"
}