{
  "script": "q",
  "meta": {
    "n_servers": 2,
    "n_vms": 3,
    "require_all_on": true
  },
  "input": {
    "pi": [
      1.0,
      1.0
    ],
    "pd": [
      1.0,
      1.0
    ],
    "capacities": [
      11,
      11
    ],
    "vm_allocation_limits": [
      12,
      11,
      11
    ],
    "min_cpu_per_vm": 1.0
  },
  "qp_lp": "\\ This file has been generated by DOcplex\n\\ ENCODING=ISO-8859-1\n\\Problem name: qiskit_server\n\nMinimize\n obj: si0 + si1 + [ 2 vj0i0*uj0 + 2 vj0i1*uj0 + 2 vj1i0*uj1 + 2 vj1i1*uj1\n      + 2 vj2i0*uj2 + 2 vj2i1*uj2 ]/2\nSubject To\n cons_server_load_0: vj0i0 + vj1i0 + vj2i0 >= 9.900000000000\n cons_server_load_1: vj0i1 + vj1i1 + vj2i1 >= 9.900000000000\n cons_server_on_0: si0 = 1\n cons_server_on_1: si1 = 1\n cons_vm_alloc_0: vj0i0 + vj0i1 <= 12.100000000000\n cons_vm_alloc_1: vj1i0 + vj1i1 <= 11.100000000000\n cons_vm_alloc_2: vj2i0 + vj2i1 <= 11.100000000000\n\nBounds\n 0 <= si0 <= 1\n 0 <= si1 <= 1\n 0.900000000000 <= uj0\n 0.900000000000 <= uj1\n 0.900000000000 <= uj2\n\nBinaries\n si0 si1\nEnd\n",
  "classic": {
    "objective": 19.819501964859317,
    "status": "INFEASIBLE",
    "x": [
      1.0,
      1.0,
      0.9733188696141679,
      1.65165720147041,
      7.774383380195891,
      1.6170958312521355,
      1.1522902731756886,
      6.631246967277455,
      0.8999826849051512,
      0.8999756145644173,
      0.899972141354223
    ],
    "residuals": [
      2.8474525982202792e-05
    ],
    "duration_seconds": 0.43154691701056436
  },
  "quantum": {
    "objective": 19.819501964859317,
    "status": "INFEASIBLE",
    "x": [
      1.0,
      1.0,
      0.9733188696141679,
      1.65165720147041,
      7.774383380195891,
      1.6170958312521355,
      1.1522902731756886,
      6.631246967277455,
      0.8999826849051512,
      0.8999756145644173,
      0.899972141354223
    ],
    "residuals": [
      2.8474525982202792e-05
    ],
    "duration_seconds": 1.7855388749740086
  },
  "combined_image": "q_20260325_114835_results.png"
}