{
  "script": "q",
  "meta": {
    "n_servers": 1,
    "n_vms": 6,
    "require_all_on": true
  },
  "input": {
    "pi": [
      1.0
    ],
    "pd": [
      1.0
    ],
    "capacities": [
      11
    ],
    "vm_allocation_limits": [
      6,
      8,
      6,
      8,
      7,
      5
    ],
    "min_cpu_per_vm": 1.0
  },
  "qp_lp": "\\ This file has been generated by DOcplex\n\\ ENCODING=ISO-8859-1\n\\Problem name: qiskit_server\n\nMinimize\n obj: si0 + [ 2 vj0i0*uj0 + 2 vj1i0*uj1 + 2 vj2i0*uj2 + 2 vj3i0*uj3\n      + 2 vj4i0*uj4 + 2 vj5i0*uj5 ]/2\nSubject To\n cons_server_load_0: vj0i0 + vj1i0 + vj2i0 + vj3i0 + vj4i0 + vj5i0 >= \n                     9.900000000000\n cons_server_on_0: si0 = 1\n cons_vm_alloc_0: vj0i0 <= 6.100000000000\n cons_vm_alloc_1: vj1i0 <= 8.100000000000\n cons_vm_alloc_2: vj2i0 <= 6.100000000000\n cons_vm_alloc_3: vj3i0 <= 8.100000000000\n cons_vm_alloc_4: vj4i0 <= 7.100000000000\n cons_vm_alloc_5: vj5i0 <= 5.100000000000\n\nBounds\n 0 <= si0 <= 1\n 0.900000000000 <= uj0\n 0.900000000000 <= uj1\n 0.900000000000 <= uj2\n 0.900000000000 <= uj3\n 0.900000000000 <= uj4\n 0.900000000000 <= uj5\n\nBinaries\n si0\nEnd\n",
  "classic": {
    "objective": 9.909773044814465,
    "status": "INFEASIBLE",
    "x": [
      1.0,
      5.847728933764257,
      1.0245827511143828,
      0.9249646184091549,
      1.0245827511132712,
      1.0772511304329926,
      0.0008898151659426392,
      0.8999579471828999,
      0.9000046784357358,
      0.9000046784357358,
      0.9000046784357358,
      0.9000046784357358,
      0.9000046784357358
    ],
    "residuals": [
      0.0
    ],
    "duration_seconds": 0.5576593750156462
  },
  "quantum": {
    "objective": 9.909773044814465,
    "status": "INFEASIBLE",
    "x": [
      1.0,
      5.847728933764257,
      1.0245827511143828,
      0.9249646184091549,
      1.0245827511132712,
      1.0772511304329926,
      0.0008898151659426392,
      0.8999579471828999,
      0.9000046784357358,
      0.9000046784357358,
      0.9000046784357358,
      0.9000046784357358,
      0.9000046784357358
    ],
    "residuals": [
      0.0
    ],
    "duration_seconds": 1.761778584041167
  },
  "combined_image": "q_20260325_114822_results.png"
}