{
  "script": "q",
  "meta": {
    "n_servers": 6,
    "n_vms": 3,
    "require_all_on": true
  },
  "input": {
    "pi": [
      1.0,
      1.0,
      1.0,
      1.0,
      1.0,
      1.0
    ],
    "pd": [
      1.0,
      1.0,
      1.0,
      1.0,
      1.0,
      1.0
    ],
    "capacities": [
      11,
      11,
      11,
      10,
      10,
      10
    ],
    "vm_allocation_limits": [
      26,
      27,
      25
    ],
    "min_cpu_per_vm": 1.0
  },
  "qp_lp": "\\ This file has been generated by DOcplex\n\\ ENCODING=ISO-8859-1\n\\Problem name: qiskit_server\n\nMinimize\n obj: si0 + si1 + si2 + si3 + si4 + si5 + [ 2 vj0i0*uj0 + 2 vj0i1*uj0\n      + 2 vj0i2*uj0 + 2 vj0i3*uj0 + 2 vj0i4*uj0 + 2 vj0i5*uj0 + 2 vj1i0*uj1\n      + 2 vj1i1*uj1 + 2 vj1i2*uj1 + 2 vj1i3*uj1 + 2 vj1i4*uj1 + 2 vj1i5*uj1\n      + 2 vj2i0*uj2 + 2 vj2i1*uj2 + 2 vj2i2*uj2 + 2 vj2i3*uj2 + 2 vj2i4*uj2\n      + 2 vj2i5*uj2 ]/2\nSubject To\n cons_server_load_0: vj0i0 + vj1i0 + vj2i0 >= 9.900000000000\n cons_server_load_1: vj0i1 + vj1i1 + vj2i1 >= 9.900000000000\n cons_server_load_2: vj0i2 + vj1i2 + vj2i2 >= 9.900000000000\n cons_server_load_3: vj0i3 + vj1i3 + vj2i3 >= 8.900000000000\n cons_server_load_4: vj0i4 + vj1i4 + vj2i4 >= 8.900000000000\n cons_server_load_5: vj0i5 + vj1i5 + vj2i5 >= 8.900000000000\n cons_server_on_0: si0 = 1\n cons_server_on_1: si1 = 1\n cons_server_on_2: si2 = 1\n cons_server_on_3: si3 = 1\n cons_server_on_4: si4 = 1\n cons_server_on_5: si5 = 1\n cons_vm_alloc_0: vj0i0 + vj0i1 + vj0i2 + vj0i3 + vj0i4 + vj0i5 <= \n                  26.100000000000\n cons_vm_alloc_1: vj1i0 + vj1i1 + vj1i2 + vj1i3 + vj1i4 + vj1i5 <= \n                  27.100000000000\n cons_vm_alloc_2: vj2i0 + vj2i1 + vj2i2 + vj2i3 + vj2i4 + vj2i5 <= \n                  25.100000000000\n\nBounds\n 0 <= si0 <= 1\n 0 <= si1 <= 1\n 0 <= si2 <= 1\n 0 <= si3 <= 1\n 0 <= si4 <= 1\n 0 <= si5 <= 1\n 0.900000000000 <= uj0\n 0.900000000000 <= uj1\n 0.900000000000 <= uj2\n\nBinaries\n si0 si1 si2 si3 si4 si5\nEnd\n",
  "classic": {
    "objective": 56.75885009052901,
    "status": "INFEASIBLE",
    "x": [
      1.0,
      1.0,
      1.0,
      1.0,
      1.0,
      1.0,
      4.025130612257046,
      2.7984396681098107,
      2.671778470750795,
      3.137530057919495,
      1.5219323964461282,
      2.696095076093887,
      2.7395627860621494,
      3.6128109810490523,
      2.861795957509654,
      2.0236837058443293,
      3.588094080131945,
      2.676051698842047,
      3.135298362993442,
      3.4887448950056115,
      4.366421046188764,
      3.738777734102166,
      3.7899493217487423,
      3.5278734907436173,
      0.8999681905388437,
      0.9000071618709918,
      0.8999676806910013
    ],
    "residuals": [
      0.00016004380810495487,
      7.798779131855034e-05
    ],
    "duration_seconds": 3.394863833033014
  },
  "quantum": {
    "objective": 56.75885009052901,
    "status": "INFEASIBLE",
    "x": [
      1.0,
      1.0,
      1.0,
      1.0,
      1.0,
      1.0,
      4.025130612257046,
      2.7984396681098107,
      2.671778470750795,
      3.137530057919495,
      1.5219323964461282,
      2.696095076093887,
      2.7395627860621494,
      3.6128109810490523,
      2.861795957509654,
      2.0236837058443293,
      3.588094080131945,
      2.676051698842047,
      3.135298362993442,
      3.4887448950056115,
      4.366421046188764,
      3.738777734102166,
      3.7899493217487423,
      3.5278734907436173,
      0.8999681905388437,
      0.9000071618709918,
      0.8999676806910013
    ],
    "residuals": [
      0.00016004380810495487,
      7.798779131855034e-05
    ],
    "duration_seconds": 41.46203766600229
  },
  "combined_image": "q_20260325_115325_results.png"
}