{
  "script": "q",
  "meta": {
    "n_servers": 5,
    "n_vms": 6,
    "require_all_on": true
  },
  "input": {
    "pi": [
      1.0,
      1.0,
      1.0,
      1.0,
      1.0
    ],
    "pd": [
      1.0,
      1.0,
      1.0,
      1.0,
      1.0
    ],
    "capacities": [
      11,
      11,
      11,
      10,
      10
    ],
    "vm_allocation_limits": [
      17,
      17,
      17,
      16,
      14,
      14
    ],
    "min_cpu_per_vm": 1.0
  },
  "qp_lp": "\\ This file has been generated by DOcplex\n\\ ENCODING=ISO-8859-1\n\\Problem name: qiskit_server\n\nMinimize\n obj: si0 + si1 + si2 + si3 + si4 + [ 2 vj0i0*uj0 + 2 vj0i1*uj0 + 2 vj0i2*uj0\n      + 2 vj0i3*uj0 + 2 vj0i4*uj0 + 2 vj1i0*uj1 + 2 vj1i1*uj1 + 2 vj1i2*uj1\n      + 2 vj1i3*uj1 + 2 vj1i4*uj1 + 2 vj2i0*uj2 + 2 vj2i1*uj2 + 2 vj2i2*uj2\n      + 2 vj2i3*uj2 + 2 vj2i4*uj2 + 2 vj3i0*uj3 + 2 vj3i1*uj3 + 2 vj3i2*uj3\n      + 2 vj3i3*uj3 + 2 vj3i4*uj3 + 2 vj4i0*uj4 + 2 vj4i1*uj4 + 2 vj4i2*uj4\n      + 2 vj4i3*uj4 + 2 vj4i4*uj4 + 2 vj5i0*uj5 + 2 vj5i1*uj5 + 2 vj5i2*uj5\n      + 2 vj5i3*uj5 + 2 vj5i4*uj5 ]/2\nSubject To\n cons_server_load_0: vj0i0 + vj1i0 + vj2i0 + vj3i0 + vj4i0 + vj5i0 >= \n                     9.900000000000\n cons_server_load_1: vj0i1 + vj1i1 + vj2i1 + vj3i1 + vj4i1 + vj5i1 >= \n                     9.900000000000\n cons_server_load_2: vj0i2 + vj1i2 + vj2i2 + vj3i2 + vj4i2 + vj5i2 >= \n                     9.900000000000\n cons_server_load_3: vj0i3 + vj1i3 + vj2i3 + vj3i3 + vj4i3 + vj5i3 >= \n                     8.900000000000\n cons_server_load_4: vj0i4 + vj1i4 + vj2i4 + vj3i4 + vj4i4 + vj5i4 >= \n                     8.900000000000\n cons_server_on_0: si0 = 1\n cons_server_on_1: si1 = 1\n cons_server_on_2: si2 = 1\n cons_server_on_3: si3 = 1\n cons_server_on_4: si4 = 1\n cons_vm_alloc_0: vj0i0 + vj0i1 + vj0i2 + vj0i3 + vj0i4 <= 17.100000000000\n cons_vm_alloc_1: vj1i0 + vj1i1 + vj1i2 + vj1i3 + vj1i4 <= 17.100000000000\n cons_vm_alloc_2: vj2i0 + vj2i1 + vj2i2 + vj2i3 + vj2i4 <= 17.100000000000\n cons_vm_alloc_3: vj3i0 + vj3i1 + vj3i2 + vj3i3 + vj3i4 <= 16.100000000000\n cons_vm_alloc_4: vj4i0 + vj4i1 + vj4i2 + vj4i3 + vj4i4 <= 14.100000000000\n cons_vm_alloc_5: vj5i0 + vj5i1 + vj5i2 + vj5i3 + vj5i4 <= 14.100000000000\n\nBounds\n 0 <= si0 <= 1\n 0 <= si1 <= 1\n 0 <= si2 <= 1\n 0 <= si3 <= 1\n 0 <= si4 <= 1\n 0.900000000000 <= uj0\n 0.900000000000 <= uj1\n 0.900000000000 <= uj2\n 0.900000000000 <= uj3\n 0.900000000000 <= uj4\n 0.900000000000 <= uj5\n\nBinaries\n si0 si1 si2 si3 si4\nEnd\n",
  "classic": {
    "objective": 47.74808169076264,
    "status": "INFEASIBLE",
    "x": [
      1.0,
      1.0,
      1.0,
      1.0,
      1.0,
      1.3815870721166175,
      0.5890022943468279,
      0.6514745388409078,
      0.036461152536130324,
      1.1760814867738985,
      1.1876720947097619,
      0.6605262180566891,
      0.09798668376506968,
      0.5496467961250832,
      1.010256581586644,
      1.0181064856766493,
      1.148237600204477,
      1.2217686621053003,
      0.9137917508966488,
      1.0099743519399118,
      2.1541278916572755,
      2.3343427849116094,
      2.2003989259890733,
      2.2076449842430055,
      1.093070148934505,
      2.002218910219591,
      2.069727718213871,
      2.639624875424272,
      2.316375961281716,
      2.3807812084572983,
      2.1562964887339655,
      3.0980311778512264,
      3.0887455389753216,
      2.8762210564377377,
      2.229739558379559,
      0.899929246675477,
      0.8999946300300015,
      0.8999128554896755,
      0.9000598053030293,
      0.8999738619209541,
      0.8998963942863172
    ],
    "residuals": [
      5.7475416846904895e-05
    ],
    "duration_seconds": 3.4115532909636386
  },
  "quantum": {
    "objective": 47.74808169076264,
    "status": "INFEASIBLE",
    "x": [
      1.0,
      1.0,
      1.0,
      1.0,
      1.0,
      1.3815870721166175,
      0.5890022943468279,
      0.6514745388409078,
      0.036461152536130324,
      1.1760814867738985,
      1.1876720947097619,
      0.6605262180566891,
      0.09798668376506968,
      0.5496467961250832,
      1.010256581586644,
      1.0181064856766493,
      1.148237600204477,
      1.2217686621053003,
      0.9137917508966488,
      1.0099743519399118,
      2.1541278916572755,
      2.3343427849116094,
      2.2003989259890733,
      2.2076449842430055,
      1.093070148934505,
      2.002218910219591,
      2.069727718213871,
      2.639624875424272,
      2.316375961281716,
      2.3807812084572983,
      2.1562964887339655,
      3.0980311778512264,
      3.0887455389753216,
      2.8762210564377377,
      2.229739558379559,
      0.899929246675477,
      0.8999946300300015,
      0.8999128554896755,
      0.9000598053030293,
      0.8999738619209541,
      0.8998963942863172
    ],
    "residuals": [
      5.7475416846904895e-05
    ],
    "duration_seconds": 10.741960416024085
  },
  "combined_image": "q_20260325_115150_results.png"
}