{
  "script": "q",
  "meta": {
    "n_servers": 1,
    "n_vms": 3,
    "require_all_on": true
  },
  "input": {
    "pi": [
      1.0
    ],
    "pd": [
      1.0
    ],
    "capacities": [
      11
    ],
    "vm_allocation_limits": [
      6,
      6,
      6
    ],
    "min_cpu_per_vm": 1.0
  },
  "qp_lp": "\\ This file has been generated by DOcplex\n\\ ENCODING=ISO-8859-1\n\\Problem name: qiskit_server\n\nMinimize\n obj: si0 + [ 2 vj0i0*uj0 + 2 vj1i0*uj1 + 2 vj2i0*uj2 ]/2\nSubject To\n cons_server_load_0: vj0i0 + vj1i0 + vj2i0 >= 9.990000000000\n cons_server_on_0: si0 = 1\n cons_vm_alloc_0: vj0i0 <= 6.010000000000\n cons_vm_alloc_1: vj1i0 <= 6.010000000000\n cons_vm_alloc_2: vj2i0 <= 6.010000000000\n\nBounds\n 0 <= si0 <= 1\n 0.990000000000 <= uj0\n 0.990000000000 <= uj1\n 0.990000000000 <= uj2\n\nBinaries\n si0\nEnd\n",
  "classic": {
    "objective": 10.889854722635425,
    "status": "INFEASIBLE",
    "x": [
      1.0,
      5.193480688384947,
      2.3989326665560338,
      2.397518452994065,
      0.9899822053619896,
      0.9899822053619896,
      0.9899822053619897
    ],
    "residuals": [
      0.0
    ],
    "duration_seconds": 0.342055041983258
  },
  "quantum": {
    "objective": 10.889854722635425,
    "status": "INFEASIBLE",
    "x": [
      1.0,
      5.193480688384947,
      2.3989326665560338,
      2.397518452994065,
      0.9899822053619896,
      0.9899822053619896,
      0.9899822053619897
    ],
    "residuals": [
      0.0
    ],
    "duration_seconds": 1.4622108329785988
  },
  "combined_image": "q_20260325_114602_results.png"
}