{
  "script": "q",
  "meta": {
    "n_servers": 1,
    "n_vms": 4,
    "require_all_on": true
  },
  "input": {
    "pi": [
      1.0
    ],
    "pd": [
      1.0
    ],
    "capacities": [
      11
    ],
    "vm_allocation_limits": [
      5,
      5,
      8,
      5
    ],
    "min_cpu_per_vm": 1.0
  },
  "qp_lp": "\\ This file has been generated by DOcplex\n\\ ENCODING=ISO-8859-1\n\\Problem name: qiskit_server\n\nMinimize\n obj: si0 + [ 2 vj0i0*uj0 + 2 vj1i0*uj1 + 2 vj2i0*uj2 + 2 vj3i0*uj3 ]/2\nSubject To\n cons_server_load_0: vj0i0 + vj1i0 + vj2i0 + vj3i0 >= 9.900000000000\n cons_server_on_0: si0 = 1\n cons_vm_alloc_0: vj0i0 <= 5.100000000000\n cons_vm_alloc_1: vj1i0 <= 5.100000000000\n cons_vm_alloc_2: vj2i0 <= 8.100000000000\n cons_vm_alloc_3: vj3i0 <= 5.100000000000\n\nBounds\n 0 <= si0 <= 1\n 0.900000000000 <= uj0\n 0.900000000000 <= uj1\n 0.900000000000 <= uj2\n 0.900000000000 <= uj3\n\nBinaries\n si0\nEnd\n",
  "classic": {
    "objective": 9.909750799970432,
    "status": "INFEASIBLE",
    "x": [
      1.0,
      3.224984316761553,
      2.224984316761553,
      2.224984316761553,
      2.224984316761553,
      0.899980531152273,
      0.899980531152273,
      0.899980531152273,
      0.899980531152273
    ],
    "residuals": [
      0.0
    ],
    "duration_seconds": 0.31212620896985754
  },
  "quantum": {
    "objective": 9.909750799970432,
    "status": "INFEASIBLE",
    "x": [
      1.0,
      3.224984316761553,
      2.224984316761553,
      2.224984316761553,
      2.224984316761553,
      0.899980531152273,
      0.899980531152273,
      0.899980531152273,
      0.899980531152273
    ],
    "residuals": [
      0.0
    ],
    "duration_seconds": 1.4467767090536654
  },
  "combined_image": "q_20260325_114812_results.png"
}