{
  "script": "q",
  "meta": {
    "n_servers": 6,
    "n_vms": 5,
    "require_all_on": true
  },
  "input": {
    "pi": [
      1.0,
      1.0,
      1.0,
      1.0,
      1.0,
      1.0
    ],
    "pd": [
      1.0,
      1.0,
      1.0,
      1.0,
      1.0,
      1.0
    ],
    "capacities": [
      11,
      11,
      11,
      10,
      10,
      10
    ],
    "vm_allocation_limits": [
      15,
      17,
      16,
      16,
      17
    ],
    "min_cpu_per_vm": 1.0
  },
  "qp_lp": "\\ This file has been generated by DOcplex\n\\ ENCODING=ISO-8859-1\n\\Problem name: qiskit_server\n\nMinimize\n obj: si0 + si1 + si2 + si3 + si4 + si5 + [ 2 vj0i0*uj0 + 2 vj0i1*uj0\n      + 2 vj0i2*uj0 + 2 vj0i3*uj0 + 2 vj0i4*uj0 + 2 vj0i5*uj0 + 2 vj1i0*uj1\n      + 2 vj1i1*uj1 + 2 vj1i2*uj1 + 2 vj1i3*uj1 + 2 vj1i4*uj1 + 2 vj1i5*uj1\n      + 2 vj2i0*uj2 + 2 vj2i1*uj2 + 2 vj2i2*uj2 + 2 vj2i3*uj2 + 2 vj2i4*uj2\n      + 2 vj2i5*uj2 + 2 vj3i0*uj3 + 2 vj3i1*uj3 + 2 vj3i2*uj3 + 2 vj3i3*uj3\n      + 2 vj3i4*uj3 + 2 vj3i5*uj3 + 2 vj4i0*uj4 + 2 vj4i1*uj4 + 2 vj4i2*uj4\n      + 2 vj4i3*uj4 + 2 vj4i4*uj4 + 2 vj4i5*uj4 ]/2\nSubject To\n cons_server_load_0: vj0i0 + vj1i0 + vj2i0 + vj3i0 + vj4i0 >= 9.900000000000\n cons_server_load_1: vj0i1 + vj1i1 + vj2i1 + vj3i1 + vj4i1 >= 9.900000000000\n cons_server_load_2: vj0i2 + vj1i2 + vj2i2 + vj3i2 + vj4i2 >= 9.900000000000\n cons_server_load_3: vj0i3 + vj1i3 + vj2i3 + vj3i3 + vj4i3 >= 8.900000000000\n cons_server_load_4: vj0i4 + vj1i4 + vj2i4 + vj3i4 + vj4i4 >= 8.900000000000\n cons_server_load_5: vj0i5 + vj1i5 + vj2i5 + vj3i5 + vj4i5 >= 8.900000000000\n cons_server_on_0: si0 = 1\n cons_server_on_1: si1 = 1\n cons_server_on_2: si2 = 1\n cons_server_on_3: si3 = 1\n cons_server_on_4: si4 = 1\n cons_server_on_5: si5 = 1\n cons_vm_alloc_0: vj0i0 + vj0i1 + vj0i2 + vj0i3 + vj0i4 + vj0i5 <= \n                  15.100000000000\n cons_vm_alloc_1: vj1i0 + vj1i1 + vj1i2 + vj1i3 + vj1i4 + vj1i5 <= \n                  17.100000000000\n cons_vm_alloc_2: vj2i0 + vj2i1 + vj2i2 + vj2i3 + vj2i4 + vj2i5 <= \n                  16.100000000000\n cons_vm_alloc_3: vj3i0 + vj3i1 + vj3i2 + vj3i3 + vj3i4 + vj3i5 <= \n                  16.100000000000\n cons_vm_alloc_4: vj4i0 + vj4i1 + vj4i2 + vj4i3 + vj4i4 + vj4i5 <= \n                  17.100000000000\n\nBounds\n 0 <= si0 <= 1\n 0 <= si1 <= 1\n 0 <= si2 <= 1\n 0 <= si3 <= 1\n 0 <= si4 <= 1\n 0 <= si5 <= 1\n 0.900000000000 <= uj0\n 0.900000000000 <= uj1\n 0.900000000000 <= uj2\n 0.900000000000 <= uj3\n 0.900000000000 <= uj4\n\nBinaries\n si0 si1 si2 si3 si4 si5\nEnd\n",
  "classic": {
    "objective": 56.75808838227413,
    "status": "INFEASIBLE",
    "x": [
      1.0,
      1.0,
      1.0,
      1.0,
      1.0,
      1.0,
      0.2128342316787279,
      0.4780247610456938,
      1.4803420168976646,
      1.0216076588350755,
      0.38248136069370964,
      1.1806168783284878,
      1.2973401281037862,
      1.7883972697247172,
      1.4694248058215074,
      2.368731878487589,
      2.2540114777605402,
      1.8816648958797453,
      1.9783549042412738,
      2.1096111614857884,
      3.286696534579136,
      2.695556031752788,
      2.386878161158505,
      2.1791276692574137,
      1.6898448876019259,
      1.448391155323353,
      1.862564339254075,
      2.8002670137361907,
      1.745943705967256,
      1.3651194131926099,
      4.721643701021529,
      4.0755168396095405,
      1.8011390740023376,
      0.013976504850205606,
      2.1306831115300033,
      2.293620026912594,
      0.9000469204392314,
      0.9000136647890407,
      0.9000132387773097,
      0.8998771942476479,
      0.899899576504922
    ],
    "residuals": [
      1.9408327800272892e-05
    ],
    "duration_seconds": 3.82327329198597
  },
  "quantum": {
    "objective": 56.75808838227413,
    "status": "INFEASIBLE",
    "x": [
      1.0,
      1.0,
      1.0,
      1.0,
      1.0,
      1.0,
      0.2128342316787279,
      0.4780247610456938,
      1.4803420168976646,
      1.0216076588350755,
      0.38248136069370964,
      1.1806168783284878,
      1.2973401281037862,
      1.7883972697247172,
      1.4694248058215074,
      2.368731878487589,
      2.2540114777605402,
      1.8816648958797453,
      1.9783549042412738,
      2.1096111614857884,
      3.286696534579136,
      2.695556031752788,
      2.386878161158505,
      2.1791276692574137,
      1.6898448876019259,
      1.448391155323353,
      1.862564339254075,
      2.8002670137361907,
      1.745943705967256,
      1.3651194131926099,
      4.721643701021529,
      4.0755168396095405,
      1.8011390740023376,
      0.013976504850205606,
      2.1306831115300033,
      2.293620026912594,
      0.9000469204392314,
      0.9000136647890407,
      0.9000132387773097,
      0.8998771942476479,
      0.899899576504922
    ],
    "residuals": [
      1.9408327800272892e-05
    ],
    "duration_seconds": 23.162686917057727
  },
  "combined_image": "q_20260325_115635_results.png"
}