{
  "script": "q",
  "meta": {
    "n_servers": 4,
    "n_vms": 5,
    "require_all_on": true
  },
  "input": {
    "pi": [
      1.0,
      1.0,
      1.0,
      1.0
    ],
    "pd": [
      1.0,
      1.0,
      1.0,
      1.0
    ],
    "capacities": [
      11,
      11,
      11,
      10
    ],
    "vm_allocation_limits": [
      16,
      14,
      15,
      16,
      15
    ],
    "min_cpu_per_vm": 1.0
  },
  "qp_lp": "\\ This file has been generated by DOcplex\n\\ ENCODING=ISO-8859-1\n\\Problem name: qiskit_server\n\nMinimize\n obj: si0 + si1 + si2 + si3 + [ 2 vj0i0*uj0 + 2 vj0i1*uj0 + 2 vj0i2*uj0\n      + 2 vj0i3*uj0 + 2 vj1i0*uj1 + 2 vj1i1*uj1 + 2 vj1i2*uj1 + 2 vj1i3*uj1\n      + 2 vj2i0*uj2 + 2 vj2i1*uj2 + 2 vj2i2*uj2 + 2 vj2i3*uj2 + 2 vj3i0*uj3\n      + 2 vj3i1*uj3 + 2 vj3i2*uj3 + 2 vj3i3*uj3 + 2 vj4i0*uj4 + 2 vj4i1*uj4\n      + 2 vj4i2*uj4 + 2 vj4i3*uj4 ]/2\nSubject To\n cons_server_load_0: vj0i0 + vj1i0 + vj2i0 + vj3i0 + vj4i0 >= 9.900000000000\n cons_server_load_1: vj0i1 + vj1i1 + vj2i1 + vj3i1 + vj4i1 >= 9.900000000000\n cons_server_load_2: vj0i2 + vj1i2 + vj2i2 + vj3i2 + vj4i2 >= 9.900000000000\n cons_server_load_3: vj0i3 + vj1i3 + vj2i3 + vj3i3 + vj4i3 >= 8.900000000000\n cons_server_on_0: si0 = 1\n cons_server_on_1: si1 = 1\n cons_server_on_2: si2 = 1\n cons_server_on_3: si3 = 1\n cons_vm_alloc_0: vj0i0 + vj0i1 + vj0i2 + vj0i3 <= 16.100000000000\n cons_vm_alloc_1: vj1i0 + vj1i1 + vj1i2 + vj1i3 <= 14.100000000000\n cons_vm_alloc_2: vj2i0 + vj2i1 + vj2i2 + vj2i3 <= 15.100000000000\n cons_vm_alloc_3: vj3i0 + vj3i1 + vj3i2 + vj3i3 <= 16.100000000000\n cons_vm_alloc_4: vj4i0 + vj4i1 + vj4i2 + vj4i3 <= 15.100000000000\n\nBounds\n 0 <= si0 <= 1\n 0 <= si1 <= 1\n 0 <= si2 <= 1\n 0 <= si3 <= 1\n 0.900000000000 <= uj0\n 0.900000000000 <= uj1\n 0.900000000000 <= uj2\n 0.900000000000 <= uj3\n 0.900000000000 <= uj4\n\nBinaries\n si0 si1 si2 si3\nEnd\n",
  "classic": {
    "objective": 38.73806701784648,
    "status": "INFEASIBLE",
    "x": [
      1.0,
      1.0,
      1.0,
      1.0,
      1.666321743895639,
      3.042401725355512,
      1.7657476096654192,
      2.541488635106714,
      2.924599608356783,
      3.2754925168547198,
      2.737953688878311,
      2.3698438451336696,
      2.7501954645529123,
      1.459837803314186,
      3.1422619946095796,
      2.686154948472009,
      0.9837554638936838,
      1.119213471873413,
      1.4187197823313822,
      1.0846053293738316,
      1.5751598096481585,
      1.0031394414451835,
      0.8351617796516393,
      0.21772172095242315,
      0.8999338903813257,
      0.900022277900189,
      0.8999003627602772,
      0.8999686821951353,
      0.8999330413562036
    ],
    "residuals": [
      2.2124603429013558e-05
    ],
    "duration_seconds": 1.6514840829768218
  },
  "quantum": {
    "objective": 38.73806701784648,
    "status": "INFEASIBLE",
    "x": [
      1.0,
      1.0,
      1.0,
      1.0,
      1.666321743895639,
      3.042401725355512,
      1.7657476096654192,
      2.541488635106714,
      2.924599608356783,
      3.2754925168547198,
      2.737953688878311,
      2.3698438451336696,
      2.7501954645529123,
      1.459837803314186,
      3.1422619946095796,
      2.686154948472009,
      0.9837554638936838,
      1.119213471873413,
      1.4187197823313822,
      1.0846053293738316,
      1.5751598096481585,
      1.0031394414451835,
      0.8351617796516393,
      0.21772172095242315,
      0.8999338903813257,
      0.900022277900189,
      0.8999003627602772,
      0.8999686821951353,
      0.8999330413562036
    ],
    "residuals": [
      2.2124603429013558e-05
    ],
    "duration_seconds": 5.16012520797085
  },
  "combined_image": "q_20260325_115017_results.png"
}