{
  "script": "q",
  "meta": {
    "n_servers": 2,
    "n_vms": 2,
    "require_all_on": true
  },
  "input": {
    "pi": [
      1.0,
      1.0
    ],
    "pd": [
      1.0,
      1.0
    ],
    "capacities": [
      11,
      11
    ],
    "vm_allocation_limits": [
      17,
      16
    ],
    "min_cpu_per_vm": 1.0
  },
  "qp_lp": "\\ This file has been generated by DOcplex\n\\ ENCODING=ISO-8859-1\n\\Problem name: qiskit_server\n\nMinimize\n obj: si0 + si1 + [ 2 vj0i0*uj0 + 2 vj0i1*uj0 + 2 vj1i0*uj1 + 2 vj1i1*uj1 ]/2\nSubject To\n cons_server_load_0: vj0i0 + vj1i0 >= 9.900000000000\n cons_server_load_1: vj0i1 + vj1i1 >= 9.900000000000\n cons_server_on_0: si0 = 1\n cons_server_on_1: si1 = 1\n cons_vm_alloc_0: vj0i0 + vj0i1 <= 17.100000000000\n cons_vm_alloc_1: vj1i0 + vj1i1 <= 16.100000000000\n\nBounds\n 0 <= si0 <= 1\n 0 <= si1 <= 1\n 0.900000000000 <= uj0\n 0.900000000000 <= uj1\n\nBinaries\n si0 si1\nEnd\n",
  "classic": {
    "objective": 19.819201390173134,
    "status": "INFEASIBLE",
    "x": [
      1.0,
      1.0,
      4.880234653287172,
      4.959541931945613,
      5.020398817791277,
      4.940726858497296,
      0.8999186579896822,
      0.8999186579896794
    ],
    "residuals": [
      1.5700924586837752e-16
    ],
    "duration_seconds": 0.24875333299860358
  },
  "quantum": {
    "objective": 19.819201390173134,
    "status": "INFEASIBLE",
    "x": [
      1.0,
      1.0,
      4.880234653287172,
      4.959541931945613,
      5.020398817791277,
      4.940726858497296,
      0.8999186579896822,
      0.8999186579896794
    ],
    "residuals": [
      1.5700924586837752e-16
    ],
    "duration_seconds": 1.4690110000083223
  },
  "combined_image": "q_20260325_114830_results.png"
}