{
  "script": "q",
  "meta": {
    "n_servers": 3,
    "n_vms": 6,
    "require_all_on": true
  },
  "input": {
    "pi": [
      1.0,
      1.0,
      1.0
    ],
    "pd": [
      1.0,
      1.0,
      1.0
    ],
    "capacities": [
      11,
      11,
      11
    ],
    "vm_allocation_limits": [
      15,
      16,
      14,
      15,
      15,
      15
    ],
    "min_cpu_per_vm": 1.0
  },
  "qp_lp": "\\ This file has been generated by DOcplex\n\\ ENCODING=ISO-8859-1\n\\Problem name: qiskit_server\n\nMinimize\n obj: si0 + si1 + si2 + [ 2 vj0i0*uj0 + 2 vj0i1*uj0 + 2 vj0i2*uj0 + 2 vj1i0*uj1\n      + 2 vj1i1*uj1 + 2 vj1i2*uj1 + 2 vj2i0*uj2 + 2 vj2i1*uj2 + 2 vj2i2*uj2\n      + 2 vj3i0*uj3 + 2 vj3i1*uj3 + 2 vj3i2*uj3 + 2 vj4i0*uj4 + 2 vj4i1*uj4\n      + 2 vj4i2*uj4 + 2 vj5i0*uj5 + 2 vj5i1*uj5 + 2 vj5i2*uj5 ]/2\nSubject To\n cons_server_load_0: vj0i0 + vj1i0 + vj2i0 + vj3i0 + vj4i0 + vj5i0 >= \n                     9.900000000000\n cons_server_load_1: vj0i1 + vj1i1 + vj2i1 + vj3i1 + vj4i1 + vj5i1 >= \n                     9.900000000000\n cons_server_load_2: vj0i2 + vj1i2 + vj2i2 + vj3i2 + vj4i2 + vj5i2 >= \n                     9.900000000000\n cons_server_on_0: si0 = 1\n cons_server_on_1: si1 = 1\n cons_server_on_2: si2 = 1\n cons_vm_alloc_0: vj0i0 + vj0i1 + vj0i2 <= 15.100000000000\n cons_vm_alloc_1: vj1i0 + vj1i1 + vj1i2 <= 16.100000000000\n cons_vm_alloc_2: vj2i0 + vj2i1 + vj2i2 <= 14.100000000000\n cons_vm_alloc_3: vj3i0 + vj3i1 + vj3i2 <= 15.100000000000\n cons_vm_alloc_4: vj4i0 + vj4i1 + vj4i2 <= 15.100000000000\n cons_vm_alloc_5: vj5i0 + vj5i1 + vj5i2 <= 15.100000000000\n\nBounds\n 0 <= si0 <= 1\n 0 <= si1 <= 1\n 0 <= si2 <= 1\n 0.900000000000 <= uj0\n 0.900000000000 <= uj1\n 0.900000000000 <= uj2\n 0.900000000000 <= uj3\n 0.900000000000 <= uj4\n 0.900000000000 <= uj5\n\nBinaries\n si0 si1 si2\nEnd\n",
  "classic": {
    "objective": 29.729640092746703,
    "status": "INFEASIBLE",
    "x": [
      1.0,
      1.0,
      1.0,
      2.0569049726947393,
      1.679884498678203,
      0.6774255058778644,
      1.1456374719255604,
      1.4645714228575166,
      1.2111957740000878,
      1.2525614680369712,
      1.6826199719368136,
      1.8761851139250376,
      1.815840350650335,
      1.6858485277166628,
      2.415780966821165,
      1.6573304886016411,
      1.2113529298275594,
      2.1065721660155696,
      1.9717454771028506,
      2.1756713330004898,
      1.6128908710204526,
      0.8999817396206101,
      0.8999937922897288,
      0.8999864425683116,
      0.8999755645799359,
      0.8999987271953731,
      0.8999901391903508
    ],
    "residuals": [
      1.7828695322075205e-05
    ],
    "duration_seconds": 1.7530681249918416
  },
  "quantum": {
    "objective": 29.729640092746703,
    "status": "INFEASIBLE",
    "x": [
      1.0,
      1.0,
      1.0,
      2.0569049726947393,
      1.679884498678203,
      0.6774255058778644,
      1.1456374719255604,
      1.4645714228575166,
      1.2111957740000878,
      1.2525614680369712,
      1.6826199719368136,
      1.8761851139250376,
      1.815840350650335,
      1.6858485277166628,
      2.415780966821165,
      1.6573304886016411,
      1.2113529298275594,
      2.1065721660155696,
      1.9717454771028506,
      2.1756713330004898,
      1.6128908710204526,
      0.8999817396206101,
      0.8999937922897288,
      0.8999864425683116,
      0.8999755645799359,
      0.8999987271953731,
      0.8999901391903508
    ],
    "residuals": [
      1.7828695322075205e-05
    ],
    "duration_seconds": 4.1331629999913275
  },
  "combined_image": "q_20260325_114931_results.png"
}