{
  "script": "q",
  "meta": {
    "n_servers": 5,
    "n_vms": 5,
    "require_all_on": true
  },
  "input": {
    "pi": [
      1.0,
      1.0,
      1.0,
      1.0,
      1.0
    ],
    "pd": [
      1.0,
      1.0,
      1.0,
      1.0,
      1.0
    ],
    "capacities": [
      11,
      11,
      11,
      10,
      10
    ],
    "vm_allocation_limits": [
      14,
      15,
      15,
      17,
      14
    ],
    "min_cpu_per_vm": 1.0
  },
  "qp_lp": "\\ This file has been generated by DOcplex\n\\ ENCODING=ISO-8859-1\n\\Problem name: qiskit_server\n\nMinimize\n obj: si0 + si1 + si2 + si3 + si4 + [ 2 vj0i0*uj0 + 2 vj0i1*uj0 + 2 vj0i2*uj0\n      + 2 vj0i3*uj0 + 2 vj0i4*uj0 + 2 vj1i0*uj1 + 2 vj1i1*uj1 + 2 vj1i2*uj1\n      + 2 vj1i3*uj1 + 2 vj1i4*uj1 + 2 vj2i0*uj2 + 2 vj2i1*uj2 + 2 vj2i2*uj2\n      + 2 vj2i3*uj2 + 2 vj2i4*uj2 + 2 vj3i0*uj3 + 2 vj3i1*uj3 + 2 vj3i2*uj3\n      + 2 vj3i3*uj3 + 2 vj3i4*uj3 + 2 vj4i0*uj4 + 2 vj4i1*uj4 + 2 vj4i2*uj4\n      + 2 vj4i3*uj4 + 2 vj4i4*uj4 ]/2\nSubject To\n cons_server_load_0: vj0i0 + vj1i0 + vj2i0 + vj3i0 + vj4i0 >= 9.900000000000\n cons_server_load_1: vj0i1 + vj1i1 + vj2i1 + vj3i1 + vj4i1 >= 9.900000000000\n cons_server_load_2: vj0i2 + vj1i2 + vj2i2 + vj3i2 + vj4i2 >= 9.900000000000\n cons_server_load_3: vj0i3 + vj1i3 + vj2i3 + vj3i3 + vj4i3 >= 8.900000000000\n cons_server_load_4: vj0i4 + vj1i4 + vj2i4 + vj3i4 + vj4i4 >= 8.900000000000\n cons_server_on_0: si0 = 1\n cons_server_on_1: si1 = 1\n cons_server_on_2: si2 = 1\n cons_server_on_3: si3 = 1\n cons_server_on_4: si4 = 1\n cons_vm_alloc_0: vj0i0 + vj0i1 + vj0i2 + vj0i3 + vj0i4 <= 14.100000000000\n cons_vm_alloc_1: vj1i0 + vj1i1 + vj1i2 + vj1i3 + vj1i4 <= 15.100000000000\n cons_vm_alloc_2: vj2i0 + vj2i1 + vj2i2 + vj2i3 + vj2i4 <= 15.100000000000\n cons_vm_alloc_3: vj3i0 + vj3i1 + vj3i2 + vj3i3 + vj3i4 <= 17.100000000000\n cons_vm_alloc_4: vj4i0 + vj4i1 + vj4i2 + vj4i3 + vj4i4 <= 14.100000000000\n\nBounds\n 0 <= si0 <= 1\n 0 <= si1 <= 1\n 0 <= si2 <= 1\n 0 <= si3 <= 1\n 0 <= si4 <= 1\n 0.900000000000 <= uj0\n 0.900000000000 <= uj1\n 0.900000000000 <= uj2\n 0.900000000000 <= uj3\n 0.900000000000 <= uj4\n\nBinaries\n si0 si1 si2 si3 si4\nEnd\n",
  "classic": {
    "objective": 47.74926936718933,
    "status": "INFEASIBLE",
    "x": [
      1.0,
      1.0,
      1.0,
      1.0,
      1.0,
      1.1407060894487797,
      1.3407188051604229,
      2.4094699191814053,
      1.4927236324725341,
      2.151253365268458,
      1.6572589383491079,
      1.8444998884378454,
      2.9100115413656975,
      1.736889973307874,
      2.5013120418397063,
      2.8154316206539205,
      2.6632430132977145,
      2.304201578531245,
      1.596771809714394,
      2.1128008461697285,
      2.438974066181553,
      2.280986294610025,
      2.276323656135213,
      1.392693765253289,
      2.1346363306486436,
      1.8476098520392599,
      1.7705739617321785,
      -2.251389214273327e-06,
      2.680901895048317,
      4.8348491669000366e-06,
      0.900002723354842,
      0.8999770572106267,
      0.8999854062544161,
      0.899972657335165,
      0.899992062951386
    ],
    "residuals": [
      1.9036615385408862e-05
    ],
    "duration_seconds": 2.6701564579852857
  },
  "quantum": {
    "objective": 47.74926936718933,
    "status": "INFEASIBLE",
    "x": [
      1.0,
      1.0,
      1.0,
      1.0,
      1.0,
      1.1407060894487797,
      1.3407188051604229,
      2.4094699191814053,
      1.4927236324725341,
      2.151253365268458,
      1.6572589383491079,
      1.8444998884378454,
      2.9100115413656975,
      1.736889973307874,
      2.5013120418397063,
      2.8154316206539205,
      2.6632430132977145,
      2.304201578531245,
      1.596771809714394,
      2.1128008461697285,
      2.438974066181553,
      2.280986294610025,
      2.276323656135213,
      1.392693765253289,
      2.1346363306486436,
      1.8476098520392599,
      1.7705739617321785,
      -2.251389214273327e-06,
      2.680901895048317,
      4.8348491669000366e-06,
      0.900002723354842,
      0.8999770572106267,
      0.8999854062544161,
      0.899972657335165,
      0.899992062951386
    ],
    "residuals": [
      1.9036615385408862e-05
    ],
    "duration_seconds": 9.393455750017893
  },
  "combined_image": "q_20260325_115132_results.png"
}