{
  "script": "q",
  "meta": {
    "n_servers": 5,
    "n_vms": 2,
    "require_all_on": true
  },
  "input": {
    "pi": [
      1.0,
      1.0,
      1.0,
      1.0,
      1.0
    ],
    "pd": [
      1.0,
      1.0,
      1.0,
      1.0,
      1.0
    ],
    "capacities": [
      11,
      11,
      11,
      10,
      10
    ],
    "vm_allocation_limits": [
      32,
      33
    ],
    "min_cpu_per_vm": 1.0
  },
  "qp_lp": "\\ This file has been generated by DOcplex\n\\ ENCODING=ISO-8859-1\n\\Problem name: qiskit_server\n\nMinimize\n obj: si0 + si1 + si2 + si3 + si4 + [ 2 vj0i0*uj0 + 2 vj0i1*uj0 + 2 vj0i2*uj0\n      + 2 vj0i3*uj0 + 2 vj0i4*uj0 + 2 vj1i0*uj1 + 2 vj1i1*uj1 + 2 vj1i2*uj1\n      + 2 vj1i3*uj1 + 2 vj1i4*uj1 ]/2\nSubject To\n cons_server_load_0: vj0i0 + vj1i0 >= 9.900000000000\n cons_server_load_1: vj0i1 + vj1i1 >= 9.900000000000\n cons_server_load_2: vj0i2 + vj1i2 >= 9.900000000000\n cons_server_load_3: vj0i3 + vj1i3 >= 8.900000000000\n cons_server_load_4: vj0i4 + vj1i4 >= 8.900000000000\n cons_server_on_0: si0 = 1\n cons_server_on_1: si1 = 1\n cons_server_on_2: si2 = 1\n cons_server_on_3: si3 = 1\n cons_server_on_4: si4 = 1\n cons_vm_alloc_0: vj0i0 + vj0i1 + vj0i2 + vj0i3 + vj0i4 <= 32.100000000000\n cons_vm_alloc_1: vj1i0 + vj1i1 + vj1i2 + vj1i3 + vj1i4 <= 33.100000000000\n\nBounds\n 0 <= si0 <= 1\n 0 <= si1 <= 1\n 0 <= si2 <= 1\n 0 <= si3 <= 1\n 0 <= si4 <= 1\n 0.900000000000 <= uj0\n 0.900000000000 <= uj1\n\nBinaries\n si0 si1 si2 si3 si4\nEnd\n",
  "classic": {
    "objective": 47.741560533610325,
    "status": "INFEASIBLE",
    "x": [
      1.0,
      1.0,
      1.0,
      1.0,
      1.0,
      4.9500032939179,
      4.949965390242424,
      4.950002319919286,
      4.450238992847234,
      4.450172622349902,
      4.95000453359535,
      4.9499658466152905,
      4.950005507524408,
      4.450240697403684,
      4.450169753995836,
      0.8998081253979601,
      0.8998073953963874
    ],
    "residuals": [
      2.8941912667302208e-12
    ],
    "duration_seconds": 0.7677737090270966
  },
  "quantum": {
    "objective": 47.741560533610325,
    "status": "INFEASIBLE",
    "x": [
      1.0,
      1.0,
      1.0,
      1.0,
      1.0,
      4.9500032939179,
      4.949965390242424,
      4.950002319919286,
      4.450238992847234,
      4.450172622349902,
      4.95000453359535,
      4.9499658466152905,
      4.950005507524408,
      4.450240697403684,
      4.450169753995836,
      0.8998081253979601,
      0.8998073953963874
    ],
    "residuals": [
      2.8941912667302208e-12
    ],
    "duration_seconds": 6.631293457990978
  },
  "combined_image": "q_20260325_115049_results.png"
}