{
  "script": "q",
  "meta": {
    "n_servers": 3,
    "n_vms": 3,
    "require_all_on": true
  },
  "input": {
    "pi": [
      1.0,
      1.0,
      1.0
    ],
    "pd": [
      1.0,
      1.0,
      1.0
    ],
    "capacities": [
      11,
      11,
      11
    ],
    "vm_allocation_limits": [
      15,
      16,
      14
    ],
    "min_cpu_per_vm": 1.0
  },
  "qp_lp": "\\ This file has been generated by DOcplex\n\\ ENCODING=ISO-8859-1\n\\Problem name: qiskit_server\n\nMinimize\n obj: si0 + si1 + si2 + [ 2 vj0i0*uj0 + 2 vj0i1*uj0 + 2 vj0i2*uj0 + 2 vj1i0*uj1\n      + 2 vj1i1*uj1 + 2 vj1i2*uj1 + 2 vj2i0*uj2 + 2 vj2i1*uj2 + 2 vj2i2*uj2 ]/2\nSubject To\n cons_server_load_0: vj0i0 + vj1i0 + vj2i0 >= 9.900000000000\n cons_server_load_1: vj0i1 + vj1i1 + vj2i1 >= 9.900000000000\n cons_server_load_2: vj0i2 + vj1i2 + vj2i2 >= 9.900000000000\n cons_server_on_0: si0 = 1\n cons_server_on_1: si1 = 1\n cons_server_on_2: si2 = 1\n cons_vm_alloc_0: vj0i0 + vj0i1 + vj0i2 <= 15.100000000000\n cons_vm_alloc_1: vj1i0 + vj1i1 + vj1i2 <= 16.100000000000\n cons_vm_alloc_2: vj2i0 + vj2i1 + vj2i2 <= 14.100000000000\n\nBounds\n 0 <= si0 <= 1\n 0 <= si1 <= 1\n 0 <= si2 <= 1\n 0.900000000000 <= uj0\n 0.900000000000 <= uj1\n 0.900000000000 <= uj2\n\nBinaries\n si0 si1 si2\nEnd\n",
  "classic": {
    "objective": 29.72929304368518,
    "status": "INFEASIBLE",
    "x": [
      1.0,
      1.0,
      1.0,
      1.530787475982544,
      1.6010594998547638,
      2.398643003570261,
      5.042100222288494,
      6.9524564989019355,
      3.965439057829038,
      3.327118679680691,
      1.3464863426329483,
      3.535917984342548,
      0.8999896759611076,
      0.8999821257346147,
      0.899954628947909
    ],
    "residuals": [
      7.072039209811875e-08
    ],
    "duration_seconds": 0.6661974170128815
  },
  "quantum": {
    "objective": 29.72929304368518,
    "status": "INFEASIBLE",
    "x": [
      1.0,
      1.0,
      1.0,
      1.530787475982544,
      1.6010594998547638,
      2.398643003570261,
      5.042100222288494,
      6.9524564989019355,
      3.965439057829038,
      3.327118679680691,
      1.3464863426329483,
      3.535917984342548,
      0.8999896759611076,
      0.8999821257346147,
      0.899954628947909
    ],
    "residuals": [
      7.072039209811875e-08
    ],
    "duration_seconds": 2.6252542919828556
  },
  "combined_image": "q_20260325_114908_results.png"
}