{
  "script": "q",
  "meta": {
    "n_servers": 4,
    "n_vms": 2,
    "require_all_on": true
  },
  "input": {
    "pi": [
      1.0,
      1.0,
      1.0,
      1.0
    ],
    "pd": [
      1.0,
      1.0,
      1.0,
      1.0
    ],
    "capacities": [
      11,
      11,
      11,
      10
    ],
    "vm_allocation_limits": [
      28,
      27
    ],
    "min_cpu_per_vm": 1.0
  },
  "qp_lp": "\\ This file has been generated by DOcplex\n\\ ENCODING=ISO-8859-1\n\\Problem name: qiskit_server\n\nMinimize\n obj: si0 + si1 + si2 + si3 + [ 2 vj0i0*uj0 + 2 vj0i1*uj0 + 2 vj0i2*uj0\n      + 2 vj0i3*uj0 + 2 vj1i0*uj1 + 2 vj1i1*uj1 + 2 vj1i2*uj1 + 2 vj1i3*uj1 ]/2\nSubject To\n cons_server_load_0: vj0i0 + vj1i0 >= 9.900000000000\n cons_server_load_1: vj0i1 + vj1i1 >= 9.900000000000\n cons_server_load_2: vj0i2 + vj1i2 >= 9.900000000000\n cons_server_load_3: vj0i3 + vj1i3 >= 8.900000000000\n cons_server_on_0: si0 = 1\n cons_server_on_1: si1 = 1\n cons_server_on_2: si2 = 1\n cons_server_on_3: si3 = 1\n cons_vm_alloc_0: vj0i0 + vj0i1 + vj0i2 + vj0i3 <= 28.100000000000\n cons_vm_alloc_1: vj1i0 + vj1i1 + vj1i2 + vj1i3 <= 27.100000000000\n\nBounds\n 0 <= si0 <= 1\n 0 <= si1 <= 1\n 0 <= si2 <= 1\n 0 <= si3 <= 1\n 0.900000000000 <= uj0\n 0.900000000000 <= uj1\n\nBinaries\n si0 si1 si2 si3\nEnd\n",
  "classic": {
    "objective": 38.73909394754366,
    "status": "INFEASIBLE",
    "x": [
      1.0,
      1.0,
      1.0,
      1.0,
      5.861802165406089,
      5.940176155411953,
      4.6498781587377644,
      4.027094393388241,
      4.038197834593912,
      3.9598238445880494,
      5.250121841262238,
      4.872905606611761,
      0.9,
      0.89995
    ],
    "residuals": [
      0.0004873062204470993,
      1.1102230246251565e-16
    ],
    "duration_seconds": 1.2456365000107326
  },
  "quantum": {
    "objective": 38.73909394754366,
    "status": "INFEASIBLE",
    "x": [
      1.0,
      1.0,
      1.0,
      1.0,
      5.861802165406089,
      5.940176155411953,
      4.6498781587377644,
      4.027094393388241,
      4.038197834593912,
      3.9598238445880494,
      5.250121841262238,
      4.872905606611761,
      0.9,
      0.89995
    ],
    "residuals": [
      0.0004873062204470993,
      1.1102230246251565e-16
    ],
    "duration_seconds": 8.448997500003316
  },
  "combined_image": "q_20260325_114951_results.png"
}