{
  "script": "q",
  "meta": {
    "n_servers": 4,
    "n_vms": 6,
    "require_all_on": true
  },
  "input": {
    "pi": [
      1.0,
      1.0,
      1.0,
      1.0
    ],
    "pd": [
      1.0,
      1.0,
      1.0,
      1.0
    ],
    "capacities": [
      11,
      11,
      11,
      10
    ],
    "vm_allocation_limits": [
      17,
      17,
      17,
      15,
      16,
      15
    ],
    "min_cpu_per_vm": 1.0
  },
  "qp_lp": "\\ This file has been generated by DOcplex\n\\ ENCODING=ISO-8859-1\n\\Problem name: qiskit_server\n\nMinimize\n obj: si0 + si1 + si2 + si3 + [ 2 vj0i0*uj0 + 2 vj0i1*uj0 + 2 vj0i2*uj0\n      + 2 vj0i3*uj0 + 2 vj1i0*uj1 + 2 vj1i1*uj1 + 2 vj1i2*uj1 + 2 vj1i3*uj1\n      + 2 vj2i0*uj2 + 2 vj2i1*uj2 + 2 vj2i2*uj2 + 2 vj2i3*uj2 + 2 vj3i0*uj3\n      + 2 vj3i1*uj3 + 2 vj3i2*uj3 + 2 vj3i3*uj3 + 2 vj4i0*uj4 + 2 vj4i1*uj4\n      + 2 vj4i2*uj4 + 2 vj4i3*uj4 + 2 vj5i0*uj5 + 2 vj5i1*uj5 + 2 vj5i2*uj5\n      + 2 vj5i3*uj5 ]/2\nSubject To\n cons_server_load_0: vj0i0 + vj1i0 + vj2i0 + vj3i0 + vj4i0 + vj5i0 >= \n                     9.900000000000\n cons_server_load_1: vj0i1 + vj1i1 + vj2i1 + vj3i1 + vj4i1 + vj5i1 >= \n                     9.900000000000\n cons_server_load_2: vj0i2 + vj1i2 + vj2i2 + vj3i2 + vj4i2 + vj5i2 >= \n                     9.900000000000\n cons_server_load_3: vj0i3 + vj1i3 + vj2i3 + vj3i3 + vj4i3 + vj5i3 >= \n                     8.900000000000\n cons_server_on_0: si0 = 1\n cons_server_on_1: si1 = 1\n cons_server_on_2: si2 = 1\n cons_server_on_3: si3 = 1\n cons_vm_alloc_0: vj0i0 + vj0i1 + vj0i2 + vj0i3 <= 17.100000000000\n cons_vm_alloc_1: vj1i0 + vj1i1 + vj1i2 + vj1i3 <= 17.100000000000\n cons_vm_alloc_2: vj2i0 + vj2i1 + vj2i2 + vj2i3 <= 17.100000000000\n cons_vm_alloc_3: vj3i0 + vj3i1 + vj3i2 + vj3i3 <= 15.100000000000\n cons_vm_alloc_4: vj4i0 + vj4i1 + vj4i2 + vj4i3 <= 16.100000000000\n cons_vm_alloc_5: vj5i0 + vj5i1 + vj5i2 + vj5i3 <= 15.100000000000\n\nBounds\n 0 <= si0 <= 1\n 0 <= si1 <= 1\n 0 <= si2 <= 1\n 0 <= si3 <= 1\n 0.900000000000 <= uj0\n 0.900000000000 <= uj1\n 0.900000000000 <= uj2\n 0.900000000000 <= uj3\n 0.900000000000 <= uj4\n 0.900000000000 <= uj5\n\nBinaries\n si0 si1 si2 si3\nEnd\n",
  "classic": {
    "objective": 38.7392242837555,
    "status": "INFEASIBLE",
    "x": [
      1.0,
      1.0,
      1.0,
      1.0,
      1.625615716760201,
      1.6854320047726867,
      1.6502657406119698,
      1.4833887202086895,
      1.7410483525583769,
      1.6500766657174182,
      1.6498738529809607,
      1.5209559445073257,
      1.6333687590570123,
      1.6500197303970647,
      1.649922776037448,
      1.45024525967604,
      1.6333687590716135,
      1.6499530620389808,
      1.6501826828434245,
      1.4856006009108935,
      1.6333687587801802,
      1.6498155974331492,
      1.6498738529973882,
      1.4856006011414493,
      1.6332149705655807,
      1.614721326634873,
      1.6498534222849495,
      1.4742068899963696,
      0.8999805088099487,
      0.8999805088099487,
      0.8999805088099487,
      0.8999805088099487,
      0.8999805088099487,
      0.8999805088099487
    ],
    "residuals": [
      0.0
    ],
    "duration_seconds": 2.4178829999873415
  },
  "quantum": {
    "objective": 38.7392242837555,
    "status": "INFEASIBLE",
    "x": [
      1.0,
      1.0,
      1.0,
      1.0,
      1.625615716760201,
      1.6854320047726867,
      1.6502657406119698,
      1.4833887202086895,
      1.7410483525583769,
      1.6500766657174182,
      1.6498738529809607,
      1.5209559445073257,
      1.6333687590570123,
      1.6500197303970647,
      1.649922776037448,
      1.45024525967604,
      1.6333687590716135,
      1.6499530620389808,
      1.6501826828434245,
      1.4856006009108935,
      1.6333687587801802,
      1.6498155974331492,
      1.6498738529973882,
      1.4856006011414493,
      1.6332149705655807,
      1.614721326634873,
      1.6498534222849495,
      1.4742068899963696,
      0.8999805088099487,
      0.8999805088099487,
      0.8999805088099487,
      0.8999805088099487,
      0.8999805088099487,
      0.8999805088099487
    ],
    "residuals": [
      0.0
    ],
    "duration_seconds": 6.019297624996398
  },
  "combined_image": "q_20260325_115029_results.png"
}