{
  "script": "q",
  "meta": {
    "n_servers": 4,
    "n_vms": 4,
    "require_all_on": true
  },
  "input": {
    "pi": [
      1.0,
      1.0,
      1.0,
      1.0
    ],
    "pd": [
      1.0,
      1.0,
      1.0,
      1.0
    ],
    "capacities": [
      11,
      11,
      11,
      10
    ],
    "vm_allocation_limits": [
      15,
      14,
      16,
      17
    ],
    "min_cpu_per_vm": 1.0
  },
  "qp_lp": "\\ This file has been generated by DOcplex\n\\ ENCODING=ISO-8859-1\n\\Problem name: qiskit_server\n\nMinimize\n obj: si0 + si1 + si2 + si3 + [ 2 vj0i0*uj0 + 2 vj0i1*uj0 + 2 vj0i2*uj0\n      + 2 vj0i3*uj0 + 2 vj1i0*uj1 + 2 vj1i1*uj1 + 2 vj1i2*uj1 + 2 vj1i3*uj1\n      + 2 vj2i0*uj2 + 2 vj2i1*uj2 + 2 vj2i2*uj2 + 2 vj2i3*uj2 + 2 vj3i0*uj3\n      + 2 vj3i1*uj3 + 2 vj3i2*uj3 + 2 vj3i3*uj3 ]/2\nSubject To\n cons_server_load_0: vj0i0 + vj1i0 + vj2i0 + vj3i0 >= 9.900000000000\n cons_server_load_1: vj0i1 + vj1i1 + vj2i1 + vj3i1 >= 9.900000000000\n cons_server_load_2: vj0i2 + vj1i2 + vj2i2 + vj3i2 >= 9.900000000000\n cons_server_load_3: vj0i3 + vj1i3 + vj2i3 + vj3i3 >= 8.900000000000\n cons_server_on_0: si0 = 1\n cons_server_on_1: si1 = 1\n cons_server_on_2: si2 = 1\n cons_server_on_3: si3 = 1\n cons_vm_alloc_0: vj0i0 + vj0i1 + vj0i2 + vj0i3 <= 15.100000000000\n cons_vm_alloc_1: vj1i0 + vj1i1 + vj1i2 + vj1i3 <= 14.100000000000\n cons_vm_alloc_2: vj2i0 + vj2i1 + vj2i2 + vj2i3 <= 16.100000000000\n cons_vm_alloc_3: vj3i0 + vj3i1 + vj3i2 + vj3i3 <= 17.100000000000\n\nBounds\n 0 <= si0 <= 1\n 0 <= si1 <= 1\n 0 <= si2 <= 1\n 0 <= si3 <= 1\n 0.900000000000 <= uj0\n 0.900000000000 <= uj1\n 0.900000000000 <= uj2\n 0.900000000000 <= uj3\n\nBinaries\n si0 si1 si2 si3\nEnd\n",
  "classic": {
    "objective": 38.73903409552695,
    "status": "INFEASIBLE",
    "x": [
      1.0,
      1.0,
      1.0,
      1.0,
      2.475267981452043,
      2.447427257909613,
      2.448794027505009,
      2.2352703297826144,
      2.4747392782367514,
      2.4827825969226036,
      2.483662226364559,
      2.2129424700858107,
      2.474978950829045,
      2.5577084764056335,
      2.483749059040485,
      2.2388355839389975,
      2.475017961668472,
      2.4120719189272366,
      2.4837974315086773,
      2.2129424702183385,
      0.8999752558682443,
      0.8999752558682443,
      0.8999752558682443,
      0.8999752558682443
    ],
    "residuals": [
      0.0
    ],
    "duration_seconds": 1.142925166990608
  },
  "quantum": {
    "objective": 38.73903409552695,
    "status": "INFEASIBLE",
    "x": [
      1.0,
      1.0,
      1.0,
      1.0,
      2.475267981452043,
      2.447427257909613,
      2.448794027505009,
      2.2352703297826144,
      2.4747392782367514,
      2.4827825969226036,
      2.483662226364559,
      2.2129424700858107,
      2.474978950829045,
      2.5577084764056335,
      2.483749059040485,
      2.2388355839389975,
      2.475017961668472,
      2.4120719189272366,
      2.4837974315086773,
      2.2129424702183385,
      0.8999752558682443,
      0.8999752558682443,
      0.8999752558682443,
      0.8999752558682443
    ],
    "residuals": [
      0.0
    ],
    "duration_seconds": 4.377491624967661
  },
  "combined_image": "q_20260325_115008_results.png"
}