{
  "script": "q",
  "meta": {
    "n_servers": 1,
    "n_vms": 5,
    "require_all_on": true
  },
  "input": {
    "pi": [
      1.0
    ],
    "pd": [
      1.0
    ],
    "capacities": [
      11
    ],
    "vm_allocation_limits": [
      5,
      5,
      6,
      6,
      5
    ],
    "min_cpu_per_vm": 1.0
  },
  "qp_lp": "\\ This file has been generated by DOcplex\n\\ ENCODING=ISO-8859-1\n\\Problem name: qiskit_server\n\nMinimize\n obj: si0 + [ 2 vj0i0*uj0 + 2 vj1i0*uj1 + 2 vj2i0*uj2 + 2 vj3i0*uj3\n      + 2 vj4i0*uj4 ]/2\nSubject To\n cons_server_load_0: vj0i0 + vj1i0 + vj2i0 + vj3i0 + vj4i0 >= 9.990000000000\n cons_server_on_0: si0 = 1\n cons_vm_alloc_0: vj0i0 <= 5.010000000000\n cons_vm_alloc_1: vj1i0 <= 5.010000000000\n cons_vm_alloc_2: vj2i0 <= 6.010000000000\n cons_vm_alloc_3: vj3i0 <= 6.010000000000\n cons_vm_alloc_4: vj4i0 <= 5.010000000000\n\nBounds\n 0 <= si0 <= 1\n 0.990000000000 <= uj0\n 0.990000000000 <= uj1\n 0.990000000000 <= uj2\n 0.990000000000 <= uj3\n 0.990000000000 <= uj4\n\nBinaries\n si0\nEnd\n",
  "classic": {
    "objective": 10.889850797740632,
    "status": "INFEASIBLE",
    "x": [
      1.0,
      2.797990639106643,
      1.7979906391645646,
      1.789825673441348,
      1.802074509882687,
      1.8020717339559602,
      0.9899796930124608,
      0.9899796930124609,
      0.9899796930124609,
      0.9899796930124609,
      0.9899796930124609
    ],
    "residuals": [
      2.220446049250313e-16
    ],
    "duration_seconds": 0.38987108395667747
  },
  "quantum": {
    "objective": 10.889850797740632,
    "status": "INFEASIBLE",
    "x": [
      1.0,
      2.797990639106643,
      1.7979906391645646,
      1.789825673441348,
      1.802074509882687,
      1.8020717339559602,
      0.9899796930124608,
      0.9899796930124609,
      0.9899796930124609,
      0.9899796930124609,
      0.9899796930124609
    ],
    "residuals": [
      2.220446049250313e-16
    ],
    "duration_seconds": 1.4471041670185514
  },
  "combined_image": "q_20260325_114611_results.png"
}