{
  "script": "q",
  "meta": {
    "n_servers": 1,
    "n_vms": 4,
    "require_all_on": true
  },
  "input": {
    "pi": [
      1.0
    ],
    "pd": [
      1.0
    ],
    "capacities": [
      11
    ],
    "vm_allocation_limits": [
      5,
      5,
      8,
      5
    ],
    "min_cpu_per_vm": 1.0
  },
  "qp_lp": "\\ This file has been generated by DOcplex\n\\ ENCODING=ISO-8859-1\n\\Problem name: qiskit_server\n\nMinimize\n obj: si0 + [ 2 vj0i0*uj0 + 2 vj1i0*uj1 + 2 vj2i0*uj2 + 2 vj3i0*uj3 ]/2\nSubject To\n cons_server_load_0: vj0i0 + vj1i0 + vj2i0 + vj3i0 >= 9.990000000000\n cons_server_on_0: si0 = 1\n cons_vm_alloc_0: vj0i0 <= 5.010000000000\n cons_vm_alloc_1: vj1i0 <= 5.010000000000\n cons_vm_alloc_2: vj2i0 <= 8.010000000000\n cons_vm_alloc_3: vj3i0 <= 5.010000000000\n\nBounds\n 0 <= si0 <= 1\n 0.990000000000 <= uj0\n 0.990000000000 <= uj1\n 0.990000000000 <= uj2\n 0.990000000000 <= uj3\n\nBinaries\n si0\nEnd\n",
  "classic": {
    "objective": 10.889841030359914,
    "status": "INFEASIBLE",
    "x": [
      1.0,
      3.2474849355881905,
      2.2474849355881905,
      2.2474849355881905,
      2.2474849355881905,
      0.989980048471316,
      0.989980048471316,
      0.989980048471316,
      0.989980048471316
    ],
    "residuals": [
      0.0
    ],
    "duration_seconds": 0.2966776249813847
  },
  "quantum": {
    "objective": 10.889841030359914,
    "status": "INFEASIBLE",
    "x": [
      1.0,
      3.2474849355881905,
      2.2474849355881905,
      2.2474849355881905,
      2.2474849355881905,
      0.989980048471316,
      0.989980048471316,
      0.989980048471316,
      0.989980048471316
    ],
    "residuals": [
      0.0
    ],
    "duration_seconds": 1.422980249975808
  },
  "combined_image": "q_20260325_114607_results.png"
}