{
  "script": "q",
  "meta": {
    "n_servers": 3,
    "n_vms": 4,
    "require_all_on": true
  },
  "input": {
    "pi": [
      1.0,
      1.0,
      1.0
    ],
    "pd": [
      1.0,
      1.0,
      1.0
    ],
    "capacities": [
      11,
      11,
      11
    ],
    "vm_allocation_limits": [
      15,
      14,
      17,
      16
    ],
    "min_cpu_per_vm": 1.0
  },
  "qp_lp": "\\ This file has been generated by DOcplex\n\\ ENCODING=ISO-8859-1\n\\Problem name: qiskit_server\n\nMinimize\n obj: si0 + si1 + si2 + [ 2 vj0i0*uj0 + 2 vj0i1*uj0 + 2 vj0i2*uj0 + 2 vj1i0*uj1\n      + 2 vj1i1*uj1 + 2 vj1i2*uj1 + 2 vj2i0*uj2 + 2 vj2i1*uj2 + 2 vj2i2*uj2\n      + 2 vj3i0*uj3 + 2 vj3i1*uj3 + 2 vj3i2*uj3 ]/2\nSubject To\n cons_server_load_0: vj0i0 + vj1i0 + vj2i0 + vj3i0 >= 9.900000000000\n cons_server_load_1: vj0i1 + vj1i1 + vj2i1 + vj3i1 >= 9.900000000000\n cons_server_load_2: vj0i2 + vj1i2 + vj2i2 + vj3i2 >= 9.900000000000\n cons_server_on_0: si0 = 1\n cons_server_on_1: si1 = 1\n cons_server_on_2: si2 = 1\n cons_vm_alloc_0: vj0i0 + vj0i1 + vj0i2 <= 15.100000000000\n cons_vm_alloc_1: vj1i0 + vj1i1 + vj1i2 <= 14.100000000000\n cons_vm_alloc_2: vj2i0 + vj2i1 + vj2i2 <= 17.100000000000\n cons_vm_alloc_3: vj3i0 + vj3i1 + vj3i2 <= 16.100000000000\n\nBounds\n 0 <= si0 <= 1\n 0 <= si1 <= 1\n 0 <= si2 <= 1\n 0.900000000000 <= uj0\n 0.900000000000 <= uj1\n 0.900000000000 <= uj2\n 0.900000000000 <= uj3\n\nBinaries\n si0 si1 si2\nEnd\n",
  "classic": {
    "objective": 29.728204717627072,
    "status": "INFEASIBLE",
    "x": [
      1.0,
      1.0,
      1.0,
      2.315364409487141,
      1.2010825024464484,
      3.8757873105323126,
      2.475476010542092,
      1.1982426032419606,
      -6.486214576812903e-05,
      3.8349388014199515,
      4.294996857170011,
      3.1253056857495696,
      1.2742332464209032,
      3.2057244970188994,
      2.8989954707679346,
      0.900023874473032,
      0.9000115821813113,
      0.8998671244949344,
      0.8999196294536397
    ],
    "residuals": [
      3.966091166387601e-05
    ],
    "duration_seconds": 0.9277797920512967
  },
  "quantum": {
    "objective": 29.728204717627072,
    "status": "INFEASIBLE",
    "x": [
      1.0,
      1.0,
      1.0,
      2.315364409487141,
      1.2010825024464484,
      3.8757873105323126,
      2.475476010542092,
      1.1982426032419606,
      -6.486214576812903e-05,
      3.8349388014199515,
      4.294996857170011,
      3.1253056857495696,
      1.2742332464209032,
      3.2057244970188994,
      2.8989954707679346,
      0.900023874473032,
      0.9000115821813113,
      0.8998671244949344,
      0.8999196294536397
    ],
    "residuals": [
      3.966091166387601e-05
    ],
    "duration_seconds": 3.367888457956724
  },
  "combined_image": "q_20260325_114915_results.png"
}