{
  "script": "q",
  "meta": {
    "n_servers": 3,
    "n_vms": 1,
    "require_all_on": true
  },
  "input": {
    "pi": [
      1.0,
      1.0,
      1.0
    ],
    "pd": [
      1.0,
      1.0,
      1.0
    ],
    "capacities": [
      11,
      11,
      11
    ],
    "vm_allocation_limits": [
      43
    ],
    "min_cpu_per_vm": 1.0
  },
  "qp_lp": "\\ This file has been generated by DOcplex\n\\ ENCODING=ISO-8859-1\n\\Problem name: qiskit_server\n\nMinimize\n obj: si0 + si1 + si2 + [ 2 vj0i0*uj0 + 2 vj0i1*uj0 + 2 vj0i2*uj0 ]/2\nSubject To\n cons_server_load_0: vj0i0 >= 9.900000000000\n cons_server_load_1: vj0i1 >= 9.900000000000\n cons_server_load_2: vj0i2 >= 9.900000000000\n cons_server_on_0: si0 = 1\n cons_server_on_1: si1 = 1\n cons_server_on_2: si2 = 1\n cons_vm_alloc_0: vj0i0 + vj0i1 + vj0i2 <= 43.100000000000\n\nBounds\n 0 <= si0 <= 1\n 0 <= si1 <= 1\n 0 <= si2 <= 1\n 0.900000000000 <= uj0\n\nBinaries\n si0 si1 si2\nEnd\n",
  "classic": {
    "objective": 29.729451314949653,
    "status": "INFEASIBLE",
    "x": [
      1.0,
      1.0,
      1.0,
      9.900301317233067,
      9.900280373955393,
      9.900280373955393,
      0.89995540386414
    ],
    "residuals": [
      4.817406121928104e-12
    ],
    "duration_seconds": 0.22469775000354275
  },
  "quantum": {
    "objective": 29.729451314949653,
    "status": "INFEASIBLE",
    "x": [
      1.0,
      1.0,
      1.0,
      9.900301317233067,
      9.900280373955393,
      9.900280373955393,
      0.89995540386414
    ],
    "residuals": [
      4.817406121928104e-12
    ],
    "duration_seconds": 2.1571949159842916
  },
  "combined_image": "q_20260325_114857_results.png"
}