{
  "script": "q",
  "meta": {
    "n_servers": 6,
    "n_vms": 3,
    "require_all_on": true
  },
  "input": {
    "pi": [
      1.0,
      1.0,
      1.0,
      1.0,
      1.0,
      1.0
    ],
    "pd": [
      1.0,
      1.0,
      1.0,
      1.0,
      1.0,
      1.0
    ],
    "capacities": [
      11,
      11,
      11,
      10,
      10,
      10
    ],
    "vm_allocation_limits": [
      11,
      10,
      9
    ],
    "min_cpu_per_vm": 1
  },
  "qp_lp": "\\ This file has been generated by DOcplex\n\\ ENCODING=ISO-8859-1\n\\Problem name: ex120_server\n\nMinimize\n obj: si0 + si1 + si2 + si3 + si4 + si5 + [ 2 vj0i0*uj0 + 2 vj0i1*uj0\n      + 2 vj0i2*uj0 + 2 vj0i3*uj0 + 2 vj0i4*uj0 + 2 vj0i5*uj0 + 2 vj1i0*uj1\n      + 2 vj1i1*uj1 + 2 vj1i2*uj1 + 2 vj1i3*uj1 + 2 vj1i4*uj1 + 2 vj1i5*uj1\n      + 2 vj2i0*uj2 + 2 vj2i1*uj2 + 2 vj2i2*uj2 + 2 vj2i3*uj2 + 2 vj2i4*uj2\n      + 2 vj2i5*uj2 ]/2\nSubject To\n cons_server_load_0: vj0i0 + vj1i0 + vj2i0 >= 10\n cons_server_load_1: vj0i1 + vj1i1 + vj2i1 >= 10\n cons_server_load_2: vj0i2 + vj1i2 + vj2i2 >= 10\n cons_server_load_3: vj0i3 + vj1i3 + vj2i3 >= 9\n cons_server_load_4: vj0i4 + vj1i4 + vj2i4 >= 9\n cons_server_load_5: vj0i5 + vj1i5 + vj2i5 >= 9\n cons_first3vm_server_0: vj0i0 + vj1i0 + vj2i0 >= 11\n cons_first3vm_server_1: vj0i1 + vj1i1 + vj2i1 >= 11\n cons_first3vm_server_2: vj0i2 + vj1i2 + vj2i2 >= 11\n cons_server_on_0: si0 = 1\n cons_server_on_1: si1 = 1\n cons_server_on_2: si2 = 1\n cons_server_on_3: si3 = 1\n cons_server_on_4: si4 = 1\n cons_server_on_5: si5 = 1\n cons_vm_alloc_0: vj0i0 + vj0i1 + vj0i2 + vj0i3 + vj0i4 + vj0i5 <= 11\n cons_vm_alloc_1: vj1i0 + vj1i1 + vj1i2 + vj1i3 + vj1i4 + vj1i5 <= 10\n cons_vm_alloc_2: vj2i0 + vj2i1 + vj2i2 + vj2i3 + vj2i4 + vj2i5 <= 9\n cons_min_cpu_vm_0: uj0 >= 1\n cons_min_cpu_vm_1: uj1 >= 1\n cons_min_cpu_vm_2: uj2 >= 1\n\nBounds\n 0 <= si0 <= 1\n 0 <= si1 <= 1\n 0 <= si2 <= 1\n 0 <= si3 <= 1\n 0 <= si4 <= 1\n 0 <= si5 <= 1\n\nBinaries\n si0 si1 si2 si3 si4 si5\nEnd\n",
  "classic": {
    "objective": 15.205299824581004,
    "status": "INFEASIBLE",
    "x": [
      1.0,
      1.0,
      1.0,
      1.0,
      1.0,
      1.0,
      2.9591340822418535,
      3.327219703954754,
      2.7478114754925693,
      2.0042805403714485,
      1.1705903591076807,
      2.124297172165052,
      2.3368793360783044,
      3.416906144141396,
      1.8230563758228981,
      1.8784900799328157,
      2.1272307880983017,
      1.7507706092596105,
      2.3706532483465046,
      0.9225408185705254,
      3.095798815351201,
      1.783896046362412,
      2.368845519460689,
      1.7915988852420128,
      0.49093390387167557,
      0.05344399315088086,
      0.11805356435745093
    ],
    "residuals": [
      0.3866504837603569,
      0.5134844915859124,
      0.48954927147726884,
      0.6040311726424905,
      0.7261332284458218,
      0.43461313427603365,
      0.39044247564826057,
      1.1721492479569169,
      0.14960145622072318,
      0.8185076026147173,
      0.4171797157218069,
      0.4561109972920941,
      0.5513844320722673,
      0.4065717911735305,
      0.6524659139321697,
      0.6254861445793417,
      0.21157774686576314,
      1.0277648767613063,
      0.7000958293210146,
      0.15438159249688543,
      0.09870074799638945,
      0.030676545872938,
      0.09170717139858052,
      0.03978895207563341,
      0.028134883083932017,
      0.02412079332029688,
      0.01310977573586182,
      0.017804887271331626,
      0.025829679652413253,
      0.02007652579822336,
      0.014423283338369274,
      0.02041068618069387,
      0.009309261047515956,
      0.00794990412112043,
      0.0016621109586659464,
      0.060233138372254344,
      0.036457964598530034,
      0.021514518983916615,
      0.007059141804602713,
      0.014586528463257318,
      0.007758452534421256,
      0.006361047491362297,
      0.010920994770526424,
      0.02913965557355711,
      0.004959946176719932,
      0.011720135873855774,
      0.02389063520252418,
      0.018833180929730402,
      0.0064955736698520655,
      0.008114254585157958,
      0.011158359447495346,
      0.010967785307465408,
      0.0025585093141658314,
      0.006031245500210348,
      0.005475466824795901,
      0.002176924276308827,
      0.0015680021511364276,
      0.006125913395903753,
      0.006284135972026903,
      0.0045780249609161305,
      0.0008085190174468397,
      0.0010461062142223373,
      0.003413867891560748,
      0.00076655531890692,
      0.0009701142787734307,
      0.0002433695665456484,
      0.0007458512686775922,
      0.0002273453067250566,
      0.0007770055601346687,
      0.00029870182500250014,
      0.00039838942835074905,
      0.0003155721590840635,
      0.00031320602106038955,
      0.0012260773263821781,
      0.00020474708115563044,
      0.0018945891163377367,
      0.005453819765610469,
      0.0033924844570734267,
      0.0014035768588151368,
      0.00017448930236817304,
      0.00041770359630922325,
      7.635122857615403e-05,
      0.0008016499061048898,
      0.000295203233997072,
      0.00042638435570597344,
      0.00015844076419845935,
      0.0003862208812868355,
      0.00011761197147027251,
      0.000375610730729339,
      0.0002962042621757158,
      0.0005685981836929676,
      0.00031972241216193087,
      9.320781452090545e-05,
      0.0001871298664048353,
      0.00016623877620246607,
      0.00011651426006790055,
      0.00012948257787473623,
      7.610540184183206e-05,
      8.765652406103558e-05,
      0.00011224106407134901
    ],
    "duration_seconds": 183.95410650000122
  },
  "quantum": {
    "objective": -0.279490373382032,
    "status": "INFEASIBLE",
    "x": [
      0.0,
      0.0,
      0.0,
      0.0,
      0.0,
      0.0,
      2.7484150574775774,
      2.655594233731182,
      2.801231321786561,
      2.043293990661727,
      2.0506909875896535,
      2.0341077420866323,
      2.582505576925048,
      2.5658924052444254,
      2.5140998718953056,
      1.8981397554091557,
      1.8874156916046931,
      1.8852800322547072,
      2.33574603226404,
      2.445180027691061,
      2.3513354729847973,
      1.7252329205957855,
      1.728559987472323,
      1.7472788923253306,
      0.008062762301451375,
      -0.016900070837666908,
      -0.013761272043292663
    ],
    "residuals": [
      0.04655624950570908,
      0.028904693373685026,
      0.03152053274340651,
      0.01763016321302426,
      0.024825147729719037,
      0.01882233929310385,
      0.02479845495760017,
      0.015767900774871897,
      0.01809208431147168,
      0.030368529564641734,
      0.02731271607825001,
      0.011649055355234623,
      0.018269620383564524,
      0.021482132093168824,
      0.018224096724064342,
      0.009136825646723004,
      0.0014525517164261609,
      0.003016021624947752,
      0.002873681098761802,
      0.0020879583598648103,
      0.0029184694700909956,
      0.0030706397676279595,
      0.0012884865196670795,
      0.0021628302068745636,
      0.0021725908400469364,
      0.0009041804071321202,
      0.0006176156703550532,
      0.0007857453600527902,
      0.0011068782414408588,
      0.0008053602730092738,
      0.0007706411812832785,
      0.000650480619617543,
      0.0019811919283904194,
      0.002835910930318967,
      0.001080735512514859,
      0.00037910642539185183,
      0.0003120845508139882,
      4.99999999995388e-05
    ],
    "duration_seconds": 782.8390740409995
  },
  "combined_image": "q_20260317_223209_risultati.png"
}