{
  "script": "q",
  "meta": {
    "n_servers": 6,
    "n_vms": 2,
    "require_all_on": true
  },
  "input": {
    "pi": [
      1.0,
      1.0,
      1.0,
      1.0,
      1.0,
      1.0
    ],
    "pd": [
      1.0,
      1.0,
      1.0,
      1.0,
      1.0,
      1.0
    ],
    "capacities": [
      11,
      11,
      11,
      10,
      10,
      10
    ],
    "vm_allocation_limits": [
      10,
      9
    ],
    "min_cpu_per_vm": 1
  },
  "qp_lp": "\\ This file has been generated by DOcplex\n\\ ENCODING=ISO-8859-1\n\\Problem name: ex120_server\n\nMinimize\n obj: si0 + si1 + si2 + si3 + si4 + si5 + [ 2 vj0i0*uj0 + 2 vj0i1*uj0\n      + 2 vj0i2*uj0 + 2 vj0i3*uj0 + 2 vj0i4*uj0 + 2 vj0i5*uj0 + 2 vj1i0*uj1\n      + 2 vj1i1*uj1 + 2 vj1i2*uj1 + 2 vj1i3*uj1 + 2 vj1i4*uj1 + 2 vj1i5*uj1 ]/2\nSubject To\n cons_server_load_0: vj0i0 + vj1i0 >= 10\n cons_server_load_1: vj0i1 + vj1i1 >= 10\n cons_server_load_2: vj0i2 + vj1i2 >= 10\n cons_server_load_3: vj0i3 + vj1i3 >= 9\n cons_server_load_4: vj0i4 + vj1i4 >= 9\n cons_server_load_5: vj0i5 + vj1i5 >= 9\n cons_first3vm_server_0: vj0i0 + vj1i0 >= 11\n cons_first3vm_server_1: vj0i1 + vj1i1 >= 11\n cons_first3vm_server_2: vj0i2 + vj1i2 >= 11\n cons_server_on_0: si0 = 1\n cons_server_on_1: si1 = 1\n cons_server_on_2: si2 = 1\n cons_server_on_3: si3 = 1\n cons_server_on_4: si4 = 1\n cons_server_on_5: si5 = 1\n cons_vm_alloc_0: vj0i0 + vj0i1 + vj0i2 + vj0i3 + vj0i4 + vj0i5 <= 10\n cons_vm_alloc_1: vj1i0 + vj1i1 + vj1i2 + vj1i3 + vj1i4 + vj1i5 <= 9\n cons_min_cpu_vm_0: uj0 >= 1\n cons_min_cpu_vm_1: uj1 >= 1\n\nBounds\n 0 <= si0 <= 1\n 0 <= si1 <= 1\n 0 <= si2 <= 1\n 0 <= si3 <= 1\n 0 <= si4 <= 1\n 0 <= si5 <= 1\n\nBinaries\n si0 si1 si2 si3 si4 si5\nEnd\n",
  "classic": {
    "objective": 21.491566641808777,
    "status": "INFEASIBLE",
    "x": [
      1.0,
      1.0,
      1.0,
      1.0,
      1.0,
      1.0,
      3.051877415681281,
      3.007273484067907,
      2.945976114610607,
      2.1568250232909443,
      1.9617546002329123,
      2.00129336211637,
      2.8231225843187304,
      2.8677265159320977,
      2.9290238853893964,
      1.7181749767090593,
      1.9132453997670908,
      1.8737066378836353,
      0.32830570718147767,
      0.7451994917301886
    ],
    "residuals": [
      0.027970264051305625,
      0.12212678545979094,
      0.11636883504054062,
      0.31259847956711106,
      0.2933404693296309,
      0.21236460297633974,
      0.18209130630985798,
      0.1032142475365268,
      0.4021150695596105,
      0.3401300419877727,
      0.0838504303806279,
      0.3926197906932077,
      0.1546476337723569,
      0.07815476279727653,
      0.1511232075070299,
      0.08535159263691722,
      0.14018072816556876,
      0.059007241321945805,
      0.02820805656096922,
      0.046693314673269724,
      0.11057917618985068,
      0.1326951289155654,
      0.04778974739178212,
      0.035955168241102585,
      0.016649233783283677,
      0.03300761787144082,
      0.03197617381097875,
      0.025676172697214224,
      0.017538080176130663,
      0.013598184629835532,
      0.01361721102761868,
      0.06701756643441027,
      0.03587295292177563,
      0.028972745416698874,
      0.05443693852431624,
      0.05762701211315168,
      0.04546378862458294,
      0.014344215971274768,
      0.010294786110506814,
      0.0022618295670144865,
      0.00275334462641502,
      0.010576521470603078,
      0.005008772159731515,
      0.005247382562205477,
      0.015445078279449858,
      0.013607814069004872,
      0.015017471785829265,
      0.003955257725530277,
      0.007056848916739895,
      0.0053394442052868574,
      0.0043026866770995605,
      0.019699713873705973,
      0.022576236758792483,
      0.0172292400328472,
      0.009510218856458438,
      0.0017282673184297321,
      0.0024106188117090028,
      0.0010454451785561348,
      0.0007648533547872866,
      0.0024423105051645526,
      0.0020354073430172443,
      0.0013208204280326997,
      0.002951148722881914,
      0.0007959862581061554,
      0.0015435829940080785,
      0.0033609109454183278,
      0.0015460975077851052,
      0.001222113087788537,
      0.004026587589425988,
      0.002537691987396385,
      0.009082354316772486,
      0.006460831067440678,
      0.0037829179060685837,
      0.004080565235658553,
      0.002877176487327494,
      0.002977249491899417,
      0.001127335922504039,
      0.0009389014129190279,
      0.001624488602388037,
      0.0004417078691858942,
      0.001328163071491996,
      0.0009075492139979828,
      0.0011982490129977923,
      0.0001729289819426174,
      0.00020170233143125476,
      0.00018747537432382488,
      0.0007527590377341128,
      0.0007145868325733935,
      0.00040196676876218533,
      0.00012418806425198599,
      0.00018461166186888275,
      0.00042940946979291454,
      0.0004136761795039568,
      0.00027507599164520123,
      0.0001711587867375041,
      0.00011065719613367347,
      0.00018258517406882056,
      0.0002782487908466841,
      8.356037588699134e-05,
      6.208329806720546e-05
    ],
    "duration_seconds": 121.39472916699924
  },
  "quantum": {
    "objective": 14.60751097548156,
    "status": "INFEASIBLE",
    "x": [
      1.0,
      0.0,
      0.0,
      0.0,
      0.0,
      0.0,
      3.020833326416073,
      3.020833367919636,
      3.020833326416074,
      2.0208333264160716,
      2.0208333264160725,
      2.020833326416073,
      2.854166673583926,
      2.854166632080363,
      2.8541666735839266,
      1.8541666735839286,
      1.8541666735839273,
      1.8541666735839264,
      0.4823846556449723,
      0.44682782717531716
    ],
    "residuals": [
      0.054702013122676654,
      0.040609900000432866,
      0.043463382975368926,
      0.05702018025509395,
      0.10723946858422852,
      0.06616676644191916,
      0.030023454699341146,
      0.058628258388940896,
      0.02591746979268305,
      0.027524304074770523,
      0.04455585766338713,
      0.02662750883037992,
      0.05807324835002912,
      0.04855289649479489,
      0.00853623981970921,
      0.013772789627257623,
      0.011680107028635936,
      0.008115537748981872,
      0.007626342141883097,
      0.006296469817457519,
      0.008616423837659936,
      0.010191389115486395,
      0.005888474622842628,
      0.01090442093100527,
      0.010158158444810049,
      0.001975678469357602,
      0.001501145569864248,
      0.004395353961413121,
      0.003493344166964749,
      0.0005356716690747497,
      0.003485743158140377,
      0.004888317609810811,
      0.035261184036895175,
      0.01086041617587915,
      0.001657406501692901,
      0.025961263161693972,
      0.00769241333333371,
      0.01207341849242938,
      0.008122312657484039,
      0.008742982495251418,
      0.006201887584221342,
      0.002424993294318266,
      0.00360258518387524,
      0.0022197226204429014,
      0.001693542476987944,
      0.002438429458003905,
      0.0013098144331345984,
      0.001253402158189279,
      0.0006591460152283674,
      0.00036738384686946885,
      0.0005005075049596226,
      0.0004934842209468498,
      0.0015379633969165656,
      0.001152171884986747,
      0.0010112552325159227,
      0.00035992202517860734,
      0.0006078605596393043,
      0.0007144918949161934,
      0.0005530895740301939,
      0.00033346309507152746,
      0.0008377316996441304,
      0.0010265023247712835,
      9.74448006214012e-05
    ],
    "duration_seconds": 1472.9933489580017
  },
  "combined_image": "q_20260317_221557_risultati.png"
}