{
  "script": "q",
  "meta": {
    "n_servers": 1,
    "n_vms": 6,
    "require_all_on": true
  },
  "input": {
    "pi": [
      1.0
    ],
    "pd": [
      1.0
    ],
    "capacities": [
      11
    ],
    "vm_allocation_limits": [
      10,
      8,
      12,
      11,
      9,
      11
    ],
    "min_cpu_per_vm": 1
  },
  "qp_lp": "\\ This file has been generated by DOcplex\n\\ ENCODING=ISO-8859-1\n\\Problem name: ex120_server\n\nMinimize\n obj: si0 + [ 2 vj0i0*uj0 + 2 vj1i0*uj1 + 2 vj2i0*uj2 + 2 vj3i0*uj3\n      + 2 vj4i0*uj4 + 2 vj5i0*uj5 ]/2\nSubject To\n cons_server_load_0: vj0i0 + vj1i0 + vj2i0 + vj3i0 + vj4i0 + vj5i0 >= 10\n cons_first3vm_server_0: vj0i0 + vj1i0 + vj2i0 >= 11\n cons_server_on_0: si0 = 1\n cons_vm_alloc_0: vj0i0 <= 10\n cons_vm_alloc_1: vj1i0 <= 8\n cons_vm_alloc_2: vj2i0 <= 12\n cons_vm_alloc_3: vj3i0 <= 11\n cons_vm_alloc_4: vj4i0 <= 9\n cons_vm_alloc_5: vj5i0 <= 11\n cons_min_cpu_vm_0: uj0 >= 1\n cons_min_cpu_vm_1: uj1 >= 1\n cons_min_cpu_vm_2: uj2 >= 1\n cons_min_cpu_vm_3: uj3 >= 1\n cons_min_cpu_vm_4: uj4 >= 1\n cons_min_cpu_vm_5: uj5 >= 1\n\nBounds\n 0 <= si0 <= 1\n\nBinaries\n si0\nEnd\n",
  "classic": {
    "objective": 11.999738222608734,
    "status": "INFEASIBLE",
    "x": [
      1.0,
      5.569597367312416,
      0.7631949669913135,
      4.667212830489318,
      -1.7168040666559017e-18,
      -2.439740905922184e-18,
      -1.1256226492019842e-18,
      0.9999502530754842,
      1.0000037307069343,
      1.0000015600100123,
      1.0,
      1.0000353553389834,
      1.0013788582262844
    ],
    "residuals": [
      0.0
    ],
    "duration_seconds": 0.672343458999876
  },
  "quantum": {
    "objective": 10.99972906777128,
    "status": "INFEASIBLE",
    "x": [
      0.0,
      5.573680854184708,
      2.713163660741219,
      2.7131636607468925,
      -1.2914327942888211e-20,
      -1.684237323992297e-20,
      -1.8307566280731327e-20,
      0.9999502254598317,
      0.9999995835623167,
      0.999999797050065,
      1.0099999999934315,
      1.0,
      1.001
    ],
    "residuals": [
      1.7678803627899483e-18
    ],
    "duration_seconds": 1.4285456249999697
  },
  "combined_image": "q_20260317_192022_risultati.png"
}