{
  "script": "q",
  "meta": {
    "n_servers": 1,
    "n_vms": 1,
    "require_all_on": true
  },
  "input": {
    "pi": [
      1.0
    ],
    "pd": [
      1.0
    ],
    "capacities": [
      11
    ],
    "vm_allocation_limits": [
      10
    ],
    "min_cpu_per_vm": 1
  },
  "qp_lp": "\\ This file has been generated by DOcplex\n\\ ENCODING=ISO-8859-1\n\\Problem name: ex120_server\n\nMinimize\n obj: si0 + [ 2 vj0i0*uj0 ]/2\nSubject To\n cons_server_load_0: vj0i0 >= 10\n cons_first3vm_server_0: vj0i0 >= 11\n cons_server_on_0: si0 = 1\n cons_vm_alloc_0: vj0i0 <= 10\n cons_min_cpu_vm_0: uj0 >= 1\n\nBounds\n 0 <= si0 <= 1\n\nBinaries\n si0\nEnd\n",
  "classic": {
    "objective": 6.25,
    "status": "INFEASIBLE",
    "x": [
      1.0,
      10.5,
      0.5
    ],
    "residuals": [
      3.111081277462624e-05,
      4.360790951341009e-06,
      2.8510743984799802e-05,
      1.593587436188315e-05,
      1.9568267988434584e-05,
      4.29086255417932e-05,
      2.1492280204649106e-05,
      3.991813329784488e-05,
      6.0729588495345155e-05,
      6.520033161416805e-05,
      4.3253884489447e-05,
      5.054638958945645e-05,
      1.8146818629993788e-06,
      3.746414781558016e-05,
      4.841434670588285e-05,
      6.275450735904187e-05,
      6.638693282823294e-05,
      2.6284337707904726e-05,
      3.420727236436161e-05,
      1.6883834679459753e-05,
      1.4851128149473425e-05,
      3.3185920719214224e-05,
      2.5779358892918935e-05,
      1.1098629822514638e-05,
      1.560952788182135e-05,
      3.9086570748914085e-05,
      1.8956775926781688e-08
    ],
    "duration_seconds": 3.3667099589999907
  },
  "quantum": {
    "objective": 5.25,
    "status": "INFEASIBLE",
    "x": [
      0.0,
      10.5,
      0.5
    ],
    "residuals": [
      3.0040532542781497e-05
    ],
    "duration_seconds": 1.113365708000174
  },
  "combined_image": "q_20260317_192002_risultati.png"
}