{
  "script": "q",
  "meta": {
    "n_servers": 4,
    "n_vms": 3,
    "require_all_on": true
  },
  "input": {
    "pi": [
      1.0,
      1.0,
      1.0,
      1.0
    ],
    "pd": [
      1.0,
      1.0,
      1.0,
      1.0
    ],
    "capacities": [
      11,
      11,
      11,
      10
    ],
    "vm_allocation_limits": [
      10,
      12,
      11
    ],
    "min_cpu_per_vm": 1
  },
  "qp_lp": "\\ This file has been generated by DOcplex\n\\ ENCODING=ISO-8859-1\n\\Problem name: ex120_server\n\nMinimize\n obj: si0 + si1 + si2 + si3 + [ 2 vj0i0*uj0 + 2 vj0i1*uj0 + 2 vj0i2*uj0\n      + 2 vj0i3*uj0 + 2 vj1i0*uj1 + 2 vj1i1*uj1 + 2 vj1i2*uj1 + 2 vj1i3*uj1\n      + 2 vj2i0*uj2 + 2 vj2i1*uj2 + 2 vj2i2*uj2 + 2 vj2i3*uj2 ]/2\nSubject To\n cons_server_load_0: vj0i0 + vj1i0 + vj2i0 >= 10\n cons_server_load_1: vj0i1 + vj1i1 + vj2i1 >= 10\n cons_server_load_2: vj0i2 + vj1i2 + vj2i2 >= 10\n cons_server_load_3: vj0i3 + vj1i3 + vj2i3 >= 9\n cons_first3vm_server_0: vj0i0 + vj1i0 + vj2i0 >= 11\n cons_first3vm_server_1: vj0i1 + vj1i1 + vj2i1 >= 11\n cons_first3vm_server_2: vj0i2 + vj1i2 + vj2i2 >= 11\n cons_server_on_0: si0 = 1\n cons_server_on_1: si1 = 1\n cons_server_on_2: si2 = 1\n cons_server_on_3: si3 = 1\n cons_vm_alloc_0: vj0i0 + vj0i1 + vj0i2 + vj0i3 <= 10\n cons_vm_alloc_1: vj1i0 + vj1i1 + vj1i2 + vj1i3 <= 12\n cons_vm_alloc_2: vj2i0 + vj2i1 + vj2i2 + vj2i3 <= 11\n cons_min_cpu_vm_0: uj0 >= 1\n cons_min_cpu_vm_1: uj1 >= 1\n cons_min_cpu_vm_2: uj2 >= 1\n\nBounds\n 0 <= si0 <= 1\n 0 <= si1 <= 1\n 0 <= si2 <= 1\n 0 <= si3 <= 1\n\nBinaries\n si0 si1 si2 si3\nEnd\n",
  "classic": {
    "objective": 29.957373848208583,
    "status": "INFEASIBLE",
    "x": [
      1.0,
      1.0,
      1.0,
      1.0,
      2.9752953789076377,
      3.0266543177673295,
      3.032807828430925,
      2.250956760608395,
      3.4711621148842586,
      3.5114814962016716,
      3.678823191644387,
      2.624247482983968,
      3.2678282204938176,
      3.176149900316714,
      3.002654694210403,
      2.8390814706933525,
      0.9655578264444628,
      0.6699067197087365,
      0.5014095780864535
    ],
    "residuals": [
      0.26165635285807887,
      0.22857529824473755,
      0.34187021774830495,
      0.34192797631207184,
      0.2674204900138553,
      0.23465901994723296,
      0.980368034832432,
      0.3973147558121088,
      0.7091436594838331,
      0.6298953004586197,
      0.20674294417011765,
      0.18510474701700175,
      0.208212352449633,
      0.5933685260795467,
      0.4719534250755448,
      0.46147034150679883,
      0.3412857963332031,
      0.45614088758370297,
      0.4916751750251012,
      0.27802574143486763,
      0.06378977541735413,
      0.14191394812887426,
      0.4580153482511154,
      0.6996602132835589,
      0.43183134837276826,
      0.16561881739069764,
      0.07974005157442449,
      0.025076676344702262,
      0.01970575293913462,
      0.2703257168149527,
      0.15640134323514449,
      0.14283017901893433,
      0.06067752626844011,
      0.023178847423919027,
      0.008695888359095384,
      0.1371637275581214,
      0.0659421418132669,
      0.015266069530423343,
      0.03439231910884445,
      0.01320611140389538,
      0.10063061147814714,
      0.05363765005148706,
      0.0106774490600098,
      0.008486105615389065,
      0.0040594953450036,
      0.009204322405954906,
      0.004921034748109997,
      0.0033600345486323193,
      0.008425862091126496,
      0.013496343913727437,
      0.003723226174884877,
      0.00983153344821119,
      0.033707616010364684,
      0.009448106442708002,
      0.016145080289192166,
      0.017515975115330665,
      0.009263839080246139,
      0.04071657503391154,
      0.011233759511798416,
      0.013216192936902037,
      0.016039037297258908,
      0.007059434765718735,
      0.01318224334681352,
      0.01124624147974716,
      0.011038763094739147,
      0.029004103828788288,
      0.0005651327860425756,
      0.00017335626009150877,
      0.009602817865666458,
      0.006033146574646783,
      0.00550861041224058,
      0.002533233102875321,
      0.0027044991688015257,
      0.0009916493935538903,
      0.001263838106581381,
      0.00036875911189103964,
      0.0015442137357834717,
      0.001688459277683191,
      0.0021938425633221403,
      0.002440324238501281,
      0.0019969561640398835,
      0.002902751738993405,
      0.0012307250608098324,
      0.0007724374574774428,
      0.0014920929371346225,
      0.001413864340003628,
      0.0004914719816683049,
      0.0007412045679342471,
      0.00010452402175740365,
      0.0009664678651800093,
      0.0007197313844788834,
      7.287849802381793e-05,
      0.0005837909063614597,
      8.322297373180344e-05,
      0.00022969112596150413,
      0.0001997223420522416,
      0.0003721006500333509,
      8.894004338443645e-05,
      8.830898194173515e-05,
      0.00013922790304767883
    ],
    "duration_seconds": 108.18770008299998
  },
  "quantum": {
    "objective": 27.073980642759107,
    "status": "INFEASIBLE",
    "x": [
      1.0,
      0.0,
      1.0,
      0.0,
      1.6450116968737543,
      3.5968767429803195,
      3.512393591594392,
      2.5314322542658196,
      4.100966383036226,
      3.072608352180052,
      3.4032751903121605,
      2.7088643601858475,
      3.9683076343757326,
      3.044800619125343,
      2.798616932379161,
      2.4739890998340486,
      0.9441040199898014,
      0.1357452583708017,
      1.026852766181801
    ],
    "residuals": [
      0.03679200283396995,
      0.280594835936269,
      0.09254275213667408,
      0.3462917025082926,
      0.2838564120648162,
      0.11548505231130889,
      0.11124312265143667,
      0.26121886728476323,
      0.05775764555006604,
      0.2362399461627667,
      0.1719070562780317,
      0.1400319743534868,
      0.09307249209329041,
      0.1105331615318807,
      0.03061518973699351,
      0.04244554226803441,
      0.020193417045564818,
      0.07530589883279748,
      0.04028909594380134,
      0.15679555521476526,
      0.04740200903207273,
      0.02757561937512558,
      0.051474389979666677,
      0.02271497486143453,
      0.027701171846742173,
      0.01952801157619385,
      0.011909188920041582,
      0.02975347504113971,
      0.009769922793087355,
      0.0045709270322538435,
      0.016595059680414897,
      0.020865505248614018,
      0.003355560653488188,
      0.01524792836700683,
      0.01935196713029729,
      0.01837326529608124,
      0.0012667017983707615,
      0.02163809301535438,
      0.010742007293676694,
      0.01274618742769524,
      0.004730677368419176,
      0.0007719680147148598,
      0.00252007284417979,
      0.002915146560491978,
      0.00843819617199937,
      0.008397669085509986,
      0.0007689575806665384,
      0.0007362257128218975,
      0.0018883169527467523,
      0.0005300416770367306,
      0.0034476307624410965,
      0.0020348608377031376,
      0.0009443751234434887,
      0.0003224925405815924,
      9.984519554493844e-05
    ],
    "duration_seconds": 258.2662270830001
  },
  "combined_image": "q_20260317_195911_risultati.png"
}