{
  "script": "q",
  "meta": {
    "n_servers": 5,
    "n_vms": 5,
    "require_all_on": true
  },
  "input": {
    "pi": [
      1.0,
      1.0,
      1.0,
      1.0,
      1.0
    ],
    "pd": [
      1.0,
      1.0,
      1.0,
      1.0,
      1.0
    ],
    "capacities": [
      11,
      11,
      11,
      10,
      10
    ],
    "vm_allocation_limits": [
      8,
      11,
      12,
      10,
      9
    ],
    "min_cpu_per_vm": 1
  },
  "qp_lp": "\\ This file has been generated by DOcplex\n\\ ENCODING=ISO-8859-1\n\\Problem name: ex120_server\n\nMinimize\n obj: si0 + si1 + si2 + si3 + si4 + [ 2 vj0i0*uj0 + 2 vj0i1*uj0 + 2 vj0i2*uj0\n      + 2 vj0i3*uj0 + 2 vj0i4*uj0 + 2 vj1i0*uj1 + 2 vj1i1*uj1 + 2 vj1i2*uj1\n      + 2 vj1i3*uj1 + 2 vj1i4*uj1 + 2 vj2i0*uj2 + 2 vj2i1*uj2 + 2 vj2i2*uj2\n      + 2 vj2i3*uj2 + 2 vj2i4*uj2 + 2 vj3i0*uj3 + 2 vj3i1*uj3 + 2 vj3i2*uj3\n      + 2 vj3i3*uj3 + 2 vj3i4*uj3 + 2 vj4i0*uj4 + 2 vj4i1*uj4 + 2 vj4i2*uj4\n      + 2 vj4i3*uj4 + 2 vj4i4*uj4 ]/2\nSubject To\n cons_server_load_0: vj0i0 + vj1i0 + vj2i0 + vj3i0 + vj4i0 >= 10\n cons_server_load_1: vj0i1 + vj1i1 + vj2i1 + vj3i1 + vj4i1 >= 10\n cons_server_load_2: vj0i2 + vj1i2 + vj2i2 + vj3i2 + vj4i2 >= 10\n cons_server_load_3: vj0i3 + vj1i3 + vj2i3 + vj3i3 + vj4i3 >= 9\n cons_server_load_4: vj0i4 + vj1i4 + vj2i4 + vj3i4 + vj4i4 >= 9\n cons_first3vm_server_0: vj0i0 + vj1i0 + vj2i0 >= 11\n cons_first3vm_server_1: vj0i1 + vj1i1 + vj2i1 >= 11\n cons_first3vm_server_2: vj0i2 + vj1i2 + vj2i2 >= 11\n cons_server_on_0: si0 = 1\n cons_server_on_1: si1 = 1\n cons_server_on_2: si2 = 1\n cons_server_on_3: si3 = 1\n cons_server_on_4: si4 = 1\n cons_vm_alloc_0: vj0i0 + vj0i1 + vj0i2 + vj0i3 + vj0i4 <= 8\n cons_vm_alloc_1: vj1i0 + vj1i1 + vj1i2 + vj1i3 + vj1i4 <= 11\n cons_vm_alloc_2: vj2i0 + vj2i1 + vj2i2 + vj2i3 + vj2i4 <= 12\n cons_vm_alloc_3: vj3i0 + vj3i1 + vj3i2 + vj3i3 + vj3i4 <= 10\n cons_vm_alloc_4: vj4i0 + vj4i1 + vj4i2 + vj4i3 + vj4i4 <= 9\n cons_min_cpu_vm_0: uj0 >= 1\n cons_min_cpu_vm_1: uj1 >= 1\n cons_min_cpu_vm_2: uj2 >= 1\n cons_min_cpu_vm_3: uj3 >= 1\n cons_min_cpu_vm_4: uj4 >= 1\n\nBounds\n 0 <= si0 <= 1\n 0 <= si1 <= 1\n 0 <= si2 <= 1\n 0 <= si3 <= 1\n 0 <= si4 <= 1\n\nBinaries\n si0 si1 si2 si3 si4\nEnd\n",
  "classic": {
    "objective": 56.99044704967894,
    "status": "INFEASIBLE",
    "x": [
      1.0,
      1.0,
      1.0,
      1.0,
      1.0,
      3.3583375543101095,
      2.5719346291220972,
      2.5697278165677973,
      -0.16666666666666588,
      -0.16666666666666594,
      3.567595342423142,
      3.9637690142280277,
      3.96863564334883,
      -0.16666666666666588,
      -0.16666666666666588,
      3.9074004366000814,
      4.297629689983211,
      4.294969873416707,
      -0.1666666666666659,
      -0.16666666666666588,
      -0.16363306631173327,
      -0.13915342485261914,
      -0.15531475019063828,
      5.092453650744724,
      4.64101006652347,
      -0.16320710218355386,
      -0.15776529500122888,
      -0.16503513618866547,
      4.245835066027278,
      5.159342066065236,
      0.9862371618304464,
      1.0020151320055435,
      0.9106518461317158,
      1.3044248575274122,
      1.072790126629633
    ],
    "residuals": [
      0.24724003012803597,
      0.16018079234930224,
      0.01821865936011677,
      0.017951864261429338,
      0.006877009846550019,
      0.23467991916021827,
      0.17981759253865462,
      0.10136225738633078,
      0.0798626748526535,
      0.23310688010778674,
      0.1691316768729818,
      0.1948869550101026,
      0.14984140195781764,
      0.22005013220299932,
      0.14494917436522384,
      0.12324531085182261,
      0.048921449661143854,
      0.009997645564185483,
      0.006434891339697821,
      0.13669905730630183,
      0.17432796549080146,
      0.1156803346667944,
      0.06449527824930464,
      0.07883031727545244,
      0.060269618848738625,
      0.02844373907078232,
      0.12855328969234736,
      0.04703742210088296,
      0.04756416043940432,
      0.018201039081286997,
      0.00623244917269419,
      0.0028679731670091125,
      0.0006790005323887655,
      0.060080195763999845,
      0.02462383830783903,
      0.01657895120123032,
      0.0140574173479198,
      0.048676241780913565,
      0.023841361370629435,
      0.008449546080171207,
      0.004273109257348182,
      0.005791619629117048,
      0.007184279785834624,
      0.00484483918310377,
      0.014318517110879512,
      0.012577304640878667,
      0.0038850200903136575,
      0.007836606451242775,
      0.006293967538577522,
      0.005603200133680918,
      0.007888450994373353,
      0.0019818226163330474,
      0.014064999734680096,
      0.002794420828865329,
      0.0031430925820923367,
      0.0007732323922740078,
      0.001043591439067693,
      0.0009947430571598905,
      0.0005077979298588037,
      0.0022076241456971024,
      0.0011646719800274647,
      0.0046824712835407374,
      0.0019962845598985764,
      0.0010356877884818661,
      0.002941277779266937,
      0.004446928969964637,
      0.0018366469222059055,
      0.001403225279670822,
      0.0003417347921829378,
      0.0003002288344566967,
      0.0001577564775207729,
      0.00010395188192963225,
      0.00011022871868626733,
      5.841186982071194e-05,
      0.00010475905558493817,
      0.0001260846420182411,
      8.35982062414306e-05,
      0.0001276433529504546,
      7.05765056509523e-05,
      0.00012434984266599297,
      8.484080996686054e-05,
      8.032191822900491e-05,
      7.747578195042912e-05,
      8.197477592953992e-05,
      9.058372983616519e-05,
      0.00013772237829979512,
      0.00012525661948945704,
      8.47104071294996e-05,
      1.0905846025645485e-05,
      0.0001131855408484947,
      9.656494067059419e-05,
      0.0001152869749461911,
      0.0001433215424586835,
      0.00016251050905793165,
      0.00013851513555095685,
      0.00011170095443366786,
      9.910213409580372e-05,
      0.00012418139565963167,
      0.00010363144131926283,
      0.0001001157501367396
    ],
    "duration_seconds": 315.291746375
  },
  "quantum": {
    "objective": 41.70138888888894,
    "status": "INFEASIBLE",
    "x": [
      0.0,
      0.0,
      0.0,
      0.0,
      0.0,
      2.8333333333333406,
      2.8333333333333317,
      2.8333333333333255,
      -0.16666666666666718,
      -0.16666666666666657,
      3.833333333333333,
      3.833333333333343,
      3.8333333333333424,
      -0.16666666666666635,
      -0.16666666666666685,
      4.16666666666667,
      4.166666666666672,
      4.166666666666666,
      -0.16666666666666696,
      -0.16666666666666696,
      -9.745059027389955e-15,
      -1.3190837104654872e-14,
      -1.4016798533491904e-14,
      4.6874999999999964,
      4.68749999999999,
      -0.041666666666659434,
      -0.041666666666660544,
      -0.04166666666667982,
      4.645833333333337,
      4.64583333333334,
      0.8333333333333346,
      0.8333333333333346,
      0.8333333333333348,
      0.8333333333333348,
      0.8333333333333346
    ],
    "residuals": [
      9.61049461359112e-08
    ],
    "duration_seconds": 5.58181466699989
  },
  "combined_image": "q_20260317_210244_risultati.png"
}