{
  "script": "q",
  "meta": {
    "n_servers": 3,
    "n_vms": 5,
    "require_all_on": true
  },
  "input": {
    "pi": [
      1.0,
      1.0,
      1.0
    ],
    "pd": [
      1.0,
      1.0,
      1.0
    ],
    "capacities": [
      11,
      11,
      11
    ],
    "vm_allocation_limits": [
      10,
      9,
      12,
      8,
      11
    ],
    "min_cpu_per_vm": 1
  },
  "qp_lp": "\\ This file has been generated by DOcplex\n\\ ENCODING=ISO-8859-1\n\\Problem name: ex120_server\n\nMinimize\n obj: si0 + si1 + si2 + [ 2 vj0i0*uj0 + 2 vj0i1*uj0 + 2 vj0i2*uj0 + 2 vj1i0*uj1\n      + 2 vj1i1*uj1 + 2 vj1i2*uj1 + 2 vj2i0*uj2 + 2 vj2i1*uj2 + 2 vj2i2*uj2\n      + 2 vj3i0*uj3 + 2 vj3i1*uj3 + 2 vj3i2*uj3 + 2 vj4i0*uj4 + 2 vj4i1*uj4\n      + 2 vj4i2*uj4 ]/2\nSubject To\n cons_server_load_0: vj0i0 + vj1i0 + vj2i0 + vj3i0 + vj4i0 >= 10\n cons_server_load_1: vj0i1 + vj1i1 + vj2i1 + vj3i1 + vj4i1 >= 10\n cons_server_load_2: vj0i2 + vj1i2 + vj2i2 + vj3i2 + vj4i2 >= 10\n cons_first3vm_server_0: vj0i0 + vj1i0 + vj2i0 >= 11\n cons_first3vm_server_1: vj0i1 + vj1i1 + vj2i1 >= 11\n cons_first3vm_server_2: vj0i2 + vj1i2 + vj2i2 >= 11\n cons_server_on_0: si0 = 1\n cons_server_on_1: si1 = 1\n cons_server_on_2: si2 = 1\n cons_vm_alloc_0: vj0i0 + vj0i1 + vj0i2 <= 10\n cons_vm_alloc_1: vj1i0 + vj1i1 + vj1i2 <= 9\n cons_vm_alloc_2: vj2i0 + vj2i1 + vj2i2 <= 12\n cons_vm_alloc_3: vj3i0 + vj3i1 + vj3i2 <= 8\n cons_vm_alloc_4: vj4i0 + vj4i1 + vj4i2 <= 11\n cons_min_cpu_vm_0: uj0 >= 1\n cons_min_cpu_vm_1: uj1 >= 1\n cons_min_cpu_vm_2: uj2 >= 1\n cons_min_cpu_vm_3: uj3 >= 1\n cons_min_cpu_vm_4: uj4 >= 1\n\nBounds\n 0 <= si0 <= 1\n 0 <= si1 <= 1\n 0 <= si2 <= 1\n\nBinaries\n si0 si1 si2\nEnd\n",
  "classic": {
    "objective": 24.333333333333368,
    "status": "INFEASIBLE",
    "x": [
      1.0,
      1.0,
      1.0,
      3.4444444444444446,
      3.4444444444444446,
      3.4444444444444464,
      3.1111111111111107,
      3.111111111111114,
      3.111111111111112,
      4.111111111111113,
      4.1111111111111125,
      4.111111111111109,
      -1.498835819036026e-15,
      -6.541131852411825e-16,
      -8.019311784526581e-17,
      -8.503986366162744e-17,
      2.2857950588736923e-15,
      1.4722864456567215e-15,
      0.6666666666666672,
      0.6666666666666675,
      0.6666666666666677,
      0.6666666666666676,
      0.6666666666666675
    ],
    "residuals": [
      4.214684530138461e-08
    ],
    "duration_seconds": 1.1296697499997208
  },
  "quantum": {
    "objective": 21.33333333333338,
    "status": "INFEASIBLE",
    "x": [
      0.0,
      0.0,
      0.0,
      3.444444444444445,
      3.444444444444446,
      3.4444444444444464,
      3.1111111111111125,
      3.1111111111111116,
      3.1111111111111143,
      4.111111111111113,
      4.111111111111114,
      4.11111111111111,
      -1.4111850651892932e-15,
      -3.997883601315908e-16,
      4.8233679334323645e-17,
      -9.678291185605063e-16,
      1.3533487600498363e-15,
      7.632563287680312e-16,
      0.6666666666666675,
      0.6666666666666677,
      0.6666666666666679,
      0.666666666666668,
      0.6666666666666677
    ],
    "residuals": [
      4.214683766910949e-08
    ],
    "duration_seconds": 2.315099250000003
  },
  "combined_image": "q_20260317_193917_risultati.png"
}