{
  "script": "q",
  "meta": {
    "n_servers": 2,
    "n_vms": 5,
    "require_all_on": true
  },
  "input": {
    "pi": [
      1.0,
      1.0
    ],
    "pd": [
      1.0,
      1.0
    ],
    "capacities": [
      11,
      11
    ],
    "vm_allocation_limits": [
      10,
      11,
      12,
      9,
      8
    ],
    "min_cpu_per_vm": 1
  },
  "qp_lp": "\\ This file has been generated by DOcplex\n\\ ENCODING=ISO-8859-1\n\\Problem name: ex120_server\n\nMinimize\n obj: si0 + si1 + [ 2 vj0i0*uj0 + 2 vj0i1*uj0 + 2 vj1i0*uj1 + 2 vj1i1*uj1\n      + 2 vj2i0*uj2 + 2 vj2i1*uj2 + 2 vj3i0*uj3 + 2 vj3i1*uj3 + 2 vj4i0*uj4\n      + 2 vj4i1*uj4 ]/2\nSubject To\n cons_server_load_0: vj0i0 + vj1i0 + vj2i0 + vj3i0 + vj4i0 >= 10\n cons_server_load_1: vj0i1 + vj1i1 + vj2i1 + vj3i1 + vj4i1 >= 10\n cons_first3vm_server_0: vj0i0 + vj1i0 + vj2i0 >= 11\n cons_first3vm_server_1: vj0i1 + vj1i1 + vj2i1 >= 11\n cons_server_on_0: si0 = 1\n cons_server_on_1: si1 = 1\n cons_vm_alloc_0: vj0i0 + vj0i1 <= 10\n cons_vm_alloc_1: vj1i0 + vj1i1 <= 11\n cons_vm_alloc_2: vj2i0 + vj2i1 <= 12\n cons_vm_alloc_3: vj3i0 + vj3i1 <= 9\n cons_vm_alloc_4: vj4i0 + vj4i1 <= 8\n cons_min_cpu_vm_0: uj0 >= 1\n cons_min_cpu_vm_1: uj1 >= 1\n cons_min_cpu_vm_2: uj2 >= 1\n cons_min_cpu_vm_3: uj3 >= 1\n cons_min_cpu_vm_4: uj4 >= 1\n\nBounds\n 0 <= si0 <= 1\n 0 <= si1 <= 1\n\nBinaries\n si0 si1\nEnd\n",
  "classic": {
    "objective": 23.999680900950356,
    "status": "INFEASIBLE",
    "x": [
      1.0,
      1.0,
      3.6021732684914114,
      3.682735963792463,
      3.7386201796406553,
      3.679190110510767,
      3.659204107721965,
      3.6380739257053616,
      7.699755225737012e-19,
      -4.1066590292797417e-19,
      9.474422077810806e-21,
      -2.2076867701394825e-19,
      0.9999856065932978,
      0.9999856065932978,
      0.9999856065932978,
      1.0000433185670048,
      1.0
    ],
    "residuals": [
      1.1102230246251565e-16
    ],
    "duration_seconds": 0.8696083330000874
  },
  "quantum": {
    "objective": 21.99959627125566,
    "status": "INFEASIBLE",
    "x": [
      0.0,
      0.0,
      3.6593741490199685,
      3.6579486231868867,
      3.688591469164815,
      3.6034296194567372,
      3.652034381823538,
      3.7386186648623747,
      2.644115918704556e-20,
      4.821427104306238e-20,
      8.67870925721323e-21,
      2.8925028878088977e-20,
      0.9999817892584101,
      0.9999817892584101,
      0.9999817892584101,
      1.000027403638793,
      1.0000274036386896
    ],
    "residuals": [
      6.249420046897575e-19
    ],
    "duration_seconds": 1.6093182500001149
  },
  "combined_image": "q_20260317_192455_risultati.png"
}