{
  "script": "q",
  "meta": {
    "n_servers": 1,
    "n_vms": 2,
    "require_all_on": true
  },
  "input": {
    "pi": [
      1.0
    ],
    "pd": [
      1.0
    ],
    "capacities": [
      11
    ],
    "vm_allocation_limits": [
      9,
      10
    ],
    "min_cpu_per_vm": 1
  },
  "qp_lp": "\\ This file has been generated by DOcplex\n\\ ENCODING=ISO-8859-1\n\\Problem name: ex120_server\n\nMinimize\n obj: si0 + [ 2 vj0i0*uj0 + 2 vj1i0*uj1 ]/2\nSubject To\n cons_server_load_0: vj0i0 + vj1i0 >= 10\n cons_first3vm_server_0: vj0i0 + vj1i0 >= 11\n cons_server_on_0: si0 = 1\n cons_vm_alloc_0: vj0i0 <= 9\n cons_vm_alloc_1: vj1i0 <= 10\n cons_min_cpu_vm_0: uj0 >= 1\n cons_min_cpu_vm_1: uj1 >= 1\n\nBounds\n 0 <= si0 <= 1\n\nBinaries\n si0\nEnd\n",
  "classic": {
    "objective": 11.999670781392336,
    "status": "INFEASIBLE",
    "x": [
      1.0,
      8.646450685301769,
      2.353557466488314,
      0.9999551651545363,
      1.0000213684531842
    ],
    "residuals": [
      2.220446049250313e-16
    ],
    "duration_seconds": 0.16092120799999066
  },
  "quantum": {
    "objective": 10.999620527680783,
    "status": "INFEASIBLE",
    "x": [
      0.0,
      5.62961572552004,
      5.370352651703361,
      0.9999683772233983,
      0.9999683772233983
    ],
    "residuals": [
      9.200641785167244e-19
    ],
    "duration_seconds": 0.9971649169999637
  },
  "combined_image": "q_20260317_192006_risultati.png"
}