{
  "script": "q",
  "meta": {
    "n_servers": 4,
    "n_vms": 5,
    "require_all_on": true
  },
  "input": {
    "pi": [
      1.0,
      1.0,
      1.0,
      1.0
    ],
    "pd": [
      1.0,
      1.0,
      1.0,
      1.0
    ],
    "capacities": [
      11,
      11,
      11,
      10
    ],
    "vm_allocation_limits": [
      9,
      11,
      10,
      8,
      12
    ],
    "min_cpu_per_vm": 1
  },
  "qp_lp": "\\ This file has been generated by DOcplex\n\\ ENCODING=ISO-8859-1\n\\Problem name: ex120_server\n\nMinimize\n obj: si0 + si1 + si2 + si3 + [ 2 vj0i0*uj0 + 2 vj0i1*uj0 + 2 vj0i2*uj0\n      + 2 vj0i3*uj0 + 2 vj1i0*uj1 + 2 vj1i1*uj1 + 2 vj1i2*uj1 + 2 vj1i3*uj1\n      + 2 vj2i0*uj2 + 2 vj2i1*uj2 + 2 vj2i2*uj2 + 2 vj2i3*uj2 + 2 vj3i0*uj3\n      + 2 vj3i1*uj3 + 2 vj3i2*uj3 + 2 vj3i3*uj3 + 2 vj4i0*uj4 + 2 vj4i1*uj4\n      + 2 vj4i2*uj4 + 2 vj4i3*uj4 ]/2\nSubject To\n cons_server_load_0: vj0i0 + vj1i0 + vj2i0 + vj3i0 + vj4i0 >= 10\n cons_server_load_1: vj0i1 + vj1i1 + vj2i1 + vj3i1 + vj4i1 >= 10\n cons_server_load_2: vj0i2 + vj1i2 + vj2i2 + vj3i2 + vj4i2 >= 10\n cons_server_load_3: vj0i3 + vj1i3 + vj2i3 + vj3i3 + vj4i3 >= 9\n cons_first3vm_server_0: vj0i0 + vj1i0 + vj2i0 >= 11\n cons_first3vm_server_1: vj0i1 + vj1i1 + vj2i1 >= 11\n cons_first3vm_server_2: vj0i2 + vj1i2 + vj2i2 >= 11\n cons_server_on_0: si0 = 1\n cons_server_on_1: si1 = 1\n cons_server_on_2: si2 = 1\n cons_server_on_3: si3 = 1\n cons_vm_alloc_0: vj0i0 + vj0i1 + vj0i2 + vj0i3 <= 9\n cons_vm_alloc_1: vj1i0 + vj1i1 + vj1i2 + vj1i3 <= 11\n cons_vm_alloc_2: vj2i0 + vj2i1 + vj2i2 + vj2i3 <= 10\n cons_vm_alloc_3: vj3i0 + vj3i1 + vj3i2 + vj3i3 <= 8\n cons_vm_alloc_4: vj4i0 + vj4i1 + vj4i2 + vj4i3 <= 12\n cons_min_cpu_vm_0: uj0 >= 1\n cons_min_cpu_vm_1: uj1 >= 1\n cons_min_cpu_vm_2: uj2 >= 1\n cons_min_cpu_vm_3: uj3 >= 1\n cons_min_cpu_vm_4: uj4 >= 1\n\nBounds\n 0 <= si0 <= 1\n 0 <= si1 <= 1\n 0 <= si2 <= 1\n 0 <= si3 <= 1\n\nBinaries\n si0 si1 si2 si3\nEnd\n",
  "classic": {
    "objective": 55.82197345465804,
    "status": "INFEASIBLE",
    "x": [
      1.0,
      1.0,
      1.0,
      1.0,
      3.320140644162409,
      3.1101197208060083,
      3.2364063016982496,
      -0.3333333333333328,
      3.819376029465984,
      3.9561881389055356,
      3.8911024982951465,
      -0.3333333333333328,
      3.527149993038275,
      3.600358806955122,
      3.5391578666732695,
      -0.3333333333333328,
      -0.1355875142063141,
      0.08405365312801188,
      -0.32965528887599166,
      6.2061684637278045,
      0.21769929255263143,
      0.23283978730031,
      0.1631645160713576,
      3.8985420171797145,
      2.0166667688976347,
      0.8596294165295966,
      1.0901689599964561,
      1.0833577622654158,
      1.259166330219813
    ],
    "residuals": [
      0.5219471700884543,
      0.292613197023407,
      0.2846380069475116,
      0.4037542411365439,
      1.1030172397687528,
      0.4861526092191448,
      0.4408775296418366,
      0.3358405179090128,
      0.3607878426884672,
      0.2315077797749426,
      0.31552830710826696,
      0.25588098190149394,
      0.07636381846579655,
      0.27542214431445355,
      0.21401856388207133,
      0.10011614539221013,
      0.13903332447808298,
      0.09160850209127752,
      0.09761769559993606,
      0.17630404606702108,
      0.15159341010211524,
      0.05401797833298698,
      0.4988561690895309,
      0.17322170050245123,
      0.1658998788202595,
      0.09287862376225506,
      0.21899270573167454,
      0.1622416299100132,
      0.07078584768672777,
      0.05241200773604954,
      0.041218028276767835,
      0.08844780750199108,
      0.06860143268850981,
      0.035941893426333194,
      0.02534013920363859,
      0.028214589358292817,
      0.021909024686371514,
      0.026919558128229548,
      0.03454779680311973,
      0.03849219649734109,
      0.014857801388031529,
      0.01326931243770656,
      0.011131609663364163,
      0.011798268848822688,
      0.006783598889625623,
      0.0039966191346749134,
      0.006369091114592399,
      0.017638052073218183,
      0.006388806766016051,
      0.0034441680752303892,
      0.002843690390615973,
      0.004473774778405668,
      0.002858770197502027,
      0.003114045058529047,
      0.005785217663744837,
      0.0018598362659579051,
      0.0018906196117996813,
      0.0008503783787195226,
      0.0012133467150332083,
      0.0013702725626047864,
      0.0009647492672948074,
      0.0008740112777577858,
      0.0007613576096763109,
      0.0005490797885593145,
      0.00046925932319680767,
      0.0009502312604376415,
      0.001289541831049828,
      0.00033773992626751867,
      0.0002886764057862367,
      0.00044338566499031783,
      0.00015905762480191,
      0.00026271883535847196,
      0.00015187860182390252,
      0.0003363856783298187,
      0.000227651344039851,
      6.716035130109827e-05,
      0.00031066757564718984,
      9.081456715079629e-05,
      0.00014300924663239632,
      0.00016347165281622785,
      8.753297201261568e-05,
      6.440034976273334e-05,
      7.766534565018363e-05,
      0.0001240254435505185,
      6.573635385955713e-05,
      5.678289356969731e-05,
      0.00010428013170550701,
      0.00017591480455406863,
      7.986984363432919e-05,
      3.8930207072849476e-05,
      5.6544102719511864e-05,
      5.691990599638761e-06,
      0.00010371055914562029,
      8.242147121136873e-05,
      6.452865655605243e-05,
      5.915582926331573e-05,
      7.86259186863908e-05,
      7.857003786916671e-05,
      9.121944947445926e-05,
      8.976775366024163e-05
    ],
    "duration_seconds": 189.3338573750002
  },
  "quantum": {
    "objective": 27.111111111111125,
    "status": "INFEASIBLE",
    "x": [
      0.0,
      0.0,
      0.0,
      0.0,
      3.2222222222222223,
      3.222222222222227,
      3.2222222222222276,
      -0.33333333333333304,
      3.8888888888889,
      3.8888888888888817,
      3.8888888888888964,
      -0.33333333333333237,
      3.55555555555555,
      3.555555555555568,
      3.5555555555555602,
      -0.3333333333333328,
      6.403862840563863e-15,
      6.892905595806626e-15,
      5.469347639989129e-15,
      4.833333333333342,
      7.4699489755609e-15,
      1.096805449371956e-15,
      1.1175169686558818e-14,
      4.833333333333336,
      0.6666666666666655,
      0.6666666666666657,
      0.6666666666666656,
      0.6666666666666657,
      0.6666666666666653
    ],
    "residuals": [
      3.702176676464526e-14
    ],
    "duration_seconds": 4.098786541999743
  },
  "combined_image": "q_20260317_200235_risultati.png"
}