{
  "script": "q",
  "meta": {
    "n_servers": 5,
    "n_vms": 2,
    "require_all_on": true
  },
  "input": {
    "pi": [
      1.0,
      1.0,
      1.0,
      1.0,
      1.0
    ],
    "pd": [
      1.0,
      1.0,
      1.0,
      1.0,
      1.0
    ],
    "capacities": [
      11,
      11,
      11,
      10,
      10
    ],
    "vm_allocation_limits": [
      9,
      11
    ],
    "min_cpu_per_vm": 1
  },
  "qp_lp": "\\ This file has been generated by DOcplex\n\\ ENCODING=ISO-8859-1\n\\Problem name: ex120_server\n\nMinimize\n obj: si0 + si1 + si2 + si3 + si4 + [ 2 vj0i0*uj0 + 2 vj0i1*uj0 + 2 vj0i2*uj0\n      + 2 vj0i3*uj0 + 2 vj0i4*uj0 + 2 vj1i0*uj1 + 2 vj1i1*uj1 + 2 vj1i2*uj1\n      + 2 vj1i3*uj1 + 2 vj1i4*uj1 ]/2\nSubject To\n cons_server_load_0: vj0i0 + vj1i0 >= 10\n cons_server_load_1: vj0i1 + vj1i1 >= 10\n cons_server_load_2: vj0i2 + vj1i2 >= 10\n cons_server_load_3: vj0i3 + vj1i3 >= 9\n cons_server_load_4: vj0i4 + vj1i4 >= 9\n cons_first3vm_server_0: vj0i0 + vj1i0 >= 11\n cons_first3vm_server_1: vj0i1 + vj1i1 >= 11\n cons_first3vm_server_2: vj0i2 + vj1i2 >= 11\n cons_server_on_0: si0 = 1\n cons_server_on_1: si1 = 1\n cons_server_on_2: si2 = 1\n cons_server_on_3: si3 = 1\n cons_server_on_4: si4 = 1\n cons_vm_alloc_0: vj0i0 + vj0i1 + vj0i2 + vj0i3 + vj0i4 <= 9\n cons_vm_alloc_1: vj1i0 + vj1i1 + vj1i2 + vj1i3 + vj1i4 <= 11\n cons_min_cpu_vm_0: uj0 >= 1\n cons_min_cpu_vm_1: uj1 >= 1\n\nBounds\n 0 <= si0 <= 1\n 0 <= si1 <= 1\n 0 <= si2 <= 1\n 0 <= si3 <= 1\n 0 <= si4 <= 1\n\nBinaries\n si0 si1 si2 si3 si4\nEnd\n",
  "classic": {
    "objective": 16.00981364201862,
    "status": "INFEASIBLE",
    "x": [
      1.0,
      1.0,
      1.0,
      1.0,
      1.0,
      2.6357729581161307,
      3.0552275481958664,
      3.178439267208447,
      2.223254545960885,
      2.335877109090128,
      3.935655613312459,
      3.5162010232327194,
      3.392989304220131,
      2.348174025467683,
      2.235551462338454,
      0.006284718628103175,
      0.7081289994730422
    ],
    "residuals": [
      0.09609664340254184,
      0.17159866742062554,
      0.4791859532967307,
      0.3020666911957985,
      0.5017825840237368,
      0.29414169910420046,
      0.1259817983355162,
      0.429208673110654,
      0.28574314330897155,
      0.5733962201845205,
      0.3556890473660294,
      0.3423555919964143,
      0.1394614386351928,
      0.07146076269427053,
      0.31464284139009874,
      0.23884813963962734,
      0.23161960065012746,
      0.2197815845635586,
      0.1343906412365188,
      0.15866536286814517,
      0.055824471034053656,
      0.1338565522852798,
      0.1437777144664112,
      0.24037889290187503,
      0.12908423190374435,
      0.09518531889256865,
      0.19154008965996974,
      0.1368592261856053,
      0.09462386938078743,
      0.10228428872185175,
      0.08905555374541868,
      0.03683008892388227,
      0.10266397693120184,
      0.019194698115206837,
      0.07578174598630084,
      0.020509543939694137,
      0.04818052635831623,
      0.025031442602266113,
      0.04655126661244893,
      0.018222158444905618,
      0.01009383098774148,
      0.019405764264725532,
      0.027981197558925554,
      0.012415172962835785,
      0.0063464106498415706,
      0.008439010075615174,
      0.00735158746725267,
      0.015241455328745927,
      0.0042573865646535715,
      0.003818479789276825,
      0.004329542145398945,
      0.009140324331789644,
      0.0036578095713103624,
      0.005534381007897482,
      0.0025900908958139185,
      0.007915293503836143,
      0.0054369417460890775,
      0.004416444186261837,
      0.004241248116346114,
      0.0009098203765594786,
      0.005901949277298651,
      0.0034584826289698702,
      0.003266010736155833,
      0.005497845017789827,
      0.0001228556016470696,
      0.00012649814264336702,
      0.00524785798165275,
      0.004846358895396466,
      0.0009032720006095786,
      0.0008676553805924748,
      0.00040972726272287257,
      0.00040224848984681406,
      0.00209318415041366,
      0.0006319189996491268,
      0.0009095149179209962,
      0.0002801601089893153,
      0.0004768511400204198,
      0.0006097389547644235,
      0.00046679635044949257,
      0.0004378969675607331,
      0.0001812857274536706,
      0.00012139072394936907,
      0.00016147682774858324,
      0.00017073003448966607,
      7.265031709172262e-05,
      0.00011162578283347609,
      0.0005742566925659103,
      0.00032804328596307725,
      0.0003936623837103043,
      0.00012110663731558929,
      0.0002979415087516784,
      0.00010332107850972309,
      0.0001117538853771242,
      0.00012890908555448737,
      8.463246482086456e-05,
      0.00024325087382824916,
      0.0002363833950471682,
      9.246068533682652e-05,
      0.00013040874452866332,
      0.00011038681837924309
    ],
    "duration_seconds": 96.82149624999965
  },
  "quantum": {
    "objective": 13.569215296133233,
    "status": "INFEASIBLE",
    "x": [
      0.0,
      1.0,
      0.0,
      1.0,
      1.0,
      3.1840949208209985,
      2.9616670730698784,
      3.2251716364217837,
      2.0533347197247123,
      2.00430307853405,
      3.3873336506075704,
      3.6097614983586914,
      3.346256935006786,
      2.518093851703857,
      2.567125492894518,
      0.30150219586484217,
      0.4226231542744212
    ],
    "residuals": [
      0.07048100416010246,
      0.20291475017783883,
      0.09461150675123713,
      0.12374730992489713,
      0.05398545030165887,
      0.09553847612183135,
      0.09975710634813426,
      0.08808888360639251,
      0.17573338961076915,
      0.15624648731190055,
      0.06311967501516572,
      0.031766046244324136,
      0.044109836890303365,
      0.04679708844599324,
      0.03507648170173557,
      0.039677668917914695,
      0.02189161029746945,
      0.01141827864088966,
      0.05821346597161837,
      0.021303411001548575,
      0.00516906159479841,
      0.028764308483554026,
      0.006246124838963468,
      0.007213722091170083,
      0.016187091289294086,
      0.01452797308412596,
      0.02283284518380033,
      0.02323069019723426,
      0.012184352871236034,
      0.009641151757721976,
      0.001936555802375182,
      0.011187547036764512,
      0.011415422609057868,
      0.0014354307398131956,
      0.01259534217673347,
      0.010623686821969756,
      0.023116572950511942,
      0.01576449880079455,
      0.008004222458649412,
      0.009426917029275244,
      0.003186799014760031,
      0.0014021941412323369,
      0.004255354688928255,
      0.0010467213509846674,
      0.005045529309386348,
      0.004914312348341857,
      0.003255224734414387,
      0.004993661594627861,
      0.002626089162521178,
      0.0032075761293589044,
      0.0017308674030710777,
      0.0010822271901348534,
      0.00026218515676547415,
      0.0002279737387053349,
      0.000901275295877713,
      0.001174343662992847,
      0.0007134205556278574,
      0.0007418507908748822,
      0.0011534691461069896,
      0.0018514566861173249,
      0.0007681673679648113,
      0.0002074252790612554,
      0.0006077327282657664,
      6.5819839643809e-05
    ],
    "duration_seconds": 490.48798024999996
  },
  "combined_image": "q_20260317_203217_risultati.png"
}