{
  "script": "q",
  "meta": {
    "n_servers": 2,
    "n_vms": 6,
    "require_all_on": true
  },
  "input": {
    "pi": [
      1.0,
      1.0
    ],
    "pd": [
      1.0,
      1.0
    ],
    "capacities": [
      11,
      11
    ],
    "vm_allocation_limits": [
      11,
      8,
      9,
      10,
      12,
      8
    ],
    "min_cpu_per_vm": 1
  },
  "qp_lp": "\\ This file has been generated by DOcplex\n\\ ENCODING=ISO-8859-1\n\\Problem name: ex120_server\n\nMinimize\n obj: si0 + si1 + [ 2 vj0i0*uj0 + 2 vj0i1*uj0 + 2 vj1i0*uj1 + 2 vj1i1*uj1\n      + 2 vj2i0*uj2 + 2 vj2i1*uj2 + 2 vj3i0*uj3 + 2 vj3i1*uj3 + 2 vj4i0*uj4\n      + 2 vj4i1*uj4 + 2 vj5i0*uj5 + 2 vj5i1*uj5 ]/2\nSubject To\n cons_server_load_0: vj0i0 + vj1i0 + vj2i0 + vj3i0 + vj4i0 + vj5i0 >= 10\n cons_server_load_1: vj0i1 + vj1i1 + vj2i1 + vj3i1 + vj4i1 + vj5i1 >= 10\n cons_first3vm_server_0: vj0i0 + vj1i0 + vj2i0 >= 11\n cons_first3vm_server_1: vj0i1 + vj1i1 + vj2i1 >= 11\n cons_server_on_0: si0 = 1\n cons_server_on_1: si1 = 1\n cons_vm_alloc_0: vj0i0 + vj0i1 <= 11\n cons_vm_alloc_1: vj1i0 + vj1i1 <= 8\n cons_vm_alloc_2: vj2i0 + vj2i1 <= 9\n cons_vm_alloc_3: vj3i0 + vj3i1 <= 10\n cons_vm_alloc_4: vj4i0 + vj4i1 <= 12\n cons_vm_alloc_5: vj5i0 + vj5i1 <= 8\n cons_min_cpu_vm_0: uj0 >= 1\n cons_min_cpu_vm_1: uj1 >= 1\n cons_min_cpu_vm_2: uj2 >= 1\n cons_min_cpu_vm_3: uj3 >= 1\n cons_min_cpu_vm_4: uj4 >= 1\n cons_min_cpu_vm_5: uj5 >= 1\n\nBounds\n 0 <= si0 <= 1\n 0 <= si1 <= 1\n\nBinaries\n si0 si1\nEnd\n",
  "classic": {
    "objective": 23.99944500408742,
    "status": "INFEASIBLE",
    "x": [
      1.0,
      1.0,
      3.670734085698037,
      4.121398418052896,
      3.540912693147719,
      2.761432374024889,
      3.7883532211542437,
      4.117169207922215,
      -4.477598315474928e-17,
      -4.717871036921096e-17,
      -4.414972044496641e-17,
      -4.260553501931128e-17,
      -4.730771186249081e-17,
      -3.901624805697034e-17,
      0.9999646446609409,
      1.0000000000000004,
      0.9999646446609409,
      1.0999999999999603,
      1.0000000890019154,
      1.016715165320606
    ],
    "residuals": [
      8.237854917531534e-13
    ],
    "duration_seconds": 1.2650542079998104
  },
  "quantum": {
    "objective": 21.999010371704138,
    "status": "INFEASIBLE",
    "x": [
      0.0,
      0.0,
      3.440938194814224,
      4.222222628053969,
      4.039767630557694,
      3.6563914728183997,
      3.519291801022788,
      3.1221914877826897,
      -4.687562434234196e-05,
      -5.0214162449764683e-05,
      -5.021412305349323e-05,
      -5.021412257302821e-05,
      -4.6874839811837685e-05,
      -5.021412388585022e-05,
      0.999925394378975,
      0.9999336836565095,
      0.9999458815729436,
      1.0000014953877574,
      1.08103669256766,
      1.5003163885758743
    ],
    "residuals": [
      7.93627986324421e-05
    ],
    "duration_seconds": 2.3423431669998536
  },
  "combined_image": "q_20260317_192501_risultati.png"
}