{
  "script": "q",
  "meta": {
    "n_servers": 3,
    "n_vms": 1,
    "require_all_on": true
  },
  "input": {
    "pi": [
      1.0,
      1.0,
      1.0
    ],
    "pd": [
      1.0,
      1.0,
      1.0
    ],
    "capacities": [
      11,
      11,
      11
    ],
    "vm_allocation_limits": [
      11
    ],
    "min_cpu_per_vm": 1
  },
  "qp_lp": "\\ This file has been generated by DOcplex\n\\ ENCODING=ISO-8859-1\n\\Problem name: ex120_server\n\nMinimize\n obj: si0 + si1 + si2 + [ 2 vj0i0*uj0 + 2 vj0i1*uj0 + 2 vj0i2*uj0 ]/2\nSubject To\n cons_server_load_0: vj0i0 >= 10\n cons_server_load_1: vj0i1 >= 10\n cons_server_load_2: vj0i2 >= 10\n cons_first3vm_server_0: vj0i0 >= 11\n cons_first3vm_server_1: vj0i1 >= 11\n cons_first3vm_server_2: vj0i2 >= 11\n cons_server_on_0: si0 = 1\n cons_server_on_1: si1 = 1\n cons_server_on_2: si2 = 1\n cons_vm_alloc_0: vj0i0 + vj0i1 + vj0i2 <= 11\n cons_min_cpu_vm_0: uj0 >= 1\n\nBounds\n 0 <= si0 <= 1\n 0 <= si1 <= 1\n 0 <= si2 <= 1\n\nBinaries\n si0 si1 si2\nEnd\n",
  "classic": {
    "objective": 20.888232236325404,
    "status": "INFEASIBLE",
    "x": [
      1.0,
      1.0,
      1.0,
      5.499999999999999,
      5.5,
      5.5,
      1.0841352870500245
    ],
    "residuals": [
      0.1940367187792361,
      0.2677135709312623,
      0.253790783158794,
      0.40869983821824274,
      0.18287975593594477,
      0.2964535727605734,
      0.7152802735290987,
      0.7152191128999711,
      0.7841723048445589,
      2.5310608232876466,
      1.722992318141013,
      0.8107264382604649,
      0.2055689514128341,
      0.639434774656059,
      0.668485946167381,
      0.44296813279927955,
      0.2840056396391581,
      0.2868733109757779,
      0.12160137944113604,
      0.20400470157540984,
      0.4688781910376263,
      0.44763388937933624,
      0.4002003919434568,
      0.17822354967382686,
      0.43133404271778497,
      0.12294679223777556,
      0.23035085888709866,
      0.20440868323199685,
      0.1868982312025576,
      0.14906899770850454,
      0.19013509611144822,
      0.14379440117441633,
      0.1849244693490261,
      0.23849992809723838,
      0.6147545886703819,
      0.1904808705496534,
      0.12259085806389423,
      0.042142012745013925,
      0.25757365444822955,
      0.024495989811561564,
      0.019795807315001527,
      0.07387434266984617,
      0.011265822246837904,
      0.04781981508967498,
      0.07454986729392228,
      0.022865133812872734,
      0.012793501403420887,
      0.01908040120274212,
      0.025331978627355034,
      0.004532600604965773,
      0.003388620881650216,
      0.022066751129469677,
      0.00485185343096621,
      0.008320762650727346,
      0.02555815186030954,
      0.003918879055418096,
      0.0058130017303072105,
      0.005838335491191552,
      0.016548950429100436,
      0.0013053786466677303,
      0.00339516021484076,
      0.0038620175941273044,
      0.0014411963069408738,
      0.0031389189408561457,
      0.003473262604803765,
      0.011075637939916854,
      0.009043090836786515,
      0.0014607310697600296,
      0.00165323088399094,
      0.006752220839775399,
      0.0025876061399600775,
      0.0039051903685225126,
      0.0015891741855723145,
      0.00010964439897370482,
      0.00016740870106109627,
      0.0002055470941071523,
      0.001134665019972344,
      0.0015585780067307077,
      0.00037464971781630147,
      0.00022812442462458323,
      0.000736853129189255,
      8.967184525712382e-05,
      0.0005817960063586808,
      0.0001687307853252746,
      0.00040699774886595745,
      8.663067710469693e-05,
      0.0009020655112016339,
      0.001443129390249993,
      0.00011194711443624549,
      0.000381892162254784,
      0.0007045375465927234,
      0.0004518477975887636,
      0.00010610407168742641,
      0.0007248481865756688,
      0.00035713870897579935,
      9.548466539634861e-05,
      0.00030944337006717917,
      0.00016290828867719225,
      0.0002182875019729119,
      7.507259371899873e-05
    ],
    "duration_seconds": 37.25413949999984
  },
  "quantum": {
    "objective": 20.2656632379348,
    "status": "INFEASIBLE",
    "x": [
      1.0,
      1.0,
      1.0,
      5.5,
      5.5,
      5.5,
      1.046403832602109
    ],
    "residuals": [
      0.23151187254809147,
      0.2949335946921103,
      0.1385680236672204,
      0.18567101481347867,
      0.088072407171075,
      0.24503436213567045,
      0.25005281584684785,
      0.13653851010470502,
      0.04553341640377738,
      0.05017223005756536,
      0.042014001787485745,
      0.057663925529526365,
      0.10413248529047417,
      0.08565513890126357,
      0.06502227507249957,
      0.08065803764570557,
      0.0516585067108518,
      0.06152709060666165,
      0.07035078915496179,
      0.0649554553507146,
      0.01958193025536202,
      0.009198819027350666,
      0.028375947064143595,
      0.05475223306789124,
      0.028925046392949422,
      0.016308682190000763,
      0.0072326708617703964,
      0.007436227543718885,
      0.015493431797951618,
      0.005673863882014967,
      0.012645695961644322,
      0.004232958751015361,
      0.0016081165787925121,
      0.009901639342121793,
      0.009943598006379109,
      0.015193327638746956,
      0.0012686367916915039,
      0.006043893605921187,
      0.02360137832740439,
      0.006921774695596023,
      0.026899194989946366,
      0.008909119998486743,
      0.006829104266987009,
      0.004437547002773845,
      0.025655310941466253,
      0.0032480321558001936,
      0.00483383340365656,
      0.0018269451704210616,
      0.0002886410594507932,
      0.0023836566604555198,
      0.002024969726920921,
      0.00041209184620740906,
      0.0007835004022026916,
      0.002136608780600317,
      0.0017689494210700628,
      0.0005418930872910907,
      0.0005359840238845355,
      0.002700309262303578,
      0.0015135471437415888,
      0.002741669098594986,
      0.00048512562883488053,
      0.0016407871937447439,
      0.0007472421805572911,
      5.617833441985556e-05
    ],
    "duration_seconds": 165.22424791599997
  },
  "combined_image": "q_20260317_192826_risultati.png"
}