{
  "script": "q",
  "meta": {
    "n_servers": 3,
    "n_vms": 6,
    "require_all_on": true
  },
  "input": {
    "pi": [
      1.0,
      1.0,
      1.0
    ],
    "pd": [
      1.0,
      1.0,
      1.0
    ],
    "capacities": [
      11,
      11,
      11
    ],
    "vm_allocation_limits": [
      12,
      9,
      8,
      11,
      10,
      12
    ],
    "min_cpu_per_vm": 1
  },
  "qp_lp": "\\ This file has been generated by DOcplex\n\\ ENCODING=ISO-8859-1\n\\Problem name: ex120_server\n\nMinimize\n obj: si0 + si1 + si2 + [ 2 vj0i0*uj0 + 2 vj0i1*uj0 + 2 vj0i2*uj0 + 2 vj1i0*uj1\n      + 2 vj1i1*uj1 + 2 vj1i2*uj1 + 2 vj2i0*uj2 + 2 vj2i1*uj2 + 2 vj2i2*uj2\n      + 2 vj3i0*uj3 + 2 vj3i1*uj3 + 2 vj3i2*uj3 + 2 vj4i0*uj4 + 2 vj4i1*uj4\n      + 2 vj4i2*uj4 + 2 vj5i0*uj5 + 2 vj5i1*uj5 + 2 vj5i2*uj5 ]/2\nSubject To\n cons_server_load_0: vj0i0 + vj1i0 + vj2i0 + vj3i0 + vj4i0 + vj5i0 >= 10\n cons_server_load_1: vj0i1 + vj1i1 + vj2i1 + vj3i1 + vj4i1 + vj5i1 >= 10\n cons_server_load_2: vj0i2 + vj1i2 + vj2i2 + vj3i2 + vj4i2 + vj5i2 >= 10\n cons_first3vm_server_0: vj0i0 + vj1i0 + vj2i0 >= 11\n cons_first3vm_server_1: vj0i1 + vj1i1 + vj2i1 >= 11\n cons_first3vm_server_2: vj0i2 + vj1i2 + vj2i2 >= 11\n cons_server_on_0: si0 = 1\n cons_server_on_1: si1 = 1\n cons_server_on_2: si2 = 1\n cons_vm_alloc_0: vj0i0 + vj0i1 + vj0i2 <= 12\n cons_vm_alloc_1: vj1i0 + vj1i1 + vj1i2 <= 9\n cons_vm_alloc_2: vj2i0 + vj2i1 + vj2i2 <= 8\n cons_vm_alloc_3: vj3i0 + vj3i1 + vj3i2 <= 11\n cons_vm_alloc_4: vj4i0 + vj4i1 + vj4i2 <= 10\n cons_vm_alloc_5: vj5i0 + vj5i1 + vj5i2 <= 12\n cons_min_cpu_vm_0: uj0 >= 1\n cons_min_cpu_vm_1: uj1 >= 1\n cons_min_cpu_vm_2: uj2 >= 1\n cons_min_cpu_vm_3: uj3 >= 1\n cons_min_cpu_vm_4: uj4 >= 1\n cons_min_cpu_vm_5: uj5 >= 1\n\nBounds\n 0 <= si0 <= 1\n 0 <= si1 <= 1\n 0 <= si2 <= 1\n\nBinaries\n si0 si1 si2\nEnd\n",
  "classic": {
    "objective": 29.081343816184482,
    "status": "INFEASIBLE",
    "x": [
      1.0,
      1.0,
      1.0,
      2.8034529525244074,
      5.59496299428873,
      4.268250719853529,
      1.8985971490773605,
      4.434742872799608,
      3.3333266447896985,
      5.631283231731565,
      0.3036274662449963,
      2.7317559686901043,
      -0.15919761047468126,
      -0.16245029935459193,
      -0.17839902014971504,
      -0.17438634933412644,
      -0.29493805969564413,
      -0.15881275035106643,
      -0.21263910473364625,
      -0.1972549136210803,
      -0.16416198351635164,
      0.8945824080554541,
      0.8965611248198914,
      0.8732049160083458,
      0.8815611707866727,
      0.8440770094523898,
      0.8945969338392737
    ],
    "residuals": [
      0.05551477432609838,
      0.10914508844773595,
      0.09202523389232557,
      0.9471695298506384,
      1.042230456839587,
      0.8466969337870957,
      0.4184803113264583,
      1.0655884683850037,
      0.8806666789700683,
      0.41726288453661464,
      0.4100993059502618,
      0.38067846679393275,
      0.15361960791603982,
      0.03482866041338896,
      0.28281063581543947,
      0.29519734016803933,
      0.14344532784171327,
      0.6233567975971919,
      0.2818396167234864,
      0.3235410766274168,
      0.07528878347995979,
      0.212963153774792,
      0.23073958600438002,
      0.1559315170840557,
      0.0830368734898029,
      0.0682630170571017,
      0.17725960016081288,
      0.11568205542623695,
      0.19344081317481518,
      0.1424123194389454,
      0.08122343596983256,
      0.035220261546096775,
      0.12596232070613575,
      0.16425167963536366,
      0.04726695782157444,
      0.03332238962958608,
      0.10961851247580819,
      0.09767298808200986,
      0.09610580862919851,
      0.06679060026535319,
      0.1085866592092188,
      0.0755151476925257,
      0.01920019991912843,
      0.009201867632405216,
      0.028356212232589686,
      0.016942878948477832,
      0.027078169625695283,
      0.030687339693239935,
      0.02328557122970431,
      0.047321834677763935,
      0.011266778669103939,
      0.006996587255781727,
      0.004543748240211595,
      0.0018370862501907053,
      0.008821340845960306,
      0.009304900872664692,
      0.008979637511282891,
      0.001813760225205378,
      0.001106397085388896,
      0.0017067158288191309,
      0.0014322119426165927,
      0.0006265359675173023,
      0.00035163217233025076,
      0.0010220546165006228,
      0.0017750025876125575,
      0.0008795519767089566,
      0.00019494249585554272,
      0.0006286138016691335,
      0.0009150664264061159,
      0.0004737844638350863,
      0.0002310892058970018,
      0.0009733886783086296,
      0.0003590817563485783,
      0.00032063134302570126,
      0.0001470487583725437,
      0.0010845009114694543,
      0.00010910302936370129,
      0.00031875810150046427,
      0.00017678340723028326,
      9.432166436210275e-05,
      7.43194337217202e-05,
      0.0002527477775585596,
      4.8484737411201185e-05,
      8.273460510656805e-05,
      0.0001869927244966349,
      2.1365229524217774e-05,
      5.909780929809163e-05,
      6.734327780911341e-05,
      5.98398640692189e-05,
      0.00015400056375500262,
      8.746409772140494e-05,
      5.777455720361189e-05,
      5.336105583503159e-05,
      5.920625532107744e-05,
      6.551358432029843e-05,
      0.00011249811492361486,
      7.769397074273499e-05,
      8.894732213327501e-05,
      7.659146579465739e-05,
      2.337189004336603e-05
    ],
    "duration_seconds": 187.12661712499994
  },
  "quantum": {
    "objective": 17.78633882496569,
    "status": "INFEASIBLE",
    "x": [
      1.0,
      1.0,
      1.0,
      1.6381965549478026,
      5.967160421765496,
      5.061309689953401,
      4.9623922594500876,
      1.762597019566707,
      2.9416773876499356,
      3.732744518935508,
      2.603575892001153,
      2.3303462557300834,
      0.7181020787484959,
      0.9328018833378877,
      0.7969734029391204,
      -0.1303394887721033,
      -0.1043459285332795,
      -0.6374009533893082,
      0.9478135019845759,
      0.6877125377480569,
      0.17030649447117627,
      0.42988097802833575,
      0.42996164450790064,
      0.4127036475659854,
      0.47503269119344427,
      0.44110515591452526,
      0.45961014315262394
    ],
    "residuals": [
      0.15225866232315657,
      0.08188996556802872,
      0.060511421304093586,
      0.05479784341800928,
      0.2715188919288761,
      0.1417524607342153,
      0.37234663937947127,
      0.153327601061163,
      0.1600498550371072,
      0.22184368947808272,
      0.09177036566122086,
      0.09893015367607909,
      0.06407952730659115,
      0.040886130413900115,
      0.023309529174591656,
      0.06131788698684542,
      0.08972801848386203,
      0.09231436889503028,
      0.027389889343224755,
      0.02113340271510995,
      0.008182215256579207,
      0.01112796082014432,
      0.01358007439202739,
      0.009132231900222795,
      0.015845548058694203,
      0.01530686055848021,
      0.007712851988704216,
      0.005379402096659762,
      0.008874021209128096,
      0.001834346663153555,
      0.010572774904467086,
      0.007006024020483569,
      0.0034489694107306588,
      0.008378553767988815,
      0.0015824803613760099,
      0.006155873471521167,
      0.0007620578034818559,
      0.0007120701220322279,
      0.0006061027200379718,
      0.004268097198291665,
      0.0018784254380920227,
      0.0007971515918127829,
      0.0011652546250478513,
      0.00034471422346345974,
      0.0005528326321420025,
      0.00022993663894167588,
      5.2356023295245485e-05
    ],
    "duration_seconds": 186.2557220839999
  },
  "combined_image": "q_20260317_194533_risultati.png"
}