{
  "script": "q",
  "meta": {
    "n_servers": 4,
    "n_vms": 4,
    "require_all_on": true
  },
  "input": {
    "pi": [
      1.0,
      1.0,
      1.0,
      1.0
    ],
    "pd": [
      1.0,
      1.0,
      1.0,
      1.0
    ],
    "capacities": [
      11,
      11,
      11,
      10
    ],
    "vm_allocation_limits": [
      9,
      11,
      10,
      12
    ],
    "min_cpu_per_vm": 1
  },
  "qp_lp": "\\ This file has been generated by DOcplex\n\\ ENCODING=ISO-8859-1\n\\Problem name: ex120_server\n\nMinimize\n obj: si0 + si1 + si2 + si3 + [ 2 vj0i0*uj0 + 2 vj0i1*uj0 + 2 vj0i2*uj0\n      + 2 vj0i3*uj0 + 2 vj1i0*uj1 + 2 vj1i1*uj1 + 2 vj1i2*uj1 + 2 vj1i3*uj1\n      + 2 vj2i0*uj2 + 2 vj2i1*uj2 + 2 vj2i2*uj2 + 2 vj2i3*uj2 + 2 vj3i0*uj3\n      + 2 vj3i1*uj3 + 2 vj3i2*uj3 + 2 vj3i3*uj3 ]/2\nSubject To\n cons_server_load_0: vj0i0 + vj1i0 + vj2i0 + vj3i0 >= 10\n cons_server_load_1: vj0i1 + vj1i1 + vj2i1 + vj3i1 >= 10\n cons_server_load_2: vj0i2 + vj1i2 + vj2i2 + vj3i2 >= 10\n cons_server_load_3: vj0i3 + vj1i3 + vj2i3 + vj3i3 >= 9\n cons_first3vm_server_0: vj0i0 + vj1i0 + vj2i0 >= 11\n cons_first3vm_server_1: vj0i1 + vj1i1 + vj2i1 >= 11\n cons_first3vm_server_2: vj0i2 + vj1i2 + vj2i2 >= 11\n cons_server_on_0: si0 = 1\n cons_server_on_1: si1 = 1\n cons_server_on_2: si2 = 1\n cons_server_on_3: si3 = 1\n cons_vm_alloc_0: vj0i0 + vj0i1 + vj0i2 + vj0i3 <= 9\n cons_vm_alloc_1: vj1i0 + vj1i1 + vj1i2 + vj1i3 <= 11\n cons_vm_alloc_2: vj2i0 + vj2i1 + vj2i2 + vj2i3 <= 10\n cons_vm_alloc_3: vj3i0 + vj3i1 + vj3i2 + vj3i3 <= 12\n cons_min_cpu_vm_0: uj0 >= 1\n cons_min_cpu_vm_1: uj1 >= 1\n cons_min_cpu_vm_2: uj2 >= 1\n cons_min_cpu_vm_3: uj3 >= 1\n\nBounds\n 0 <= si0 <= 1\n 0 <= si1 <= 1\n 0 <= si2 <= 1\n 0 <= si3 <= 1\n\nBinaries\n si0 si1 si2 si3\nEnd\n",
  "classic": {
    "objective": 31.11111111111115,
    "status": "INFEASIBLE",
    "x": [
      1.0,
      1.0,
      1.0,
      1.0,
      3.222222222222212,
      3.2222222222222308,
      3.2222222222222214,
      -0.33333333333333337,
      3.8888888888888937,
      3.888888888888879,
      3.8888888888888924,
      -0.33333333333333426,
      3.5555555555555602,
      3.555555555555555,
      3.555555555555552,
      -0.33333333333333404,
      8.324509287356685e-15,
      2.337463257531299e-14,
      8.689685716151905e-15,
      9.666666666666668,
      0.6666666666666667,
      0.6666666666666672,
      0.6666666666666672,
      0.666666666666667
    ],
    "residuals": [
      8.429368547613569e-08
    ],
    "duration_seconds": 1.3242080410000199
  },
  "quantum": {
    "objective": 27.111111111111125,
    "status": "INFEASIBLE",
    "x": [
      0.0,
      0.0,
      0.0,
      0.0,
      3.2222222222222343,
      3.2222222222222143,
      3.2222222222222223,
      -0.33333333333333304,
      3.8888888888888795,
      3.888888888888905,
      3.8888888888888866,
      -0.3333333333333328,
      3.5555555555555567,
      3.555555555555553,
      3.555555555555557,
      -0.3333333333333328,
      -9.793089855035892e-15,
      -2.3051975934677743e-15,
      -8.116940438777645e-15,
      9.666666666666666,
      0.6666666666666673,
      0.6666666666666672,
      0.666666666666667,
      0.666666666666667
    ],
    "residuals": [
      8.429368934250386e-08
    ],
    "duration_seconds": 3.098302791000151
  },
  "combined_image": "q_20260317_195919_risultati.png"
}