{
  "script": "q",
  "meta": {
    "n_servers": 4,
    "n_vms": 2,
    "require_all_on": true
  },
  "input": {
    "pi": [
      1.0,
      1.0,
      1.0,
      1.0
    ],
    "pd": [
      1.0,
      1.0,
      1.0,
      1.0
    ],
    "capacities": [
      11,
      11,
      11,
      10
    ],
    "vm_allocation_limits": [
      10,
      12
    ],
    "min_cpu_per_vm": 1
  },
  "qp_lp": "\\ This file has been generated by DOcplex\n\\ ENCODING=ISO-8859-1\n\\Problem name: ex120_server\n\nMinimize\n obj: si0 + si1 + si2 + si3 + [ 2 vj0i0*uj0 + 2 vj0i1*uj0 + 2 vj0i2*uj0\n      + 2 vj0i3*uj0 + 2 vj1i0*uj1 + 2 vj1i1*uj1 + 2 vj1i2*uj1 + 2 vj1i3*uj1 ]/2\nSubject To\n cons_server_load_0: vj0i0 + vj1i0 >= 10\n cons_server_load_1: vj0i1 + vj1i1 >= 10\n cons_server_load_2: vj0i2 + vj1i2 >= 10\n cons_server_load_3: vj0i3 + vj1i3 >= 9\n cons_first3vm_server_0: vj0i0 + vj1i0 >= 11\n cons_first3vm_server_1: vj0i1 + vj1i1 >= 11\n cons_first3vm_server_2: vj0i2 + vj1i2 >= 11\n cons_server_on_0: si0 = 1\n cons_server_on_1: si1 = 1\n cons_server_on_2: si2 = 1\n cons_server_on_3: si3 = 1\n cons_vm_alloc_0: vj0i0 + vj0i1 + vj0i2 + vj0i3 <= 10\n cons_vm_alloc_1: vj1i0 + vj1i1 + vj1i2 + vj1i3 <= 12\n cons_min_cpu_vm_0: uj0 >= 1\n cons_min_cpu_vm_1: uj1 >= 1\n\nBounds\n 0 <= si0 <= 1\n 0 <= si1 <= 1\n 0 <= si2 <= 1\n 0 <= si3 <= 1\n\nBinaries\n si0 si1 si2 si3\nEnd\n",
  "classic": {
    "objective": 34.45606223112232,
    "status": "INFEASIBLE",
    "x": [
      1.0,
      1.0,
      1.0,
      1.0,
      3.2650575412136407,
      3.842787501434651,
      3.2771422319781154,
      2.9483460587069286,
      4.401609125453026,
      3.823879165232016,
      4.38952443468855,
      2.718320607959738,
      1.602805995006292,
      0.5925205846329402
    ],
    "residuals": [
      0.34475949544365914,
      0.5092414872621319,
      0.2753555354505336,
      0.7559011458761551,
      0.5630043211358486,
      0.3737635634430695,
      0.24238178782738012,
      0.23468163317446675,
      0.3227519202070854,
      0.22363789758239613,
      0.14981875911679854,
      0.20716719217872342,
      0.2915227970384678,
      0.10276580616622345,
      0.38789867141146833,
      0.5282878062295795,
      0.35861680734789025,
      0.19441715266338871,
      0.04125138587965617,
      0.48246256220825146,
      0.16325091137613257,
      0.14288769611246893,
      0.041519504429809166,
      0.3117896973933387,
      0.23386390725653217,
      0.14538164893270397,
      0.09819224264824074,
      0.04684470205820679,
      0.2042524567991093,
      0.08178501039571626,
      0.0647587918078752,
      0.24006585895960608,
      0.09595069145305879,
      0.04681480324442026,
      0.14968878073160613,
      0.1016261059103698,
      0.14427562151047557,
      0.047098962496401935,
      0.04758390362329668,
      0.07415839341944366,
      0.1876086748965665,
      0.06299685013562323,
      0.021156299698018372,
      0.07307201112740391,
      0.0032083902710131253,
      0.023076871434477914,
      0.04596855309380045,
      0.037473062728743504,
      0.01882873142334035,
      0.007747851659843306,
      0.0018250194755463473,
      0.005955136369309087,
      0.009709804669361801,
      0.04433706997290336,
      0.018724312609196433,
      0.019292881535207657,
      0.013825342336899445,
      0.00829280355973646,
      0.0032496481755737387,
      0.016602900240860436,
      0.009861130686302707,
      0.016547171521581187,
      0.015509890496808728,
      0.010320093043308637,
      0.007648558098131953,
      0.003382790449982902,
      0.013755453033628105,
      0.0033721436357694217,
      0.0061466219135374095,
      0.0003837808978060018,
      0.0039572505920837005,
      0.00225518029701673,
      0.0011883699023542504,
      0.002640197386724805,
      0.000405460869078655,
      0.0013640300630621367,
      0.001669143405357633,
      0.000652168982933957,
      0.0003508288276344859,
      0.0004731327548942384,
      0.0029447026752853402,
      0.0013391088946444196,
      0.0004940888881921737,
      0.001421038832689162,
      0.0016339266750389585,
      0.0010822989796422783,
      0.000863361586305277,
      0.0006455602737676217,
      0.0010882579659687293,
      0.0010235843597905545,
      0.0007411469088148619,
      0.00014322001345828535,
      0.00013769748472782306,
      0.0010192005591800463,
      0.0005579863374592238,
      0.0008158189821852658,
      0.0007129934595045785,
      0.00033257737106684687,
      0.0002748688797920324,
      0.0003585935733556189
    ],
    "duration_seconds": 76.64636887500001
  },
  "quantum": {
    "objective": 14.905972475975492,
    "status": "INFEASIBLE",
    "x": [
      1.0,
      1.0,
      1.0,
      1.0,
      3.3887409796298287,
      3.167350542469556,
      3.928578278818716,
      2.8486635324152347,
      4.27792568703684,
      4.499316124197111,
      3.7380883878479514,
      2.8180031342514305,
      0.5225791404719802,
      0.2568424306314624
    ],
    "residuals": [
      0.19795534822568728,
      0.2291739151887854,
      0.17416616257161555,
      0.29161768168698265,
      0.15526576996444288,
      0.06497296528933366,
      0.1706263930819004,
      0.4358103563588152,
      0.24345251360831996,
      0.09226956412878919,
      0.1329997744486703,
      0.05650548207563526,
      0.07421063026210055,
      0.0761407250776179,
      0.16720938516530082,
      0.08719185558569162,
      0.015609563906196116,
      0.15374187500346967,
      0.0834034095223085,
      0.0718878458481213,
      0.05151431894832025,
      0.01905595049111305,
      0.025999694077176845,
      0.04360800417576568,
      0.012838997877664684,
      0.037065225309538444,
      0.011986133731438841,
      0.0018986754801981337,
      0.03963281169837938,
      0.030979292510718435,
      0.013375647314764693,
      0.007033224098063008,
      0.005781661483177398,
      0.0071270959786529,
      0.014690630285414324,
      0.013966404978010875,
      0.013872978172210027,
      0.0015203792448374464,
      0.007487042532256177,
      0.0011997070525046857,
      0.0071096275619006374,
      0.005887190840758149,
      0.006752783071745,
      0.007311491513276398,
      0.0032234269149851043,
      0.0054824034837264385,
      0.0004506284128934672,
      0.002833551432570677,
      0.0009244799429477269,
      0.0005555774862705318,
      0.0037983650119955657,
      8.571978460523457e-05
    ],
    "duration_seconds": 223.76781845799997
  },
  "combined_image": "q_20260317_195301_risultati.png"
}