{
  "script": "q",
  "meta": {
    "n_servers": 1,
    "n_vms": 4,
    "require_all_on": true
  },
  "input": {
    "pi": [
      1.0
    ],
    "pd": [
      1.0
    ],
    "capacities": [
      11
    ],
    "vm_allocation_limits": [
      10,
      9,
      12,
      8
    ],
    "min_cpu_per_vm": 1
  },
  "qp_lp": "\\ This file has been generated by DOcplex\n\\ ENCODING=ISO-8859-1\n\\Problem name: ex120_server\n\nMinimize\n obj: si0 + [ 2 vj0i0*uj0 + 2 vj1i0*uj1 + 2 vj2i0*uj2 + 2 vj3i0*uj3 ]/2\nSubject To\n cons_server_load_0: vj0i0 + vj1i0 + vj2i0 + vj3i0 >= 10\n cons_first3vm_server_0: vj0i0 + vj1i0 + vj2i0 >= 11\n cons_server_on_0: si0 = 1\n cons_vm_alloc_0: vj0i0 <= 10\n cons_vm_alloc_1: vj1i0 <= 9\n cons_vm_alloc_2: vj2i0 <= 12\n cons_vm_alloc_3: vj3i0 <= 8\n cons_min_cpu_vm_0: uj0 >= 1\n cons_min_cpu_vm_1: uj1 >= 1\n cons_min_cpu_vm_2: uj2 >= 1\n cons_min_cpu_vm_3: uj3 >= 1\n\nBounds\n 0 <= si0 <= 1\n\nBinaries\n si0\nEnd\n",
  "classic": {
    "objective": 11.999735597256272,
    "status": "INFEASIBLE",
    "x": [
      1.0,
      7.014984082322163,
      3.1191665973721157,
      0.8658551354088221,
      -1.822349908607278e-18,
      0.9999546571118839,
      1.0000120104217145,
      1.0000120104217145,
      1.0000120104217145
    ],
    "residuals": [
      0.0
    ],
    "duration_seconds": 0.3461864589999095
  },
  "quantum": {
    "objective": 10.999735600536825,
    "status": "INFEASIBLE",
    "x": [
      0.0,
      7.014926883232893,
      3.1191883999945484,
      0.8658905318756565,
      4.5506753107411035e-18,
      0.9999546571118839,
      1.000012010421714,
      1.000012010421714,
      1.0000120104217143
    ],
    "residuals": [
      2.738029519828437e-19
    ],
    "duration_seconds": 1.0916056670000671
  },
  "combined_image": "q_20260317_192014_risultati.png"
}