{
  "script": "q",
  "meta": {
    "n_servers": 5,
    "n_vms": 1,
    "require_all_on": true
  },
  "input": {
    "pi": [
      1.0,
      1.0,
      1.0,
      1.0,
      1.0
    ],
    "pd": [
      1.0,
      1.0,
      1.0,
      1.0,
      1.0
    ],
    "capacities": [
      11,
      11,
      11,
      10,
      10
    ],
    "vm_allocation_limits": [
      11
    ],
    "min_cpu_per_vm": 1
  },
  "qp_lp": "\\ This file has been generated by DOcplex\n\\ ENCODING=ISO-8859-1\n\\Problem name: ex120_server\n\nMinimize\n obj: si0 + si1 + si2 + si3 + si4 + [ 2 vj0i0*uj0 + 2 vj0i1*uj0 + 2 vj0i2*uj0\n      + 2 vj0i3*uj0 + 2 vj0i4*uj0 ]/2\nSubject To\n cons_server_load_0: vj0i0 >= 10\n cons_server_load_1: vj0i1 >= 10\n cons_server_load_2: vj0i2 >= 10\n cons_server_load_3: vj0i3 >= 9\n cons_server_load_4: vj0i4 >= 9\n cons_first3vm_server_0: vj0i0 >= 11\n cons_first3vm_server_1: vj0i1 >= 11\n cons_first3vm_server_2: vj0i2 >= 11\n cons_server_on_0: si0 = 1\n cons_server_on_1: si1 = 1\n cons_server_on_2: si2 = 1\n cons_server_on_3: si3 = 1\n cons_server_on_4: si4 = 1\n cons_vm_alloc_0: vj0i0 + vj0i1 + vj0i2 + vj0i3 + vj0i4 <= 11\n cons_min_cpu_vm_0: uj0 >= 1\n\nBounds\n 0 <= si0 <= 1\n 0 <= si1 <= 1\n 0 <= si2 <= 1\n 0 <= si3 <= 1\n 0 <= si4 <= 1\n\nBinaries\n si0 si1 si2 si3 si4\nEnd\n",
  "classic": {
    "objective": 23.42587042778497,
    "status": "INFEASIBLE",
    "x": [
      1.0,
      1.0,
      1.0,
      1.0,
      1.0,
      4.333333333333333,
      4.333333333333333,
      4.333333333333334,
      2.333333333333333,
      2.333333333333333,
      1.0429737977991496
    ],
    "residuals": [
      0.4336072083570533,
      0.755005032617315,
      0.5104819503065562,
      0.5974172582032157,
      0.5442207712436599,
      0.47663576952897935,
      0.46396350800882313,
      0.6195951702145399,
      0.7139069030612495,
      0.22896817868206468,
      0.46274491033822657,
      0.4414189241850493,
      0.5763557217554216,
      0.35837667498053377,
      0.4988740135400641,
      0.4444509352492233,
      0.39953517835553576,
      0.4992658538736551,
      0.19871628649662862,
      0.5163065567903082,
      0.175433120516643,
      0.3890433115100318,
      0.32564876835310685,
      0.24536832138080625,
      0.36907038126846786,
      0.22167638614026164,
      0.15582199448337078,
      0.10300581867479296,
      0.03928612666057187,
      0.06076448033809512,
      0.08723570187357577,
      0.08380493301489074,
      0.08677414447617435,
      0.1862481321161684,
      0.1295425205846958,
      0.0860618880316276,
      0.12042753570314106,
      0.10414853852815739,
      0.04490320493285432,
      0.03885396021827281,
      0.03494540076535956,
      0.10255953119143955,
      0.1359861929120124,
      0.045083459997106994,
      0.021560690769051337,
      0.06790814311225031,
      0.01826000233808925,
      0.04129381357035605,
      0.05416030879630652,
      0.05120167960936761,
      0.02345743620426396,
      0.04760523056900929,
      0.029149119322591167,
      0.037401223308471246,
      0.015512605818112394,
      0.014137477733646273,
      0.014505790651034446,
      0.004272868905739279,
      0.0043482935536003076,
      0.003378959324436631,
      0.001449928176202539,
      0.010543007241329101,
      0.0033059393866369927,
      0.0022314555109638613,
      0.005744475749550149,
      0.0018440449443879823,
      0.0010326533010269077,
      0.006991559898107882,
      0.0038005777928490055,
      0.0006098523835291742,
      0.0008972601274185086,
      0.009205433811032412,
      0.004570844517914483,
      0.001974614335571751,
      0.0042308287172037155,
      0.004052332253909245,
      0.0014263127389680858,
      0.0032160147536311927,
      0.00019435841987349488,
      0.0010722590729603848,
      0.0019407846908883694,
      0.0029725987760469462,
      0.0012003020231691728,
      0.0006785636291424866,
      0.0015150646980883243,
      0.0014397780245223397,
      0.0012139938970890198,
      0.0007969785834200366,
      0.0008555147692897567,
      0.0014434965694145741,
      0.0012333030054274047,
      0.000856659268756162,
      0.00028982121135396916,
      0.0003212097376503926,
      0.0002070797917645463,
      0.0005546943838988077,
      0.0007376305848998638,
      0.0003651730968630648,
      0.0002279503551107558,
      0.0005469400100496288
    ],
    "duration_seconds": 66.83435879200078
  },
  "quantum": {
    "objective": 14.697912612695129,
    "status": "INFEASIBLE",
    "x": [
      1.0,
      1.0,
      1.0,
      1.0,
      1.0,
      4.333333333333335,
      4.333333333333335,
      4.333333333333335,
      2.333333333333335,
      2.333333333333333,
      0.5489384497751958
    ],
    "residuals": [
      0.10108817480778408,
      0.2462821436618591,
      0.24271682854241672,
      0.34510227051370823,
      0.15345108576933023,
      0.10446005029627803,
      0.1354809671903905,
      0.13955505397167423,
      0.11657813104293643,
      0.07483895736212826,
      0.05284741541086487,
      0.05284348669505504,
      0.13257198948586746,
      0.11187696319030453,
      0.09964398587104153,
      0.10755419183332238,
      0.13223696250666764,
      0.09356902585892862,
      0.08281811043153871,
      0.05737190861275657,
      0.04367377364224658,
      0.027052119410854707,
      0.05690615234880061,
      0.09651374891011356,
      0.031870827690600914,
      0.051235935142015084,
      0.024525582887503002,
      0.025393004210952815,
      0.029290551910252444,
      0.012916189718325045,
      0.0318857990583319,
      0.03007700122506965,
      0.02210997190096588,
      0.04079370014924232,
      0.015272811047401066,
      0.023446889846919224,
      0.009932426481050971,
      0.013709473699205754,
      0.02483262579989977,
      0.011348615517704934,
      0.01273542145558297,
      0.0025867113096805137,
      0.0077534692601505155,
      0.0014921772353548679,
      0.006016203804802501,
      0.002076801900322399,
      0.004446131654521174,
      0.0025135564149956612,
      0.0020214729491678193,
      0.003226688330044388,
      0.0035084770252439765,
      0.0016571331504851095,
      0.002135872133056912,
      0.0013086766478860663,
      0.0021708612958521835,
      0.0009299560500025325,
      0.0007591316302198253,
      0.0020834078892849276,
      0.0022544354664851083,
      0.001800377721156672,
      9.657593168703942e-05
    ],
    "duration_seconds": 458.50885924999966
  },
  "combined_image": "q_20260317_202226_risultati.png"
}