{
  "script": "q",
  "meta": {
    "n_servers": 4,
    "n_vms": 1,
    "require_all_on": true
  },
  "input": {
    "pi": [
      1.0,
      1.0,
      1.0,
      1.0
    ],
    "pd": [
      1.0,
      1.0,
      1.0,
      1.0
    ],
    "capacities": [
      11,
      11,
      11,
      10
    ],
    "vm_allocation_limits": [
      9
    ],
    "min_cpu_per_vm": 1
  },
  "qp_lp": "\\ This file has been generated by DOcplex\n\\ ENCODING=ISO-8859-1\n\\Problem name: ex120_server\n\nMinimize\n obj: si0 + si1 + si2 + si3 + [ 2 vj0i0*uj0 + 2 vj0i1*uj0 + 2 vj0i2*uj0\n      + 2 vj0i3*uj0 ]/2\nSubject To\n cons_server_load_0: vj0i0 >= 10\n cons_server_load_1: vj0i1 >= 10\n cons_server_load_2: vj0i2 >= 10\n cons_server_load_3: vj0i3 >= 9\n cons_first3vm_server_0: vj0i0 >= 11\n cons_first3vm_server_1: vj0i1 >= 11\n cons_first3vm_server_2: vj0i2 >= 11\n cons_server_on_0: si0 = 1\n cons_server_on_1: si1 = 1\n cons_server_on_2: si2 = 1\n cons_server_on_3: si3 = 1\n cons_vm_alloc_0: vj0i0 + vj0i1 + vj0i2 + vj0i3 <= 9\n cons_min_cpu_vm_0: uj0 >= 1\n\nBounds\n 0 <= si0 <= 1\n 0 <= si1 <= 1\n 0 <= si2 <= 1\n 0 <= si3 <= 1\n\nBinaries\n si0 si1 si2 si3\nEnd\n",
  "classic": {
    "objective": 7.039044706718631,
    "status": "INFEASIBLE",
    "x": [
      1.0,
      1.0,
      1.0,
      1.0,
      4.3999999999999995,
      4.3999999999999995,
      4.3999999999999995,
      2.399999999999999,
      0.1948105581229892
    ],
    "residuals": [
      0.12454603916670169,
      0.388760150913383,
      0.17385677833099725,
      0.29385236961278194,
      0.19959701157602813,
      0.3397766499019163,
      0.5541212022676825,
      0.6447034504525736,
      0.30646272215835846,
      0.7699556184063056,
      0.563111946184608,
      0.3053869201900858,
      0.22972514567126276,
      0.12942204988487585,
      0.0747656116407989,
      0.285288401467815,
      0.03719222638417667,
      0.17910814924043322,
      0.0801289750658398,
      0.08179391610355077,
      0.27800396782872894,
      0.15846193255980842,
      0.12210864436873414,
      0.11731849601167516,
      0.036095240205910255,
      0.15664337534952133,
      0.05220506307622152,
      0.027737625719316105,
      0.026624080252331133,
      0.01716022721271495,
      0.027041931641693866,
      0.040606908905904536,
      0.014020789660725123,
      0.04504025149483021,
      0.05497686026356397,
      0.014201628844797086,
      0.01704229946154883,
      0.007418779126282904,
      0.010641854421732901,
      0.007610053714862892,
      0.01511163238637474,
      0.009512103172645628,
      0.018882184285600435,
      0.017496880711966763,
      0.025017394633088687,
      0.05480624150646156,
      0.034829771223136775,
      0.013142660716600217,
      0.0036237954394477347,
      0.01883978231238611,
      0.003059901562586448,
      0.0014831615677884846,
      0.006731580154116606,
      0.001415793744744572,
      0.0003742791335203604,
      0.0035885103088657945,
      0.001305051241602515,
      0.001546448998841205,
      0.0013094970054308198,
      0.00781502717590309,
      0.0026956357320707925,
      0.0010765619927963132,
      0.004947974634937855,
      0.0017093590788139568,
      0.002593999123363103,
      0.0020737663096263505,
      0.0010982748023696022,
      0.0005136138215581283,
      0.0011546890592319286,
      0.001158665742670133,
      0.0007675651243822999,
      0.0011382103430452892,
      0.0005402123613331469,
      0.0003006586637360063,
      0.0033356605314044437,
      0.0009567629253136495,
      0.0016763420936024552,
      0.0007060255297886726,
      0.00034893071501982775,
      0.0005817223704039934,
      0.000399316640776934,
      0.00028085677716914963,
      0.001339551029341437,
      0.0015881621026268282,
      0.000683139315806622,
      0.0002937771285272716,
      0.00035284826774240605,
      7.760088337829188e-05,
      0.00033594811879796764,
      0.00013186913803259396,
      0.00020083881628623035,
      0.00013328540753851454,
      7.54098009670318e-05,
      0.00012656587378798102,
      0.00024009810334677938,
      6.003458260387145e-05,
      0.00042365446761555287,
      1.7112567703777855e-05,
      0.00031254790595893134,
      0.0003315560788272387
    ],
    "duration_seconds": 49.508500958999775
  },
  "quantum": {
    "objective": 3.7669441679951625e-14,
    "status": "INFEASIBLE",
    "x": [
      0.0,
      0.0,
      0.0,
      0.0,
      4.4,
      4.400000000000001,
      4.4,
      2.3999999999999995,
      2.4147077999968987e-15
    ],
    "residuals": [
      0.05719230699200504,
      0.08405215093681553,
      0.04818293816060066,
      0.02486143545581249,
      0.018112624488826484,
      0.013069039582335788,
      0.017626471984831554,
      0.02788336722664301,
      0.03455494269266395,
      0.018055419165564215,
      0.01509895153498599,
      0.012889972836646266,
      0.0051187412318227194,
      0.00862307617976267,
      0.011898611712762533,
      0.011987680403586451,
      0.004816922580931193,
      0.004276173875855575,
      0.004491058062925045,
      0.007353180515636724,
      0.002110325519362701,
      0.0013851809238790479,
      0.0007283488201478165,
      0.0008761953468879171,
      0.0004232624222885408,
      5.998100600507033e-15
    ],
    "duration_seconds": 91.00164629100027
  },
  "combined_image": "q_20260317_194757_risultati.png"
}