{
  "script": "q",
  "meta": {
    "n_servers": 2,
    "n_vms": 4,
    "require_all_on": true
  },
  "input": {
    "pi": [
      1.0,
      1.0
    ],
    "pd": [
      1.0,
      1.0
    ],
    "capacities": [
      11,
      11
    ],
    "vm_allocation_limits": [
      12,
      9,
      8,
      11
    ],
    "min_cpu_per_vm": 1
  },
  "qp_lp": "\\ This file has been generated by DOcplex\n\\ ENCODING=ISO-8859-1\n\\Problem name: ex120_server\n\nMinimize\n obj: si0 + si1 + [ 2 vj0i0*uj0 + 2 vj0i1*uj0 + 2 vj1i0*uj1 + 2 vj1i1*uj1\n      + 2 vj2i0*uj2 + 2 vj2i1*uj2 + 2 vj3i0*uj3 + 2 vj3i1*uj3 ]/2\nSubject To\n cons_server_load_0: vj0i0 + vj1i0 + vj2i0 + vj3i0 >= 10\n cons_server_load_1: vj0i1 + vj1i1 + vj2i1 + vj3i1 >= 10\n cons_first3vm_server_0: vj0i0 + vj1i0 + vj2i0 >= 11\n cons_first3vm_server_1: vj0i1 + vj1i1 + vj2i1 >= 11\n cons_server_on_0: si0 = 1\n cons_server_on_1: si1 = 1\n cons_vm_alloc_0: vj0i0 + vj0i1 <= 12\n cons_vm_alloc_1: vj1i0 + vj1i1 <= 9\n cons_vm_alloc_2: vj2i0 + vj2i1 <= 8\n cons_vm_alloc_3: vj3i0 + vj3i1 <= 11\n cons_min_cpu_vm_0: uj0 >= 1\n cons_min_cpu_vm_1: uj1 >= 1\n cons_min_cpu_vm_2: uj2 >= 1\n cons_min_cpu_vm_3: uj3 >= 1\n\nBounds\n 0 <= si0 <= 1\n 0 <= si1 <= 1\n\nBinaries\n si0 si1\nEnd\n",
  "classic": {
    "objective": 23.999455562218536,
    "status": "INFEASIBLE",
    "x": [
      1.0,
      1.0,
      3.562423165939733,
      3.670147619322362,
      3.660675671087519,
      3.676551110080531,
      3.77690116297275,
      3.6533302321152616,
      6.278398414529372e-06,
      6.278398414529352e-06,
      0.9999714601384135,
      0.999972717147328,
      0.9999758609065457,
      1.0
    ],
    "residuals": [
      1.1102230246251565e-16
    ],
    "duration_seconds": 0.6224037499998758
  },
  "quantum": {
    "objective": 21.999372270317675,
    "status": "INFEASIBLE",
    "x": [
      0.0,
      0.0,
      3.634015036245226,
      3.707326582279551,
      3.6598765419974244,
      3.583100390172776,
      3.706109281428911,
      3.709567763413817,
      1.4210854715125143e-20,
      -4.9512672489421384e-20,
      0.9999680806060816,
      0.9999680806060816,
      0.9999787204040543,
      1.0
    ],
    "residuals": [
      9.110978471799714e-19
    ],
    "duration_seconds": 1.6278590410001925
  },
  "combined_image": "q_20260317_192449_risultati.png"
}