{
  "script": "q",
  "meta": {
    "n_servers": 2,
    "n_vms": 3,
    "require_all_on": true
  },
  "input": {
    "pi": [
      1.0,
      1.0
    ],
    "pd": [
      1.0,
      1.0
    ],
    "capacities": [
      11,
      11
    ],
    "vm_allocation_limits": [
      11,
      9,
      10
    ],
    "min_cpu_per_vm": 1
  },
  "qp_lp": "\\ This file has been generated by DOcplex\n\\ ENCODING=ISO-8859-1\n\\Problem name: ex120_server\n\nMinimize\n obj: si0 + si1 + [ 2 vj0i0*uj0 + 2 vj0i1*uj0 + 2 vj1i0*uj1 + 2 vj1i1*uj1\n      + 2 vj2i0*uj2 + 2 vj2i1*uj2 ]/2\nSubject To\n cons_server_load_0: vj0i0 + vj1i0 + vj2i0 >= 10\n cons_server_load_1: vj0i1 + vj1i1 + vj2i1 >= 10\n cons_first3vm_server_0: vj0i0 + vj1i0 + vj2i0 >= 11\n cons_first3vm_server_1: vj0i1 + vj1i1 + vj2i1 >= 11\n cons_server_on_0: si0 = 1\n cons_server_on_1: si1 = 1\n cons_vm_alloc_0: vj0i0 + vj0i1 <= 11\n cons_vm_alloc_1: vj1i0 + vj1i1 <= 9\n cons_vm_alloc_2: vj2i0 + vj2i1 <= 10\n cons_min_cpu_vm_0: uj0 >= 1\n cons_min_cpu_vm_1: uj1 >= 1\n cons_min_cpu_vm_2: uj2 >= 1\n\nBounds\n 0 <= si0 <= 1\n 0 <= si1 <= 1\n\nBinaries\n si0 si1\nEnd\n",
  "classic": {
    "objective": 23.998568888460426,
    "status": "INFEASIBLE",
    "x": [
      1.0,
      1.0,
      1.976108849430136,
      1.9285414605078621,
      6.520854856833803,
      2.20039897562056,
      2.5030145357194407,
      6.871008996116268,
      1.0004376241975244,
      0.9998305121324559,
      0.99983044543185
    ],
    "residuals": [
      5.6521031521761245e-08
    ],
    "duration_seconds": 0.5111102500000015
  },
  "quantum": {
    "objective": 21.999372746652654,
    "status": "INFEASIBLE",
    "x": [
      0.0,
      0.0,
      7.174254045691388,
      0.8078558383231768,
      1.1035993625909786,
      3.7550089292933957,
      2.7221465917176335,
      6.43711370237219,
      0.9999674225362899,
      0.999975339586121,
      0.9999753395861211
    ],
    "residuals": [
      8.241543437861834e-06
    ],
    "duration_seconds": 1.5193933750001634
  },
  "combined_image": "q_20260317_192445_risultati.png"
}