{
  "script": "q",
  "meta": {
    "n_servers": 3,
    "n_vms": 3,
    "require_all_on": true
  },
  "input": {
    "pi": [
      1.0,
      1.0,
      1.0
    ],
    "pd": [
      1.0,
      1.0,
      1.0
    ],
    "capacities": [
      11,
      11,
      11
    ],
    "vm_allocation_limits": [
      10,
      11,
      9
    ],
    "min_cpu_per_vm": 1
  },
  "qp_lp": "\\ This file has been generated by DOcplex\n\\ ENCODING=ISO-8859-1\n\\Problem name: ex120_server\n\nMinimize\n obj: si0 + si1 + si2 + [ 2 vj0i0*uj0 + 2 vj0i1*uj0 + 2 vj0i2*uj0 + 2 vj1i0*uj1\n      + 2 vj1i1*uj1 + 2 vj1i2*uj1 + 2 vj2i0*uj2 + 2 vj2i1*uj2 + 2 vj2i2*uj2 ]/2\nSubject To\n cons_server_load_0: vj0i0 + vj1i0 + vj2i0 >= 10\n cons_server_load_1: vj0i1 + vj1i1 + vj2i1 >= 10\n cons_server_load_2: vj0i2 + vj1i2 + vj2i2 >= 10\n cons_first3vm_server_0: vj0i0 + vj1i0 + vj2i0 >= 11\n cons_first3vm_server_1: vj0i1 + vj1i1 + vj2i1 >= 11\n cons_first3vm_server_2: vj0i2 + vj1i2 + vj2i2 >= 11\n cons_server_on_0: si0 = 1\n cons_server_on_1: si1 = 1\n cons_server_on_2: si2 = 1\n cons_vm_alloc_0: vj0i0 + vj0i1 + vj0i2 <= 10\n cons_vm_alloc_1: vj1i0 + vj1i1 + vj1i2 <= 11\n cons_vm_alloc_2: vj2i0 + vj2i1 + vj2i2 <= 9\n cons_min_cpu_vm_0: uj0 >= 1\n cons_min_cpu_vm_1: uj1 >= 1\n cons_min_cpu_vm_2: uj2 >= 1\n\nBounds\n 0 <= si0 <= 1\n 0 <= si1 <= 1\n 0 <= si2 <= 1\n\nBinaries\n si0 si1 si2\nEnd\n",
  "classic": {
    "objective": 42.38513616684947,
    "status": "INFEASIBLE",
    "x": [
      1.0,
      1.0,
      1.0,
      3.038652294818795,
      4.264573979303015,
      3.19677372587819,
      3.6671826534955274,
      3.8817400356442864,
      3.951077310860185,
      3.7941650516856784,
      2.3536859850526963,
      3.3521489632616253,
      1.621996204046025,
      1.145623097613138,
      0.9662642528226447
    ],
    "residuals": [
      0.5260179397198415,
      0.2618851397875146,
      0.49889392346174977,
      0.39228546717719776,
      0.15945728946795895,
      0.43847296304482275,
      0.49056646366396905,
      0.3189146121112998,
      0.27382412707551945,
      0.22144482539459798,
      0.687438889397021,
      0.21185484835140822,
      0.28681141987415576,
      0.34657604658642466,
      0.4822886214165769,
      0.5134105902453747,
      0.6200553653836095,
      0.20293522412603376,
      0.25836905606059274,
      0.49346009376376254,
      0.3054508920420502,
      0.277126363574016,
      0.07337286818244326,
      0.30593791831584616,
      0.2714368298502143,
      0.15564476598515647,
      0.2766060762970256,
      0.09361106167389481,
      0.2090237570183342,
      0.15083416948825484,
      0.13843990156063357,
      0.10187560060945917,
      0.05579926339171237,
      0.01403369946769881,
      0.06816751107363685,
      0.07548441984551439,
      0.08858679964828035,
      0.20525499221106897,
      0.0218315318443565,
      0.05078790867677434,
      0.03319634516891472,
      0.0756728334236731,
      0.017244741908616294,
      0.01596101556534057,
      0.01305275341762355,
      0.0469661898819737,
      0.027508007609431312,
      0.023547991219520035,
      0.024965757992558797,
      0.010320794870907977,
      0.004258836223300465,
      0.014976791073165326,
      0.01463162085690156,
      0.002715872871175201,
      0.017428853933062417,
      0.001505888748251896,
      0.012756612402622028,
      0.025033970780319905,
      0.014788822988981149,
      0.01483083209078073,
      0.016035678181354682,
      0.008210561998375367,
      0.005012090545008209,
      0.01247701964029291,
      0.011375985462351353,
      0.0076371734827953425,
      0.003564300106684947,
      0.005322655403941131,
      0.011114798669966206,
      0.0009383803025675171,
      0.002182279583255739,
      0.0006630786621561275,
      0.00048491650821639155,
      0.0003109313537348192,
      0.00015779466121984423,
      0.0001979357309008464,
      0.0006036338619409756,
      5.5299147808055346e-05,
      0.00019855802986492205,
      0.00030261301173623034,
      0.00025006442654555304,
      0.0001430847924532795,
      0.00016942914020080417,
      0.00040796133660846526,
      9.766277961817068e-05,
      3.975191747033236e-05,
      1.5148816447421007e-05,
      0.00010961595180909425,
      5.6372128092640575e-05,
      2.9367541404339494e-05,
      0.00010329229346835351,
      0.00010528719941684348,
      0.00012210318561449557,
      0.00012311852885797493,
      0.00011125120619612405,
      6.451065582194373e-05,
      8.694572538782965e-05,
      6.808614041083706e-05,
      0.00010660907334086777,
      7.435982585112677e-05
    ],
    "duration_seconds": 80.20023795899988
  },
  "quantum": {
    "objective": 24.168912573836323,
    "status": "INFEASIBLE",
    "x": [
      1.0,
      1.0,
      0.0,
      3.5266168360347714,
      3.6313719086063996,
      3.3420112553588304,
      3.8030179890563702,
      3.8389982785087624,
      3.857983732434867,
      3.170365174908859,
      3.0296298128848385,
      3.3000050122063027,
      0.7442553120035837,
      0.7905337885719568,
      0.5540098136022307
    ],
    "residuals": [
      0.09663340507039359,
      0.27520330483425987,
      0.14497151883933085,
      0.14722167486610815,
      0.24459837881615226,
      0.038913307407927956,
      0.04061133212530723,
      0.07838360495719247,
      0.04124022634615353,
      0.04734702677390083,
      0.1516081422238846,
      0.05052388876781604,
      0.05766550558897364,
      0.03648135353864848,
      0.01474551323555476,
      0.03137932495916392,
      0.024065073718496508,
      0.029946066452251553,
      0.011877763181204858,
      0.010902021989759973,
      0.02589011283587099,
      0.009370130854653415,
      0.01594589989623717,
      0.012510896486954517,
      0.005111448283634839,
      0.0028103976731387622,
      0.0047746020852105905,
      0.010576140089253748,
      0.003031745652591467,
      0.002173618644093292,
      0.00691824446998844,
      0.006672354791121971,
      0.0021055163215770493,
      0.001881696030641583,
      0.0029950304124545016,
      0.0014117878985532482,
      0.001041860958950587,
      0.0002999440335807483,
      0.0003421053389552695,
      0.00029731458465030204,
      0.0005419515725058045,
      0.0008077332613223603,
      0.0007142262931639382,
      0.00030193656498782556,
      0.0002812471432046782,
      0.00022527425762986522,
      0.00013197278441254097,
      0.000236567098304346,
      9.803660926850428e-05
    ],
    "duration_seconds": 142.34220416700032
  },
  "combined_image": "q_20260317_193524_risultati.png"
}