{
  "script": "q",
  "meta": {
    "n_servers": 5,
    "n_vms": 3,
    "require_all_on": true
  },
  "input": {
    "pi": [
      1.0,
      1.0,
      1.0,
      1.0,
      1.0
    ],
    "pd": [
      1.0,
      1.0,
      1.0,
      1.0,
      1.0
    ],
    "capacities": [
      11,
      11,
      11,
      10,
      10
    ],
    "vm_allocation_limits": [
      9,
      10,
      11
    ],
    "min_cpu_per_vm": 1
  },
  "qp_lp": "\\ This file has been generated by DOcplex\n\\ ENCODING=ISO-8859-1\n\\Problem name: ex120_server\n\nMinimize\n obj: si0 + si1 + si2 + si3 + si4 + [ 2 vj0i0*uj0 + 2 vj0i1*uj0 + 2 vj0i2*uj0\n      + 2 vj0i3*uj0 + 2 vj0i4*uj0 + 2 vj1i0*uj1 + 2 vj1i1*uj1 + 2 vj1i2*uj1\n      + 2 vj1i3*uj1 + 2 vj1i4*uj1 + 2 vj2i0*uj2 + 2 vj2i1*uj2 + 2 vj2i2*uj2\n      + 2 vj2i3*uj2 + 2 vj2i4*uj2 ]/2\nSubject To\n cons_server_load_0: vj0i0 + vj1i0 + vj2i0 >= 10\n cons_server_load_1: vj0i1 + vj1i1 + vj2i1 >= 10\n cons_server_load_2: vj0i2 + vj1i2 + vj2i2 >= 10\n cons_server_load_3: vj0i3 + vj1i3 + vj2i3 >= 9\n cons_server_load_4: vj0i4 + vj1i4 + vj2i4 >= 9\n cons_first3vm_server_0: vj0i0 + vj1i0 + vj2i0 >= 11\n cons_first3vm_server_1: vj0i1 + vj1i1 + vj2i1 >= 11\n cons_first3vm_server_2: vj0i2 + vj1i2 + vj2i2 >= 11\n cons_server_on_0: si0 = 1\n cons_server_on_1: si1 = 1\n cons_server_on_2: si2 = 1\n cons_server_on_3: si3 = 1\n cons_server_on_4: si4 = 1\n cons_vm_alloc_0: vj0i0 + vj0i1 + vj0i2 + vj0i3 + vj0i4 <= 9\n cons_vm_alloc_1: vj1i0 + vj1i1 + vj1i2 + vj1i3 + vj1i4 <= 10\n cons_vm_alloc_2: vj2i0 + vj2i1 + vj2i2 + vj2i3 + vj2i4 <= 11\n cons_min_cpu_vm_0: uj0 >= 1\n cons_min_cpu_vm_1: uj1 >= 1\n cons_min_cpu_vm_2: uj2 >= 1\n\nBounds\n 0 <= si0 <= 1\n 0 <= si1 <= 1\n 0 <= si2 <= 1\n 0 <= si3 <= 1\n 0 <= si4 <= 1\n\nBinaries\n si0 si1 si2 si3 si4\nEnd\n",
  "classic": {
    "objective": 35.327542836682284,
    "status": "INFEASIBLE",
    "x": [
      1.0,
      1.0,
      1.0,
      1.0,
      1.0,
      2.516303072706591,
      2.585248091552221,
      2.6316119222424503,
      1.920618447410969,
      1.9712184660877696,
      2.8740955030828093,
      2.7995316310811487,
      2.7810447943585173,
      2.0997576962541986,
      2.0705703752233253,
      2.984601424210597,
      2.9902202773666295,
      2.9623432833990297,
      2.3546238563348347,
      2.3332111586889073,
      0.631196345189944,
      1.0557477317839374,
      0.7090693732166584
    ],
    "residuals": [
      0.5151709651563433,
      0.48357407769681815,
      0.36241123745052095,
      0.4551710227433193,
      0.18658594834027079,
      0.7874780723565745,
      0.6756002486768365,
      0.9512786597158555,
      0.10469138092880045,
      0.7369135504686446,
      0.8020752273920915,
      0.33494275449308125,
      0.4615994442702839,
      0.3026281454131009,
      0.4143460138629768,
      0.5943621961146465,
      0.3685774434464511,
      0.7933272062543321,
      0.49265371447060097,
      0.24671780109715175,
      0.6393270151473863,
      0.2476424055003926,
      0.08539801148124533,
      0.32342527296225554,
      0.29194664560475553,
      0.06671213239400497,
      0.1784122991663801,
      0.33850099473922335,
      0.1575160851572712,
      0.12135569677080121,
      0.2502494680905481,
      0.09657583298218567,
      0.09165810794992503,
      0.030301722386673915,
      0.017502562618908347,
      0.1761324988200752,
      0.27367928489677146,
      0.10762051137674104,
      0.17740644130348948,
      0.050904961109919156,
      0.17639697025654594,
      0.02968201112504479,
      0.033696313795313175,
      0.1321355527137804,
      0.04311954442589904,
      0.0902121148931942,
      0.04235975826395839,
      0.0255729484338101,
      0.011125105243776731,
      0.021498817898591534,
      0.007611004647392643,
      0.01391027059161633,
      0.043093123802616845,
      0.026922930130655363,
      0.01800916191138145,
      0.02050209152778583,
      0.02724527794191888,
      0.020023289340997067,
      0.0011722114219553667,
      0.01813464701663416,
      0.01820022677223054,
      0.01167180876520433,
      0.006974914739034666,
      0.010730621675201099,
      0.005098709860055946,
      0.0071117926212089805,
      0.010921888453083426,
      0.0034931489564570596,
      0.002103344262369422,
      0.0038943014174520605,
      0.00031951219622312015,
      0.0005488595226925008,
      0.0007115218278233736,
      0.003658254367163402,
      0.0013070854641312754,
      0.001621179317205649,
      0.0008689855760686668,
      0.0019148769945088239,
      0.004737326739489262,
      0.0021883821716692617,
      0.002319511696967403,
      0.001784518154242238,
      0.003103759848405539,
      0.00034807554312691924,
      0.0008896221309757687,
      0.0005503075746306344,
      0.0007324505976383079,
      5.002877217176593e-05,
      5.9604627463129756e-08
    ],
    "duration_seconds": 127.45427399999971
  },
  "quantum": {
    "objective": 38.03980466629635,
    "status": "INFEASIBLE",
    "x": [
      0.0,
      1.0,
      0.0,
      0.0,
      1.0,
      2.5284608723409097,
      2.4706228562586237,
      2.319089654860371,
      2.305293806405003,
      2.0015328101350907,
      2.7517659068685694,
      2.8728049252832566,
      3.0458027242974977,
      2.0954096111482383,
      1.8592168324024383,
      3.094773220790526,
      3.0315722184581184,
      3.01010762084213,
      1.97429658244676,
      2.5142503574624704,
      0.4871676641763834,
      1.0618403079131726,
      1.2455593895663912
    ],
    "residuals": [
      0.015744913515391736,
      0.05076328861500881,
      0.21207694978312316,
      0.12514681867947935,
      0.16628852807229802,
      0.26197318839808076,
      0.1377164428922054,
      0.07575121981097804,
      0.17004956380121292,
      0.08213031949563226,
      0.11968302378729315,
      0.05271705625045465,
      0.13189161361886473,
      0.08649513184912791,
      0.12996138837981464,
      0.13836114551658932,
      0.03725723516139198,
      0.046643694193046,
      0.07482407112992402,
      0.08926427952019798,
      0.045511289979468725,
      0.029312068431689483,
      0.047571912188765754,
      0.03709608943922361,
      0.025361512760476653,
      0.03177724194650346,
      0.03758502766048367,
      0.03345767593580913,
      0.01876232074647196,
      0.040260316766479294,
      0.01196759788504507,
      0.024208910490901556,
      0.030174448860743983,
      0.058704032841463735,
      0.006386850733095076,
      0.018872682108608485,
      0.004919359857994861,
      0.021141024489453982,
      0.007545323938474732,
      0.013826866526924754,
      0.009578018544647125,
      0.007043673145975735,
      0.00676473854284478,
      0.004344436407115647,
      0.007472867424677629,
      0.0028047842358349673,
      0.004774556533077694,
      0.003820601974700354,
      0.002457540165714084,
      0.002257080871434739,
      0.00182048976941583,
      0.005481482502409496,
      0.0043657941107661654,
      0.0010384652399931325,
      0.0012041494500760256,
      0.0013560166597214331,
      0.002380395169224774,
      0.0013940688320084348,
      0.0008203951944810579,
      0.0011261982845679989,
      0.002837071521859126,
      0.00018255495394013075,
      0.0017479230811609744,
      0.00033910623217052384,
      0.000733835376053124,
      0.001807895810152072,
      0.0013227808863470797,
      0.0005140910169300985,
      0.0004879999137037397,
      0.00019625632508208735,
      0.00013910297127688048,
      0.00011688478352195047,
      0.000961206272711035,
      0.00030015442739223647,
      0.00037405436827203263,
      0.00011310184103066927,
      9.671830957162275e-05
    ],
    "duration_seconds": 642.7238770829999
  },
  "combined_image": "q_20260317_204511_risultati.png"
}