{
  "script": "q",
  "meta": {
    "n_servers": 1,
    "n_vms": 5,
    "require_all_on": true
  },
  "input": {
    "pi": [
      1.0
    ],
    "pd": [
      1.0
    ],
    "capacities": [
      11
    ],
    "vm_allocation_limits": [
      8,
      10,
      9,
      12,
      11
    ],
    "min_cpu_per_vm": 1
  },
  "qp_lp": "\\ This file has been generated by DOcplex\n\\ ENCODING=ISO-8859-1\n\\Problem name: ex120_server\n\nMinimize\n obj: si0 + [ 2 vj0i0*uj0 + 2 vj1i0*uj1 + 2 vj2i0*uj2 + 2 vj3i0*uj3\n      + 2 vj4i0*uj4 ]/2\nSubject To\n cons_server_load_0: vj0i0 + vj1i0 + vj2i0 + vj3i0 + vj4i0 >= 10\n cons_first3vm_server_0: vj0i0 + vj1i0 + vj2i0 >= 11\n cons_server_on_0: si0 = 1\n cons_vm_alloc_0: vj0i0 <= 8\n cons_vm_alloc_1: vj1i0 <= 10\n cons_vm_alloc_2: vj2i0 <= 9\n cons_vm_alloc_3: vj3i0 <= 12\n cons_vm_alloc_4: vj4i0 <= 11\n cons_min_cpu_vm_0: uj0 >= 1\n cons_min_cpu_vm_1: uj1 >= 1\n cons_min_cpu_vm_2: uj2 >= 1\n cons_min_cpu_vm_3: uj3 >= 1\n cons_min_cpu_vm_4: uj4 >= 1\n\nBounds\n 0 <= si0 <= 1\n\nBinaries\n si0\nEnd\n",
  "classic": {
    "objective": 11.999777267044522,
    "status": "INFEASIBLE",
    "x": [
      1.0,
      6.351364648464429,
      2.9058144204256298,
      1.742830380709952,
      1.1525865303131214e-06,
      1.0468015246515332e-12,
      0.9999804229985025,
      0.9999769231789105,
      0.9999759371257251,
      1.00000000000007,
      1.000031210246527
    ],
    "residuals": [
      8.061200618136866e-08
    ],
    "duration_seconds": 0.5397032920000129
  },
  "quantum": {
    "objective": 10.999738544705048,
    "status": "INFEASIBLE",
    "x": [
      0.0,
      6.325978702895923,
      2.8908142991500188,
      1.7832104518001415,
      5.798645610855262e-06,
      1.9007066006593007e-15,
      0.9999519873660754,
      1.0000041172645713,
      1.0000118420491038,
      1.0,
      0.9999999999999999
    ],
    "residuals": [
      1.863499370765602e-08
    ],
    "duration_seconds": 1.2051010410000345
  },
  "combined_image": "q_20260317_192018_risultati.png"
}