{
  "script": "q",
  "meta": {
    "n_servers": 6,
    "n_vms": 1,
    "require_all_on": true
  },
  "input": {
    "pi": [
      1.0,
      1.0,
      1.0,
      1.0,
      1.0,
      1.0
    ],
    "pd": [
      1.0,
      1.0,
      1.0,
      1.0,
      1.0,
      1.0
    ],
    "capacities": [
      11,
      11,
      11,
      10,
      10,
      10
    ],
    "vm_allocation_limits": [
      9
    ],
    "min_cpu_per_vm": 1
  },
  "qp_lp": "\\ This file has been generated by DOcplex\n\\ ENCODING=ISO-8859-1\n\\Problem name: ex120_server\n\nMinimize\n obj: si0 + si1 + si2 + si3 + si4 + si5 + [ 2 vj0i0*uj0 + 2 vj0i1*uj0\n      + 2 vj0i2*uj0 + 2 vj0i3*uj0 + 2 vj0i4*uj0 + 2 vj0i5*uj0 ]/2\nSubject To\n cons_server_load_0: vj0i0 >= 10\n cons_server_load_1: vj0i1 >= 10\n cons_server_load_2: vj0i2 >= 10\n cons_server_load_3: vj0i3 >= 9\n cons_server_load_4: vj0i4 >= 9\n cons_server_load_5: vj0i5 >= 9\n cons_first3vm_server_0: vj0i0 >= 11\n cons_first3vm_server_1: vj0i1 >= 11\n cons_first3vm_server_2: vj0i2 >= 11\n cons_server_on_0: si0 = 1\n cons_server_on_1: si1 = 1\n cons_server_on_2: si2 = 1\n cons_server_on_3: si3 = 1\n cons_server_on_4: si4 = 1\n cons_server_on_5: si5 = 1\n cons_vm_alloc_0: vj0i0 + vj0i1 + vj0i2 + vj0i3 + vj0i4 + vj0i5 <= 9\n cons_min_cpu_vm_0: uj0 >= 1\n\nBounds\n 0 <= si0 <= 1\n 0 <= si1 <= 1\n 0 <= si2 <= 1\n 0 <= si3 <= 1\n 0 <= si4 <= 1\n 0 <= si5 <= 1\n\nBinaries\n si0 si1 si2 si3 si4 si5\nEnd\n",
  "classic": {
    "objective": 9.0818534101983,
    "status": "INFEASIBLE",
    "x": [
      1.0,
      1.0,
      1.0,
      1.0,
      1.0,
      1.0,
      3.714285714285714,
      3.714285714285715,
      3.7142857142857144,
      1.7142857142857173,
      1.7142857142857155,
      1.7142857142857166,
      0.1892366129069131
    ],
    "residuals": [
      0.5513013949827991,
      0.7858405791178615,
      0.5129838853641627,
      0.9324932737471077,
      0.3361951515294941,
      0.5914939627798419,
      0.5325290179391544,
      0.03870009985457589,
      0.4172323423207981,
      0.6140846055947451,
      0.40725123462497176,
      0.5839285612727501,
      0.6909571946118733,
      0.542624600951886,
      0.06878877262621237,
      0.4329165325503052,
      0.18360944003728102,
      0.6004664948907501,
      0.46489654630674165,
      0.5874873720002227,
      0.10301328023078506,
      0.36210116350523686,
      0.525914177402357,
      0.37954056772686473,
      0.41283254755151366,
      0.2819366335061359,
      0.21177765706188376,
      0.3355819524009696,
      0.15260920903339184,
      0.11744312231856596,
      0.1929677678810474,
      0.2099467032740854,
      0.0475257439082841,
      0.1330852737611979,
      0.06666693803077062,
      0.125726960068254,
      0.04513085025164022,
      0.11157848160617155,
      0.13128618402531908,
      0.12427321355051227,
      0.06854098480424972,
      0.05477010768827547,
      0.03756870044066005,
      0.00957643324855429,
      0.036997405732503076,
      0.020009201457542376,
      0.05642353912337984,
      0.03060777925011512,
      0.05252545693362902,
      0.024675369600519723,
      0.0386260302852484,
      0.028525098246763306,
      0.028347600199211256,
      0.02734402201511029,
      0.04578432435756812,
      0.018206000501701146,
      0.02873060316910644,
      0.011041651895257552,
      0.035157033883330024,
      0.013301033985853802,
      0.013638071760472284,
      0.014361048214546904,
      0.009077354970149675,
      0.007271481227413468,
      0.007259115214379499,
      0.011012100427818833,
      0.006500486926227283,
      0.009656122108850154,
      0.0056256092763315125,
      0.009759231136560189,
      0.004950056497667238,
      0.004198520575874033,
      0.005166901962224984,
      0.0018933371866544616,
      0.0010323408077696893,
      0.0050279038858509284,
      0.0029329486295387123,
      0.002550395872735613,
      0.0029497089604931925,
      0.001712793450291109,
      0.0007676415090078823,
      0.000913459002442768,
      0.0006367760346895499,
      0.0011447654312911019,
      0.0023695245791429207,
      0.0009096917958893962,
      0.0010150423855815756,
      0.001247269233573591,
      0.00018669714999532575,
      0.0011660597475868027,
      0.0007463254422438764,
      0.0010147683668366263,
      0.000988228566237588,
      0.0004415235773535066,
      6.092339856450435e-05,
      0.00041329478301163446,
      0.00029807042840807057,
      0.0003902145812713899,
      0.0001796292470343923,
      0.0004137567311104258
    ],
    "duration_seconds": 84.6669824999999
  },
  "quantum": {
    "objective": 26.276515623335523,
    "status": "INFEASIBLE",
    "x": [
      1.0,
      1.0,
      0.0,
      0.0,
      1.0,
      1.0,
      3.714285714285714,
      3.714285714285714,
      3.714285714285713,
      1.714285714285714,
      1.7142857142857155,
      1.7142857142857146,
      1.3678562224855146
    ],
    "residuals": [
      0.04378300170611852,
      0.34524703103275595,
      0.25741610732728804,
      0.2216900034100571,
      0.291614333513943,
      0.19469451452979636,
      0.22664015433446372,
      0.16148051401978863,
      0.12484583910095322,
      0.0599824361343063,
      0.22220494778099817,
      0.13967678687631394,
      0.16482743179455936,
      0.1792423231460282,
      0.18351884853045625,
      0.10532310545420621,
      0.1076585182882021,
      0.041337689616995334,
      0.04952103026080262,
      0.11431637575992899,
      0.10365911995805156,
      0.08098063832574565,
      0.0642770182541622,
      0.05125367977333132,
      0.041729768640925084,
      0.04127560952507847,
      0.03692471548046721,
      0.05514189464051963,
      0.013689882441944435,
      0.020617850430426427,
      0.03628754220066775,
      0.03338861153167182,
      0.028023472953535036,
      0.01602939913292598,
      0.020601312653680422,
      0.02607855633704989,
      0.002290769802392076,
      0.013524416197624196,
      0.011263755808515413,
      0.010039972633935343,
      0.009812447078227463,
      0.002404373904335618,
      0.013842621560926444,
      0.005953598767777287,
      0.005678862291225991,
      0.003252142374395771,
      0.002635931546891204,
      0.008346401436714845,
      0.003830045994652009,
      0.003952519392065345,
      0.0033069657179847518,
      0.003485411383113382,
      0.0015700531779657327,
      0.004013319582222276,
      0.0030287820509280953,
      0.0036317733196056996,
      0.001903650416559678,
      0.0006401993945211645,
      0.0008745617529992481,
      0.0007735323629656484,
      0.00012382213867103504,
      0.0005526002277128663,
      0.00016398418430587408,
      0.0008529224545471636,
      0.0011985660000740199,
      0.0008664446792770741,
      0.0007745636239994283,
      0.00035745130666152533,
      0.0001929826415207816,
      0.0001307255602318965,
      0.00020277150541578523,
      0.00028361239773489215,
      0.0007217670535980447,
      0.0007866784009830567,
      0.0005959445818171379,
      8.896634947673945e-05
    ],
    "duration_seconds": 2027.2253642079995
  },
  "combined_image": "q_20260317_214919_risultati.png"
}