{
  "script": "q",
  "meta": {
    "n_servers": 1,
    "n_vms": 3,
    "require_all_on": true
  },
  "input": {
    "pi": [
      1.0
    ],
    "pd": [
      1.0
    ],
    "capacities": [
      11
    ],
    "vm_allocation_limits": [
      10,
      8,
      12
    ],
    "min_cpu_per_vm": 1
  },
  "qp_lp": "\\ This file has been generated by DOcplex\n\\ ENCODING=ISO-8859-1\n\\Problem name: ex120_server\n\nMinimize\n obj: si0 + [ 2 vj0i0*uj0 + 2 vj1i0*uj1 + 2 vj2i0*uj2 ]/2\nSubject To\n cons_server_load_0: vj0i0 + vj1i0 + vj2i0 >= 10\n cons_first3vm_server_0: vj0i0 + vj1i0 + vj2i0 >= 11\n cons_server_on_0: si0 = 1\n cons_vm_alloc_0: vj0i0 <= 10\n cons_vm_alloc_1: vj1i0 <= 8\n cons_vm_alloc_2: vj2i0 <= 12\n cons_min_cpu_vm_0: uj0 >= 1\n cons_min_cpu_vm_1: uj1 >= 1\n cons_min_cpu_vm_2: uj2 >= 1\n\nBounds\n 0 <= si0 <= 1\n\nBinaries\n si0\nEnd\n",
  "classic": {
    "objective": 11.999711270598379,
    "status": "INFEASIBLE",
    "x": [
      1.0,
      6.214412252373139,
      2.3927949453900896,
      2.3927949453900896,
      0.9999774880286133,
      0.999969219781259,
      0.9999676850151931
    ],
    "residuals": [
      2.220446049250313e-16
    ],
    "duration_seconds": 0.29556287500008693
  },
  "quantum": {
    "objective": 10.999778178125702,
    "status": "INFEASIBLE",
    "x": [
      0.0,
      6.216252432452996,
      2.3950612888599605,
      2.3886188518775513,
      0.999985963998981,
      0.999985963998981,
      0.9999859639989808
    ],
    "residuals": [
      2.693714800230768e-17
    ],
    "duration_seconds": 0.9462418330001583
  },
  "combined_image": "q_20260317_192010_risultati.png"
}