{
  "script": "q",
  "meta": {
    "n_servers": 3,
    "n_vms": 4,
    "require_all_on": true
  },
  "input": {
    "pi": [
      1.0,
      1.0,
      1.0
    ],
    "pd": [
      1.0,
      1.0,
      1.0
    ],
    "capacities": [
      11,
      11,
      11
    ],
    "vm_allocation_limits": [
      8,
      12,
      11,
      10
    ],
    "min_cpu_per_vm": 1
  },
  "qp_lp": "\\ This file has been generated by DOcplex\n\\ ENCODING=ISO-8859-1\n\\Problem name: ex120_server\n\nMinimize\n obj: si0 + si1 + si2 + [ 2 vj0i0*uj0 + 2 vj0i1*uj0 + 2 vj0i2*uj0 + 2 vj1i0*uj1\n      + 2 vj1i1*uj1 + 2 vj1i2*uj1 + 2 vj2i0*uj2 + 2 vj2i1*uj2 + 2 vj2i2*uj2\n      + 2 vj3i0*uj3 + 2 vj3i1*uj3 + 2 vj3i2*uj3 ]/2\nSubject To\n cons_server_load_0: vj0i0 + vj1i0 + vj2i0 + vj3i0 >= 10\n cons_server_load_1: vj0i1 + vj1i1 + vj2i1 + vj3i1 >= 10\n cons_server_load_2: vj0i2 + vj1i2 + vj2i2 + vj3i2 >= 10\n cons_first3vm_server_0: vj0i0 + vj1i0 + vj2i0 >= 11\n cons_first3vm_server_1: vj0i1 + vj1i1 + vj2i1 >= 11\n cons_first3vm_server_2: vj0i2 + vj1i2 + vj2i2 >= 11\n cons_server_on_0: si0 = 1\n cons_server_on_1: si1 = 1\n cons_server_on_2: si2 = 1\n cons_vm_alloc_0: vj0i0 + vj0i1 + vj0i2 <= 8\n cons_vm_alloc_1: vj1i0 + vj1i1 + vj1i2 <= 12\n cons_vm_alloc_2: vj2i0 + vj2i1 + vj2i2 <= 11\n cons_vm_alloc_3: vj3i0 + vj3i1 + vj3i2 <= 10\n cons_min_cpu_vm_0: uj0 >= 1\n cons_min_cpu_vm_1: uj1 >= 1\n cons_min_cpu_vm_2: uj2 >= 1\n cons_min_cpu_vm_3: uj3 >= 1\n\nBounds\n 0 <= si0 <= 1\n 0 <= si1 <= 1\n 0 <= si2 <= 1\n\nBinaries\n si0 si1 si2\nEnd\n",
  "classic": {
    "objective": 39.98008574876863,
    "status": "INFEASIBLE",
    "x": [
      1.0,
      1.0,
      1.0,
      -0.18026283248487132,
      2.3679917400717034,
      6.14560442574651,
      5.576263590832165,
      4.255559032629907,
      2.5015107098712583,
      5.270665908319372,
      4.0431158939650516,
      2.0195515310489087,
      0.08255424151778366,
      0.10580876755244789,
      0.20352008115987405,
      1.0733554328581252,
      1.1749230983712955,
      1.1544250617591367,
      1.1770216847849932
    ],
    "residuals": [
      0.30306845430958534,
      0.19978982546691318,
      0.1706228884932526,
      0.4625391498286917,
      0.2917643370348077,
      0.18107955042873708,
      0.3043258872415089,
      0.18916959225445584,
      0.8867101633846116,
      0.40907802709868674,
      0.27728740774354027,
      0.270088993644985,
      0.5857214562064121,
      0.3987284523252869,
      0.24843016120780156,
      0.2268736740942935,
      0.32172004407744914,
      0.5642165522822716,
      0.2718228914459378,
      0.249145707463861,
      0.18211231746275322,
      0.2860664611687668,
      0.04929797150454634,
      0.10322637875798267,
      0.11367154171292003,
      0.08437153983183661,
      0.03130775654785103,
      0.08731206650896796,
      0.08570881357183181,
      0.09360470000309451,
      0.052157454045268684,
      0.03628109088032808,
      0.05674046793017042,
      0.09683261045134414,
      0.026315759727496522,
      0.03215726523355741,
      0.02137692205812953,
      0.04427536321885029,
      0.04167197449010075,
      0.016142397492280868,
      0.02080064974836842,
      0.00470628814038388,
      0.029100847850607802,
      0.011772735237616773,
      0.029151102830801363,
      0.021823053160082533,
      0.011148357937515292,
      0.028592360451236528,
      0.013739553030497488,
      0.007647368984052486,
      0.0036989321874123953,
      0.00250694568970971,
      0.0022284378077172063,
      0.003701165293954996,
      0.005760022198070438,
      0.004593321849910568,
      0.0072310694092261,
      0.00870693083716094,
      0.011201683959357814,
      0.0009769650156136625,
      0.006085566288868049,
      0.0020708017600829564,
      0.0003685950391974776,
      0.001885171205183233,
      0.0009400534821331763,
      0.000354590783540958,
      0.008142534065656636,
      0.0009189934418729422,
      0.00032704953897182463,
      0.00017963438848681072,
      0.00029441051219319324,
      0.0007535342500572542,
      4.341561185943089e-05,
      6.79886242851924e-05,
      7.104980164102666e-05,
      4.981083215048567e-05,
      4.8391883242878316e-05,
      0.00024056649993579852,
      0.0004160107842489863,
      6.261252540931948e-05,
      0.00010344823067793817,
      0.00011086413254147216,
      7.140653013054222e-05,
      9.173022583728689e-05,
      5.777870024529574e-05,
      7.479603899262434e-05,
      0.00011312034907585489,
      0.00011289669314652978,
      4.2725935822763474e-05,
      6.08505109800256e-05,
      5.1700453413198795e-05,
      4.6263601230347884e-05,
      8.733247715734719e-05,
      4.193935310108784e-06,
      5.319483511146031e-05,
      8.245952064911593e-05,
      5.764503432574113e-05,
      8.330635039405519e-05,
      0.00011172552778095366,
      6.774051944504647e-06
    ],
    "duration_seconds": 102.42575808399988
  },
  "quantum": {
    "objective": 34.46905275127673,
    "status": "INFEASIBLE",
    "x": [
      0.0,
      1.0,
      1.0,
      2.9112453565513583,
      3.0470370895691747,
      2.375050887212803,
      4.111578938994278,
      4.345151552207635,
      3.876602842131408,
      3.6438423711210293,
      3.274478024889853,
      4.415012937322452,
      1.0593518748903228,
      1.2256553974680322,
      0.31651079530381343,
      0.8117976075837126,
      0.859123190822939,
      1.1035952765686141,
      0.9997266208324982
    ],
    "residuals": [
      0.16346700248564883,
      0.11146626651293486,
      0.18898730799959826,
      0.1678359657718388,
      0.07731965949101009,
      0.06513752813405155,
      0.03873658910990308,
      0.032054314309358636,
      0.05209989199276953,
      0.0365176719184344,
      0.037396901995935386,
      0.030638551401734136,
      0.024643562159713805,
      0.018534047253085224,
      0.015013525742759866,
      0.043600672775107145,
      0.010919078677237772,
      0.01656141431410615,
      0.003117455817592119,
      0.014824309370922696,
      0.008288755996784433,
      0.011571932911168571,
      0.0034313348607377006,
      0.0022128914444351673,
      0.0027157639120471023,
      0.006819450240230622,
      0.0029326232925487995,
      0.002643296752106265,
      0.008228450618569558,
      0.0021100691300701578,
      0.0020169293151412336,
      0.0014715140318297443,
      0.00153196631406814,
      0.0011972223671134657,
      0.0008875525166646011,
      0.0005362037634993001,
      0.0013417129613077,
      0.0004399777897847331,
      0.0004050851969129779,
      9.512735025540375e-05
    ],
    "duration_seconds": 120.8126505829996
  },
  "combined_image": "q_20260317_193910_risultati.png"
}