{
  "script": "q",
  "meta": {
    "n_servers": 5,
    "n_vms": 4,
    "require_all_on": true
  },
  "input": {
    "pi": [
      1.0,
      1.0,
      1.0,
      1.0,
      1.0
    ],
    "pd": [
      1.0,
      1.0,
      1.0,
      1.0,
      1.0
    ],
    "capacities": [
      11,
      11,
      11,
      10,
      10
    ],
    "vm_allocation_limits": [
      10,
      11,
      12,
      8
    ],
    "min_cpu_per_vm": 1
  },
  "qp_lp": "\\ This file has been generated by DOcplex\n\\ ENCODING=ISO-8859-1\n\\Problem name: ex120_server\n\nMinimize\n obj: si0 + si1 + si2 + si3 + si4 + [ 2 vj0i0*uj0 + 2 vj0i1*uj0 + 2 vj0i2*uj0\n      + 2 vj0i3*uj0 + 2 vj0i4*uj0 + 2 vj1i0*uj1 + 2 vj1i1*uj1 + 2 vj1i2*uj1\n      + 2 vj1i3*uj1 + 2 vj1i4*uj1 + 2 vj2i0*uj2 + 2 vj2i1*uj2 + 2 vj2i2*uj2\n      + 2 vj2i3*uj2 + 2 vj2i4*uj2 + 2 vj3i0*uj3 + 2 vj3i1*uj3 + 2 vj3i2*uj3\n      + 2 vj3i3*uj3 + 2 vj3i4*uj3 ]/2\nSubject To\n cons_server_load_0: vj0i0 + vj1i0 + vj2i0 + vj3i0 >= 10\n cons_server_load_1: vj0i1 + vj1i1 + vj2i1 + vj3i1 >= 10\n cons_server_load_2: vj0i2 + vj1i2 + vj2i2 + vj3i2 >= 10\n cons_server_load_3: vj0i3 + vj1i3 + vj2i3 + vj3i3 >= 9\n cons_server_load_4: vj0i4 + vj1i4 + vj2i4 + vj3i4 >= 9\n cons_first3vm_server_0: vj0i0 + vj1i0 + vj2i0 >= 11\n cons_first3vm_server_1: vj0i1 + vj1i1 + vj2i1 >= 11\n cons_first3vm_server_2: vj0i2 + vj1i2 + vj2i2 >= 11\n cons_server_on_0: si0 = 1\n cons_server_on_1: si1 = 1\n cons_server_on_2: si2 = 1\n cons_server_on_3: si3 = 1\n cons_server_on_4: si4 = 1\n cons_vm_alloc_0: vj0i0 + vj0i1 + vj0i2 + vj0i3 + vj0i4 <= 10\n cons_vm_alloc_1: vj1i0 + vj1i1 + vj1i2 + vj1i3 + vj1i4 <= 11\n cons_vm_alloc_2: vj2i0 + vj2i1 + vj2i2 + vj2i3 + vj2i4 <= 12\n cons_vm_alloc_3: vj3i0 + vj3i1 + vj3i2 + vj3i3 + vj3i4 <= 8\n cons_min_cpu_vm_0: uj0 >= 1\n cons_min_cpu_vm_1: uj1 >= 1\n cons_min_cpu_vm_2: uj2 >= 1\n cons_min_cpu_vm_3: uj3 >= 1\n\nBounds\n 0 <= si0 <= 1\n 0 <= si1 <= 1\n 0 <= si2 <= 1\n 0 <= si3 <= 1\n 0 <= si4 <= 1\n\nBinaries\n si0 si1 si2 si3 si4\nEnd\n",
  "classic": {
    "objective": 302.6568289233775,
    "status": "INFEASIBLE",
    "x": [
      1.0,
      1.0,
      1.0,
      1.0,
      1.0,
      3.1707229055520414,
      3.1371880410381605,
      3.1263712004784274,
      2.2299703395509836,
      -0.8309191532862772,
      3.3532238228380247,
      3.4195812366192824,
      3.4196158187069647,
      2.471365106893202,
      -0.8304526517241441,
      3.6427199382765982,
      3.609897389009228,
      3.6206796474812744,
      2.7539350794661406,
      -0.7938987208999082,
      -0.8333333333333328,
      -0.8333333333333327,
      -0.8333333333333328,
      0.711396140756338,
      10.621937192576995,
      6.461296576359469,
      6.468688142378587,
      7.340661059256815,
      6.442432762363108
    ],
    "residuals": [
      0.6967322564613659,
      0.6437295730985676,
      0.8137365966152041,
      1.1553482516678875,
      1.2247438422627617,
      0.47837553267336685,
      1.0763225071403122,
      1.2712459602035235,
      0.3917434333131623,
      0.4734915324414789,
      0.8837138573140256,
      0.43869612720074547,
      0.1314748008212072,
      0.4773240786799291,
      0.9429301149418805,
      0.7628039506674644,
      0.3358582105991083,
      1.1991810389748803,
      0.8672979053801497,
      0.27388224468164635,
      0.33645003738401397,
      0.5822315095265369,
      0.5122778065758014,
      0.5485103565346183,
      0.46833626579653664,
      0.12796931837161812,
      0.18113434331544556,
      0.4793486481567408,
      0.2327479517780743,
      0.13634379110738404,
      0.403692275957264,
      0.20009712643114982,
      0.09604587962137587,
      0.19141404326602568,
      0.15346021761401418,
      0.1531310952691213,
      0.23036655890667876,
      0.09948910891402521,
      0.054652725060905405,
      0.021307884105362544,
      0.04733407158140663,
      0.0239142892255672,
      0.01911847951768651,
      0.012458055166401874,
      0.024470936791246078,
      0.02755254636101456,
      0.03673276293491496,
      0.007495449066966191,
      0.03642049902867442,
      0.007826444714334475,
      0.008257054359774309,
      0.0076093736229651664,
      0.003965519214017232,
      0.007442174278543217,
      0.006746318520129956,
      0.006480317824382542,
      0.009458990029348758,
      0.0032711425922954647,
      0.0019254055031001675,
      0.0024794620726496294,
      0.0016681588323038607,
      0.008076911310728626,
      0.003921496458774575,
      0.0011799269499169994,
      0.00045823747167643083,
      0.0008582582942174656,
      0.0011659724471553494,
      0.0013849797497439054,
      0.0004207487980994652,
      0.0002014620256955286,
      0.0002182824035413112,
      0.0001448032054808125,
      0.00013280538414486712,
      0.00019281603963080523,
      0.0001527448987833112,
      0.00014575738007305638,
      0.00010993676921305954,
      0.0001225184409189299,
      0.00011541236204227917,
      0.00011351550449749364,
      7.6778866684916e-05,
      0.00035779607335559803,
      0.0002511815545792111,
      0.0005853553311824737,
      0.00020496185514453313,
      0.00040485644058190526,
      0.0002004293420608662,
      0.0001267162911921945,
      3.523756390048681e-05,
      0.00013226185509705512,
      0.000122327139974894,
      0.0001172693328670702,
      0.00017480473324486554,
      0.00010042870491246874,
      8.900638016342592e-05,
      7.278686735348651e-05,
      0.00010105912319097918,
      9.523566140582847e-05,
      0.00014076503053158987,
      0.0001184775729725858
    ],
    "duration_seconds": 209.63686320799934
  },
  "quantum": {
    "objective": 45.64101178343335,
    "status": "INFEASIBLE",
    "x": [
      0.0,
      0.0,
      0.0,
      0.0,
      0.0,
      3.1388888888892525,
      3.138888888888764,
      3.1388888888890034,
      2.2499932327067897,
      -0.8333265660404754,
      3.3888888888888293,
      3.388888888889497,
      3.388888888888438,
      2.499993232707048,
      -0.8333265660404838,
      3.6388888888885833,
      3.638888888888409,
      3.638888888889228,
      2.749993232707596,
      -0.833326566040476,
      -0.8333333333333335,
      -0.8333333333333336,
      -0.8333333333333335,
      0.6666869685452345,
      10.666646364788104,
      1.098905239746739,
      1.0989052397466015,
      0.9277293837473493,
      0.9992414254058016
    ],