{
  "script": "q",
  "meta": {
    "n_servers": 2,
    "n_vms": 1,
    "require_all_on": true
  },
  "input": {
    "pi": [
      1.0,
      1.0
    ],
    "pd": [
      1.0,
      1.0
    ],
    "capacities": [
      11,
      11
    ],
    "vm_allocation_limits": [
      11
    ],
    "min_cpu_per_vm": 1
  },
  "qp_lp": "\\ This file has been generated by DOcplex\n\\ ENCODING=ISO-8859-1\n\\Problem name: ex120_server\n\nMinimize\n obj: si0 + si1 + [ 2 vj0i0*uj0 + 2 vj0i1*uj0 ]/2\nSubject To\n cons_server_load_0: vj0i0 >= 10\n cons_server_load_1: vj0i1 >= 10\n cons_first3vm_server_0: vj0i0 >= 11\n cons_first3vm_server_1: vj0i1 >= 11\n cons_server_on_0: si0 = 1\n cons_server_on_1: si1 = 1\n cons_vm_alloc_0: vj0i0 + vj0i1 <= 11\n cons_min_cpu_vm_0: uj0 >= 1\n\nBounds\n 0 <= si0 <= 1\n 0 <= si1 <= 1\n\nBinaries\n si0 si1\nEnd\n",
  "classic": {
    "objective": 34.64202656620917,
    "status": "INFEASIBLE",
    "x": [
      1.0,
      1.0,
      7.333333333333333,
      7.333333333333334,
      2.2255927204233523
    ],
    "residuals": [
      0.0008383497080531062,
      0.24697323983318906,
      0.21388969922813897,
      0.7660233875914856,
      0.5605231449519691,
      0.12363564430201193,
      0.17170731447946874,
      0.08788259125625925,
      0.0314833134380756,
      0.03059457025571019,
      0.019178200620448393,
      0.013551150650460758,
      0.008771378932164129,
      0.041835763915010996,
      0.25270985557141384,
      0.16423387971516681,
      0.22122638489139473,
      0.16650097614018036,
      0.045346925314608794,
      0.20387928869792377,
      0.23876794513132407,
      0.09199955601831164,
      0.03251617990948703,
      0.39895284431552175,
      0.2787369572411579,
      0.033548785277196125,
      0.011064010792048449,
      0.003988943753094559,
      0.004640291736594792,
      0.06881946965642637,
      0.026129908663592594,
      0.013794025083147542,
      0.007893136591033191,
      0.005666342788415317,
      0.004795517739479628,
      0.008482842456278405,
      0.08576148380239006,
      0.0187591988694497,
      0.013959553919378455,
      0.12004460985678303,
      0.03334273749869834,
      0.005848021602000303,
      0.042804645053761865,
      0.029413036846840147,
      0.006158234102929855,
      0.012562053890072318,
      0.03346868792855505,
      0.01889991165739175,
      0.0031999738439231124,
      0.0026641835572301614,
      0.001973826816929887,
      0.0014540946033675109,
      0.001149399026700226,
      0.0007875073757646928,
      0.0006633693352707321,
      0.0009162645431523265,
      0.000395744911034496,
      0.00027174137686178113,
      0.0003503388017223395,
      0.0005319675328196493,
      0.00016615132914917814,
      0.00011783255649808894,
      0.00014671397739816149,
      9.132007296568147e-05,
      2.3979424429708032e-05,
      9.141422075680876e-05,
      4.857261556762654e-05,
      4.2635826643043785e-05,
      2.072788803118865e-05,
      5.98329731184682e-05,
      8.592020697673788e-05,
      9.485026442799549e-06,
      0.00010403494419971183,
      0.0001639383527620651,
      1.6075395264049228e-05,
      8.65317435656186e-05,
      6.983829894377019e-05,
      7.70729419462881e-05,
      8.93116424734083e-06,
      4.456381109162327e-05,
      5.848849539180541e-05,
      3.585652437185856e-05,
      5.836420830194082e-05,
      9.008410745812279e-05,
      1.723029065768237e-05,
      3.4891472762677064e-05,
      1.2653635609609921e-05,
      4.610258360202409e-05,
      4.1898884837382764e-05,
      6.90497382813412e-05,
      4.293938503636053e-05,
      7.118552845878627e-05,
      6.83637608686065e-05,
      4.419680598105307e-05,
      8.386938145406407e-05,
      2.0417038063514866e-05,
      9.116124596644113e-05,
      2.0678440703753243e-05,
      2.6884847235348093e-05,
      4.327207795763997e-05
    ],
    "duration_seconds": 23.838677040999983
  },
  "quantum": {
    "objective": 17.994764238677405,
    "status": "INFEASIBLE",
    "x": [
      1.0,
      0.0,
      7.333333333333332,
      7.333333333333332,
      1.1587339253643687
    ],
    "residuals": [
      0.11027374769585437,
      0.048644489281851395,
      0.021053012696764767,
      0.00998400823419933,
      0.14307062582877783,
      0.05415975624196967,
      0.13127312767762248,
      0.04256049103946058,
      0.012639231820116534,
      0.5540772635280277,
      0.14891982697495196,
      0.10982412821848775,
      0.057191684178464985,
      0.04137366253261442,
      0.03574136887564991,
      0.010839355973307005,
      0.018666434140316653,
      0.28829926006153356,
      0.04387282222382067,
      0.0689266365130207,
      0.1184297651691218,
      0.029883421867874745,
      0.02404057359081053,
      0.05688396962148413,
      0.00865166287028124,
      0.27269492084514957,
      0.008154423658285564,
      0.004461480783971078,
      0.00267186247804074,
      0.027940868139945556,
      0.026098204677066545,
      0.008400488586848096,
      0.0038921725017756104,
      0.0018655766730772878,
      0.0013150502292791704,
      0.0019533713389189235,
      0.013189346267764463,
      0.0003721259484397695,
      0.0003086087361923552,
      0.0001313864362966997,
      0.00020593219577503185,
      0.00021598498808811584,
      0.0013097180382413676,
      0.01704089362690383,
      0.004282422057432147,
      0.00021419085697437344,
      0.0020344225071773324,
      0.0002649624367813465,
      0.000234585703867079,
      5.928081042214293e-05
    ],
    "duration_seconds": 88.45636887499995
  },
  "combined_image": "q_20260317_192217_risultati.png"
}