{
  "script": "q",
  "meta": {
    "n_servers": 3,
    "n_vms": 2,
    "require_all_on": true
  },
  "input": {
    "pi": [
      1.0,
      1.0,
      1.0
    ],
    "pd": [
      1.0,
      1.0,
      1.0
    ],
    "capacities": [
      11,
      11,
      11
    ],
    "vm_allocation_limits": [
      9,
      11
    ],
    "min_cpu_per_vm": 1
  },
  "qp_lp": "\\ This file has been generated by DOcplex\n\\ ENCODING=ISO-8859-1\n\\Problem name: ex120_server\n\nMinimize\n obj: si0 + si1 + si2 + [ 2 vj0i0*uj0 + 2 vj0i1*uj0 + 2 vj0i2*uj0 + 2 vj1i0*uj1\n      + 2 vj1i1*uj1 + 2 vj1i2*uj1 ]/2\nSubject To\n cons_server_load_0: vj0i0 + vj1i0 >= 10\n cons_server_load_1: vj0i1 + vj1i1 >= 10\n cons_server_load_2: vj0i2 + vj1i2 >= 10\n cons_first3vm_server_0: vj0i0 + vj1i0 >= 11\n cons_first3vm_server_1: vj0i1 + vj1i1 >= 11\n cons_first3vm_server_2: vj0i2 + vj1i2 >= 11\n cons_server_on_0: si0 = 1\n cons_server_on_1: si1 = 1\n cons_server_on_2: si2 = 1\n cons_vm_alloc_0: vj0i0 + vj0i1 + vj0i2 <= 9\n cons_vm_alloc_1: vj1i0 + vj1i1 + vj1i2 <= 11\n cons_min_cpu_vm_0: uj0 >= 1\n cons_min_cpu_vm_1: uj1 >= 1\n\nBounds\n 0 <= si0 <= 1\n 0 <= si1 <= 1\n 0 <= si2 <= 1\n\nBinaries\n si0 si1 si2\nEnd\n",
  "classic": {
    "objective": 27.017672585884824,
    "status": "INFEASIBLE",
    "x": [
      1.0,
      1.0,
      1.0,
      4.348973653319722,
      3.74590123860805,
      3.5051251080722285,
      4.0510263466802785,
      4.65409876139195,
      4.894874891927772,
      0.9565894669024986,
      0.9500907918982237
    ],
    "residuals": [
      0.10590517719719039,
      0.15656377225429322,
      0.17192715381930324,
      0.08222860659542348,
      0.08604108985281629,
      0.10889457846744684,
      0.025284675844929928,
      0.28724865126513677,
      0.18872677995920645,
      0.11145036646834924,
      0.09747435425857742,
      0.022051630348441376,
      0.2657923254959456,
      0.169322408897162,
      0.12583054819531223,
      0.07307435620288569,
      0.3002392056803904,
      0.1916786467231829,
      0.16956745127680642,
      0.2151231002998821,
      0.05748436715952588,
      0.021249848684497002,
      0.016537344446382378,
      0.15578110291065336,
      0.07313084498386956,
      0.03382095180622027,
      0.09830669350595402,
      0.047811483966363894,
      0.023939320246482886,
      0.03665783526352699,
      0.03352401997843295,
      0.017599708967096186,
      0.006423787451547221,
      0.009524860820491032,
      0.003782294206429198,
      0.001879191343772412,
      0.0031004617843431903,
      0.04178471188397299,
      0.040897491619717175,
      0.005024817279934232,
      0.0009174144919083265,
      0.007434066036514224,
      0.0033100302165509393,
      0.026477166060697544,
      0.058597644926586666,
      0.007798111841605352,
      0.009379595253319937,
      0.030050785074536117,
      0.028394834787101062,
      0.0018179712672171991,
      0.0497363138713083,
      0.00889582635379462,
      0.012847540598523548,
      0.0077749446089016945,
      0.0034319839224355967,
      0.004241905799180304,
      0.006090861948001627,
      0.008668468524563136,
      0.00014336091588238798,
      0.0017146614162621347,
      0.0047704838851090085,
      0.003499128064471538,
      0.0005934876492116693,
      0.0006402837068530339,
      0.004436175984223435,
      0.0018735956652842693,
      0.0018063394266598894,
      0.00015667198170951014,
      0.0009471666169403203,
      0.001939281152488539,
      0.006642514365317553,
      0.002814816512576399,
      0.0009060363599029078,
      0.002772676969698343,
      0.0012998523947127408,
      0.0004127512575027103,
      0.006575911454862737,
      0.0019005886029203434,
      0.0009583974451783261,
      0.0011419996561464391,
      0.0009817366174518808,
      0.0009689313458017486,
      0.0018069109487497779,
      0.0040091409226170474,
      0.0010133606189472015,
      0.0011662006899944965,
      0.00047761752497850533,
      0.0006730565247399202,
      0.0009996890532133808,
      0.0010022828405362582,
      0.00041173352013639073,
      0.0004554467768030166,
      0.00016416356060520334,
      0.0005344425513624559,
      0.00023163501606023146,
      0.00041791193815970306,
      0.00018283319313277697,
      0.0003299520813709685,
      0.00030639687202460277,
      0.00013536998185139897
    ],
    "duration_seconds": 55.132707208000056
  },
  "quantum": {
    "objective": 12.08157802927146,
    "status": "INFEASIBLE",
    "x": [
      1.0,
      0.0,
      0.0,
      4.142159795776376,
      3.711091639300114,
      3.74674856492351,
      4.2578402042236245,
      4.688908360699886,
      4.653251435076491,
      0.45195842133325576,
      0.4293279663092421
    ],
    "residuals": [
      0.08629767735706101,
      0.06725523766758609,
      0.10580127159661942,
      0.032672826674801286,
      0.026243496684425705,
      0.02729291034070846,
      0.01828378944736863,
      0.006691334998702195,
      0.04569484970366161,
      0.05285332574447045,
      0.045835943805850404,
      0.0750298484661595,
      0.02945888335861885,
      0.0743115738302945,
      0.03848859439094567,
      0.007265592224842306,
      0.0188636051212126,
      0.0063888569400726855,
      0.006060511054543507,
      0.03935157727831619,
      0.0040562127430841186,
      0.012938752199143732,
      0.01250642871301235,
      0.003380243521556587,
      0.0005189071839314319,
      0.001545156337027425,
      0.037615980198332226,
      0.00998858460488347,
      0.011851474868475367,
      0.020093345989294218,
      0.018867254101406092,
      0.0022231622190456582,
      0.002870228561249101,
      0.0010897867519217232,
      0.00037231992142093605,
      0.0031073542234912903,
      0.00037739292581540486,
      0.002111890343686448,
      0.001692970515112961,
      0.005311473534548318,
      0.0010831855391231096,
      0.0014239199555436232,
      0.009898625954559797,
      0.0010388568521455662,
      0.0007763042130474267,
      0.0051830112118950175,
      0.00010558795780301982,
      0.005532647729053881,
      0.0037773274094129775,
      5.727944554591513e-05
    ],
    "duration_seconds": 133.75475600000004
  },
  "combined_image": "q_20260317_193138_risultati.png"
}