{
  "script": "q",
  "meta": {
    "n_servers": 4,
    "n_vms": 6,
    "require_all_on": true
  },
  "input": {
    "pi": [
      1.0,
      1.0,
      1.0,
      1.0
    ],
    "pd": [
      1.0,
      1.0,
      1.0,
      1.0
    ],
    "capacities": [
      11,
      11,
      11,
      10
    ],
    "vm_allocation_limits": [
      10,
      9,
      12,
      11,
      8,
      10
    ],
    "min_cpu_per_vm": 1
  },
  "qp_lp": "\\ This file has been generated by DOcplex\n\\ ENCODING=ISO-8859-1\n\\Problem name: ex120_server\n\nMinimize\n obj: si0 + si1 + si2 + si3 + [ 2 vj0i0*uj0 + 2 vj0i1*uj0 + 2 vj0i2*uj0\n      + 2 vj0i3*uj0 + 2 vj1i0*uj1 + 2 vj1i1*uj1 + 2 vj1i2*uj1 + 2 vj1i3*uj1\n      + 2 vj2i0*uj2 + 2 vj2i1*uj2 + 2 vj2i2*uj2 + 2 vj2i3*uj2 + 2 vj3i0*uj3\n      + 2 vj3i1*uj3 + 2 vj3i2*uj3 + 2 vj3i3*uj3 + 2 vj4i0*uj4 + 2 vj4i1*uj4\n      + 2 vj4i2*uj4 + 2 vj4i3*uj4 + 2 vj5i0*uj5 + 2 vj5i1*uj5 + 2 vj5i2*uj5\n      + 2 vj5i3*uj5 ]/2\nSubject To\n cons_server_load_0: vj0i0 + vj1i0 + vj2i0 + vj3i0 + vj4i0 + vj5i0 >= 10\n cons_server_load_1: vj0i1 + vj1i1 + vj2i1 + vj3i1 + vj4i1 + vj5i1 >= 10\n cons_server_load_2: vj0i2 + vj1i2 + vj2i2 + vj3i2 + vj4i2 + vj5i2 >= 10\n cons_server_load_3: vj0i3 + vj1i3 + vj2i3 + vj3i3 + vj4i3 + vj5i3 >= 9\n cons_first3vm_server_0: vj0i0 + vj1i0 + vj2i0 >= 11\n cons_first3vm_server_1: vj0i1 + vj1i1 + vj2i1 >= 11\n cons_first3vm_server_2: vj0i2 + vj1i2 + vj2i2 >= 11\n cons_server_on_0: si0 = 1\n cons_server_on_1: si1 = 1\n cons_server_on_2: si2 = 1\n cons_server_on_3: si3 = 1\n cons_vm_alloc_0: vj0i0 + vj0i1 + vj0i2 + vj0i3 <= 10\n cons_vm_alloc_1: vj1i0 + vj1i1 + vj1i2 + vj1i3 <= 9\n cons_vm_alloc_2: vj2i0 + vj2i1 + vj2i2 + vj2i3 <= 12\n cons_vm_alloc_3: vj3i0 + vj3i1 + vj3i2 + vj3i3 <= 11\n cons_vm_alloc_4: vj4i0 + vj4i1 + vj4i2 + vj4i3 <= 8\n cons_vm_alloc_5: vj5i0 + vj5i1 + vj5i2 + vj5i3 <= 10\n cons_min_cpu_vm_0: uj0 >= 1\n cons_min_cpu_vm_1: uj1 >= 1\n cons_min_cpu_vm_2: uj2 >= 1\n cons_min_cpu_vm_3: uj3 >= 1\n cons_min_cpu_vm_4: uj4 >= 1\n cons_min_cpu_vm_5: uj5 >= 1\n\nBounds\n 0 <= si0 <= 1\n 0 <= si1 <= 1\n 0 <= si2 <= 1\n 0 <= si3 <= 1\n\nBinaries\n si0 si1 si2 si3\nEnd\n",
  "classic": {
    "objective": 35.56701990058978,
    "status": "INFEASIBLE",
    "x": [
      1.0,
      1.0,
      1.0,
      1.0,
      3.423051741145429,
      3.4979031139838117,
      3.523489589315205,
      -0.22222222222221918,
      3.161058596453362,
      3.212345984269766,
      3.07103986372132,
      -0.22222222222221932,
      4.19366744017899,
      4.067528679524211,
      4.183248324741254,
      -0.22222222222221913,
      -0.19714181665702035,
      -0.22222222222221924,
      -0.21039030528603508,
      3.2280056059922098,
      -0.22222222222221938,
      -0.21899212959494863,
      -0.2103576859879398,
      3.1972704416786963,
      -0.2222222222222192,
      -0.19911476080527613,
      -0.20046824731286253,
      3.198419740869739,
      0.7893408391425683,
      0.8162844250530185,
      0.7777777777777811,
      0.8122500192883032,
      0.9229726823159716,
      0.7777777777777815
    ],
    "residuals": [
      0.2858605930185267,
      0.29845177848991666,
      0.01635727485433326,
      0.31828357037117344,
      0.26406405117032067,
      0.15953398530877647,
      0.5894472592884219,
      0.31222467654797775,
      0.23954999044425457,
      0.23010111482501186,
      0.18561756787732805,
      0.12039190604634506,
      0.1966700671486433,
      0.20081708070923035,
      0.15198678311735533,
      0.03251502309836675,
      0.0336702200414438,
      0.004700721703610654,
      0.15201767221176032,
      0.13743259107762526,
      0.1486711394866234,
      0.2260088018945286,
      0.0886411392328535,
      0.14562883613451583,
      0.03340852851237407,
      0.12341095558893538,
      0.1452675493944757,
      0.05594550258207177,
      0.045743173032297996,
      0.10856128395364174,
      0.06105805193458518,
      0.03978806532183746,
      0.04753174324835279,
      0.10128858021615274,
      0.019464155108645315,
      0.034351720462928434,
      0.023395114813848067,
      0.03526690765598357,
      0.01007390788161435,
      0.031151494698344714,
      0.016926889044583202,
      0.005626353736645417,
      0.014073994137837761,
      0.010854366385684293,
      0.013763836972589451,
      0.0017681486849331425,
      0.022023802198302724,
      0.029308639350189222,
      0.0022534176796271226,
      0.010324567105478244,
      0.008830846640124275,
      0.002474218027957676,
      0.005964908970722124,
      0.001380448991236806,
      0.0093869999443519,
      0.0057547123900493265,
      0.003141444209636691,
      0.000499524310957166,
      0.00045213387565720735,
      0.0024570608229532885,
      0.0003118868139689382,
      0.00021550533261507538,
      0.00047549137768615994,
      0.0003924981051892103,
      0.0001647119621813065,
      9.894324744895006e-05,
      0.00025014099948608953,
      8.717949957378655e-05,
      0.0001390621588077325,
      0.00012242387713826272,
      0.00014490353500052909,
      9.240959068201535e-05,
      9.564929700280297e-05,
      0.00011741570164353658,
      5.502525033398207e-05,
      0.00018570435060300723,
      0.00017878871147015363,
      0.00014887266534885314,
      5.540185876376571e-05,
      6.123668911643067e-05,
      8.208775910998265e-05,
      6.216518269262634e-05,
      8.671805212273348e-05,
      9.27958696879195e-05,
      9.970105404837275e-05,
      0.00011145290753959927,
      4.570983748647406e-05,
      6.483131025166621e-05,
      7.826365584981417e-05,
      6.719192701809312e-05,
      8.474532621815026e-05,
      7.535275433163209e-05,
      7.426656239545374e-05,
      7.796048186590527e-05,
      4.5196545480370894e-05,
      6.413049150983553e-05,
      5.67170951369549e-05,
      0.00024096615877788717,
      0.00017237371166131018,
      8.125745223384365e-05
    ],
    "duration_seconds": 255.91867816700005
  },
  "quantum": {
    "objective": 34.36637497861305,
    "status": "INFEASIBLE",
    "x": [
      0.0,
      0.0,
      0.0,
      0.0,
      3.4092313334542004,
      3.4142478374795178,
      3.6209652735107256,
      -0.22222222222222107,
      3.090820886815683,
      3.0806906411223887,
      3.272932916506372,
      -0.22222222222222107,
      4.277725557507894,
      4.282839299175872,
      3.883879587760681,
      -0.2222222222222211,
      0.009427150049048897,
      0.033686627728129796,
      0.032714202600576475,
      3.196944392420362,
      0.046904027610840976,
      0.05874577650416614,
      0.04978765399737792,
      3.20508311594072,
      0.04722237942395873,
      0.04623333002642532,
      0.05202051495745527,
      3.190118170722136,
      0.8468870686409277,
      0.8267571201236255,
      0.8088116299779337,
      0.8149861673118243,
      0.8288054500700415,
      0.823484961876184
    ],