{
  "script": "q",
  "meta": {
    "n_servers": 2,
    "n_vms": 2,
    "require_all_on": true
  },
  "input": {
    "pi": [
      1.0,
      1.0
    ],
    "pd": [
      1.0,
      1.0
    ],
    "capacities": [
      11,
      11
    ],
    "vm_allocation_limits": [
      8,
      11
    ],
    "min_cpu_per_vm": 1
  },
  "qp_lp": "\\ This file has been generated by DOcplex\n\\ ENCODING=ISO-8859-1\n\\Problem name: ex120_server\n\nMinimize\n obj: si0 + si1 + [ 2 vj0i0*uj0 + 2 vj0i1*uj0 + 2 vj1i0*uj1 + 2 vj1i1*uj1 ]/2\nSubject To\n cons_server_load_0: vj0i0 + vj1i0 >= 10\n cons_server_load_1: vj0i1 + vj1i1 >= 10\n cons_first3vm_server_0: vj0i0 + vj1i0 >= 11\n cons_first3vm_server_1: vj0i1 + vj1i1 >= 11\n cons_server_on_0: si0 = 1\n cons_server_on_1: si1 = 1\n cons_vm_alloc_0: vj0i0 + vj0i1 <= 8\n cons_vm_alloc_1: vj1i0 + vj1i1 <= 11\n cons_min_cpu_vm_0: uj0 >= 1\n cons_min_cpu_vm_1: uj1 >= 1\n\nBounds\n 0 <= si0 <= 1\n 0 <= si1 <= 1\n\nBinaries\n si0 si1\nEnd\n",
  "classic": {
    "objective": 26.053994860416886,
    "status": "INFEASIBLE",
    "x": [
      1.0,
      1.0,
      6.573602354716389,
      2.176397645283611,
      3.6763976452836125,
      8.07360235471639,
      1.0797220238904173,
      1.2431001830958068
    ],
    "residuals": [
      0.08990720561783022,
      0.23359732456298576,
      0.16921760104703848,
      0.16881173447103942,
      0.12723675094608186,
      0.013226555726757298,
      0.07334748425561158,
      0.04017335617653305,
      0.06274232498748765,
      0.02170852331857667,
      0.04156038855115424,
      0.06292502951471059,
      0.12632390131289162,
      0.09675019773367068,
      0.08740072908757407,
      0.07433044565250252,
      0.09756751200875803,
      0.046747793588238766,
      0.23636987423169428,
      0.12636613171434077,
      0.02930584038565217,
      0.008680472042272793,
      0.019626781170475643,
      0.005589361810730964,
      0.022199533428848593,
      0.037732362266808574,
      0.015392830269222854,
      0.13030219150870256,
      0.033740007978732126,
      0.02674493070891958,
      0.09472732955334226,
      0.02297011717753699,
      0.016365084742299116,
      0.01661872081267634,
      0.06900859825286952,
      0.10701982480972981,
      0.03361303762845447,
      0.016481769642009498,
      0.007309845596833965,
      0.0084026602493699,
      0.015094640771928697,
      0.00801472683136806,
      0.003931444448714243,
      0.017378352660245944,
      0.0013848047344856423,
      0.00833971279574137,
      0.0003609324085665098,
      0.0009568933123913361,
      0.000654955954852924,
      0.022374806023195717,
      0.0027901577808559608,
      0.0010383432304262995,
      0.015951726937573907,
      0.008465128290850894,
      0.0004929540232122027,
      0.013812764401823907,
      0.03864695220607028,
      0.0011187381852967204,
      0.0003435158294644349,
      0.0008046821854389178,
      0.012761696832136772,
      0.0036970842844884664,
      0.00032409877927814834,
      0.0002307095706337819,
      0.0002556449289098328,
      0.0020316303162618626,
      0.0026494447765429098,
      0.0027018692707180534,
      0.0017353010280459849,
      0.0037907551649876566,
      0.000138539827804531,
      0.0009131015582557911,
      0.00011864281895554015,
      0.00015201399306334222,
      5.946992774873557e-05,
      5.27214928099746e-05,
      2.5310002253832852e-05,
      0.0005709171420982523,
      5.814806429032504e-05,
      4.9912139254456984e-05,
      0.0007254841226241773,
      6.081834861673414e-05,
      0.0004061428544509499,
      7.293558109692867e-05,
      5.983392847059748e-05,
      7.297466245150238e-05,
      4.5646806487352334e-05,
      4.761837676114138e-05,
      1.2240655351445345e-05,
      2.047345344184374e-05,
      8.189139253034633e-05,
      0.00016799803404158228,
      2.3002555287496185e-05,
      1.4010102505709048e-05,
      5.191045142146377e-05,
      2.165785098990982e-05,
      4.673390278536448e-05,
      8.368024417699942e-05,
      7.10032477049757e-05,
      3.732858621540829e-05
    ],
    "duration_seconds": 46.28788075000011
  },
  "quantum": {
    "objective": 18.227280814601826,
    "status": "INFEASIBLE",
    "x": [
      0.0,
      1.0,
      4.226563760166791,
      4.52343623983321,
      6.023436239833206,
      5.7265637601667905,
      0.9381293607869847,
      0.7675445878906986
    ],
    "residuals": [
      0.05007334482973404,
      0.03256909114259385,
      0.20420854413407605,
      0.12685455162330392,
      0.06684366048942997,
      0.045885816131132476,
      0.043762887912639006,
      0.018496783056558948,
      0.010703526206029554,
      0.03968557712156434,
      0.12403984919050605,
      0.038131740589764276,
      0.1428324572007553,
      0.09299538764333806,
      0.03666453571015702,
      0.15124064992767222,
      0.02289470730534939,
      0.028992049854533936,
      0.011457114253411574,
      0.015039384081378166,
      0.012227930399058142,
      0.04817860077264047,
      0.018390556971108737,
      0.030858205885531786,
      0.010250778599810615,
      0.006836933016966328,
      0.003029065958521436,
      0.015098080175367545,
      0.0047643934358173184,
      0.0014445338180782042,
      0.001865015717471271,
      0.006032016233153755,
      0.011062471651547053,
      0.0017013797083510094,
      0.0017945491103786022,
      0.001354260170658077,
      0.00583016214635794,
      0.0006974489316984505,
      0.00034193164340775824,
      0.0004583002052866819,
      0.0004676590851343551,
      0.0004930799120514428,
      0.0003927513414127181,
      0.000380355717355004,
      0.00030291162938316744,
      0.0005961439388758723,
      0.00022585303621491294,
      6.482913770001347e-05
    ],
    "duration_seconds": 90.19698575000007
  },
  "combined_image": "q_20260317_192439_risultati.png"
}