{
  "script": "qiskit120_fixed",
  "input": {
    "pi": [
      1,
      1,
      1,
      1,
      1
    ],
    "pd": [
      1,
      1,
      1,
      1,
      1
    ],
    "capacities": [
      11,
      11,
      11,
      10,
      10
    ],
    "vm_allocation_limits": {
      "vj0_total": 12,
      "vj1_total": 11,
      "vj2_total": 10,
      "vj3_total": 10,
      "vj4_total": 10
    }
  },
  "qp_lp": "\\ This file has been generated by DOcplex\n\\ ENCODING=ISO-8859-1\n\\Problem name: ex120_server\n\nMinimize\n obj: si0 + si1 + si2 + si3 + si4 + [ 2 vj0i0*uj0 + 2 vj1i0*uj1 + 2 vj2i0*uj2\n      + 2 vj3i0*uj3 + 2 vj4i0*uj4 + 2 vj0i1*uj0 + 2 vj1i1*uj1 + 2 vj2i1*uj2\n      + 2 vj3i1*uj3 + 2 vj4i1*uj4 + 2 vj0i2*uj0 + 2 vj1i2*uj1 + 2 vj2i2*uj2\n      + 2 vj3i2*uj3 + 2 vj4i2*uj4 + 2 vj0i3*uj0 + 2 vj1i3*uj1 + 2 vj2i3*uj2\n      + 2 vj3i3*uj3 + 2 vj4i3*uj4 + 2 vj0i4*uj0 + 2 vj1i4*uj1 + 2 vj2i4*uj2\n      + 2 vj3i4*uj3 + 2 vj4i4*uj4 ]/2\nSubject To\n cons2: vj0i0 + vj1i0 + vj2i0 + vj3i0 + vj4i0 >= 10\n cons3: vj0i1 + vj1i1 + vj2i1 + vj3i1 + vj4i1 >= 10\n cons4: vj0i2 + vj1i2 + vj2i2 + vj3i2 + vj4i2 >= 10\n cons5: vj0i3 + vj1i3 + vj2i3 + vj3i3 + vj4i3 >= 9\n cons5a: vj0i4 + vj1i4 + vj2i4 + vj3i4 + vj4i4 >= 9\n cons6: vj0i0 + vj1i0 + vj2i0 + vj3i0 + vj4i0 >= 0\n cons7: vj0i1 + vj1i1 + vj2i1 + vj3i1 + vj4i1 >= 0\n cons8: vj0i2 + vj1i2 + vj2i2 + vj3i2 + vj4i2 >= 0\n cons9: vj0i3 + vj1i3 + vj2i3 + vj3i3 + vj4i3 >= 0\n cons9a: vj0i4 + vj1i4 + vj2i4 + vj3i4 + vj4i4 >= 0\n cons10: vj0i0 + vj1i0 + vj2i0 >= 11\n cons11: vj0i1 + vj1i1 + vj2i1 >= 11\n cons12: vj0i2 + vj1i2 + vj2i2 >= 11\n cons14: si0 = 1\n cons15: si1 = 1\n cons16: si2 = 1\n cons17: si3 = 1\n cons17a: si4 = 1\n cons18: vj0i0 + vj0i1 + vj0i2 + vj0i3 + vj0i4 <= 12\n cons19: vj1i0 + vj1i1 + vj1i2 + vj1i3 + vj1i4 <= 11\n cons20: vj2i0 + vj2i1 + vj2i2 + vj2i3 + vj2i4 <= 10\n cons21: vj3i0 + vj3i1 + vj3i2 + vj3i3 + vj3i4 <= 10\n cons21a: vj4i0 + vj4i1 + vj4i2 + vj4i3 + vj4i4 <= 10\n cons22: uj0 >= 1\n cons23: uj1 >= 1\n cons24: uj2 >= 1\n cons25: uj3 >= 1\n cons25a: uj4 >= 1\n\nBounds\n 0 <= si0 <= 1\n 0 <= si1 <= 1\n 0 <= si2 <= 1\n 0 <= si3 <= 1\n 0 <= si4 <= 1\n\nBinaries\n si0 si1 si2 si3 si4\nEnd\n",
  "classic": {
    "objective": 55.998976429359686,
    "status": "INFEASIBLE",
    "x": [
      1.0,
      1.0,
      1.0,
      1.0,
      1.0,
      3.9405649457091356,
      3.7186366168677156,
      3.340791223646134,
      -1.6489934786950834e-06,
      -6.8708966117262565e-06,
      3.9621198078173814,
      3.6244129990720046,
      3.4134699074410997,
      1.2655466011424826e-18,
      -7.506677263274235e-06,
      4.097322189662149,
      3.6569518483562486,
      3.2457285583184405,
      9.775853361206079e-07,
      4.852567879042232e-06,
      5.185393280150403e-06,
      -3.181298345464132e-06,
      7.345063586237013e-07,
      2.9009018902737185,
      6.09911252085153,
      -1.8747676387838745e-06,
      1.977955724533822e-06,
      1.188312644624239e-06,
      7.031902708176941,
      1.9681095173902914,
      0.9999791189661554,
      0.9999791194962201,
      0.9999791198859161,
      0.9999791201943661,
      0.999981941251407
    ],
    "residuals": [
      5.608700894832452e-07
    ],
    "duration_seconds": 10.620438405999948,
    "image": "qiskit120_fixed_risultati_classici.png"
  },
  "quantum": {
    "objective": 50.996185647060464,
    "status": "INFEASIBLE",
    "x": [
      0.0,
      0.0,
      0.0,
      0.0,
      0.0,
      4.219100571466922,
      3.264157546092244,
      3.5167372599313937,
      -4.446354030931429e-05,
      4.883880469593948e-05,
      3.677801398783503,
      4.323007804279306,
      2.9992053857284957,
      3.4525829363127876e-05,
      5.126000215870192e-05,
      4.102798943430646,
      3.4127954153045454,
      3.484449957462677,
      1.2457424602577004e-05,
      -4.252926936073088e-06,
      0.0001757300708809572,
      5.472083731511592e-05,
      -0.00014312968826996379,
      4.575127778387101,
      4.424898931952404,
      0.00020225145014550073,
      2.579939263624779e-05,
      -0.00015240465118240788,
      4.500829663914605,
      4.499170414989631,
      0.9999186546691571,
      0.9999254543279983,
      0.9999184328897623,
      0.9999146435057539,
      0.9999136915723068
    ],
    "residuals": [
      8.031781433563359e-05
    ],
    "duration_seconds": 14.993116992999944,
    "image": "qiskit120_fixed_risultati_quantistici.png"
  }
}