{
  "script": "q",
  "meta": {
    "n_servers": 4,
    "n_vms": 4,
    "require_all_on": true
  },
  "input": {
    "pi": [
      1.0,
      1.0,
      1.0,
      1.0
    ],
    "pd": [
      1.0,
      1.0,
      1.0,
      1.0
    ],
    "capacities": [
      11,
      11,
      11,
      10
    ],
    "vm_allocation_limits": [
      15,
      14,
      16,
      17
    ],
    "min_cpu_per_vm": 1
  },
  "qp_lp": "\\ This file has been generated by DOcplex\n\\ ENCODING=ISO-8859-1\n\\Problem name: qiskit_server\n\nMinimize\n obj: si0 + si1 + si2 + si3 + [ 2 vj0i0*uj0 + 2 vj0i1*uj0 + 2 vj0i2*uj0\n      + 2 vj0i3*uj0 + 2 vj1i0*uj1 + 2 vj1i1*uj1 + 2 vj1i2*uj1 + 2 vj1i3*uj1\n      + 2 vj2i0*uj2 + 2 vj2i1*uj2 + 2 vj2i2*uj2 + 2 vj2i3*uj2 + 2 vj3i0*uj3\n      + 2 vj3i1*uj3 + 2 vj3i2*uj3 + 2 vj3i3*uj3 ]/2\nSubject To\n cons_server_load_0: vj0i0 + vj1i0 + vj2i0 + vj3i0 >= 10\n cons_server_load_1: vj0i1 + vj1i1 + vj2i1 + vj3i1 >= 10\n cons_server_load_2: vj0i2 + vj1i2 + vj2i2 + vj3i2 >= 10\n cons_server_load_3: vj0i3 + vj1i3 + vj2i3 + vj3i3 >= 9\n cons_first3vm_server_0: vj0i0 + vj1i0 + vj2i0 >= 11\n cons_first3vm_server_1: vj0i1 + vj1i1 + vj2i1 >= 11\n cons_first3vm_server_2: vj0i2 + vj1i2 + vj2i2 >= 11\n cons_server_on_0: si0 = 1\n cons_server_on_1: si1 = 1\n cons_server_on_2: si2 = 1\n cons_server_on_3: si3 = 1\n cons_vm_alloc_0: vj0i0 + vj0i1 + vj0i2 + vj0i3 <= 15\n cons_vm_alloc_1: vj1i0 + vj1i1 + vj1i2 + vj1i3 <= 14\n cons_vm_alloc_2: vj2i0 + vj2i1 + vj2i2 + vj2i3 <= 16\n cons_vm_alloc_3: vj3i0 + vj3i1 + vj3i2 + vj3i3 <= 17\n cons_min_cpu_vm_0: uj0 >= 1\n cons_min_cpu_vm_1: uj1 >= 1\n cons_min_cpu_vm_2: uj2 >= 1\n cons_min_cpu_vm_3: uj3 >= 1\n\nBounds\n 0 <= si0 <= 1\n 0 <= si1 <= 1\n 0 <= si2 <= 1\n 0 <= si3 <= 1\n\nBinaries\n si0 si1 si2 si3\nEnd\n",
  "classic": {
    "objective": 46.0,
    "status": "INFEASIBLE",
    "x": [
      1.0,
      1.0,
      1.0,
      1.0,
      4.846098246822239,
      3.7038838792492617,
      3.541888792272808,
      2.218092935297175,
      3.2650801869486705,
      3.616224170897521,
      3.536492462753591,
      2.632148781878961,
      2.8888215662290953,
      3.6798919498532205,
      3.9216187449735935,
      1.892980342602107,
      -2.3216290763398892e-17,
      -1.690906951415692e-20,
      -5.752041390933128e-18,
      2.256777940221758,
      0.9999999999999999,
      1.0,
      1.0,
      1.0
    ],
    "residuals": [
      9.999999999987861e-05
    ],
    "duration_seconds": 1.1227478000000701
  },
  "quantum": {
    "objective": 46.0,
    "status": "INFEASIBLE",
    "x": [
      1.0,
      1.0,
      1.0,
      1.0,
      4.846098246822239,
      3.7038838792492617,
      3.541888792272808,
      2.218092935297175,
      3.2650801869486705,
      3.616224170897521,
      3.536492462753591,
      2.632148781878961,
      2.8888215662290953,
      3.6798919498532205,
      3.9216187449735935,
      1.892980342602107,
      -2.3216290763398892e-17,
      -1.690906951415692e-20,
      -5.752041390933128e-18,
      2.256777940221758,
      0.9999999999999999,
      1.0,
      1.0,
      1.0
    ],
    "residuals": [
      9.999999999987861e-05
    ],
    "duration_seconds": 4.287020199999461
  },
  "combined_image": "q_20260324_175246_results.png"
}