{
  "script": "q",
  "meta": {
    "n_servers": 4,
    "n_vms": 3,
    "require_all_on": true
  },
  "input": {
    "pi": [
      1.0,
      1.0,
      1.0,
      1.0
    ],
    "pd": [
      1.0,
      1.0,
      1.0,
      1.0
    ],
    "capacities": [
      11,
      11,
      11,
      10
    ],
    "vm_allocation_limits": [
      18,
      19,
      17
    ],
    "min_cpu_per_vm": 1
  },
  "qp_lp": "\\ This file has been generated by DOcplex\n\\ ENCODING=ISO-8859-1\n\\Problem name: qiskit_server\n\nMinimize\n obj: si0 + si1 + si2 + si3 + [ 2 vj0i0*uj0 + 2 vj0i1*uj0 + 2 vj0i2*uj0\n      + 2 vj0i3*uj0 + 2 vj1i0*uj1 + 2 vj1i1*uj1 + 2 vj1i2*uj1 + 2 vj1i3*uj1\n      + 2 vj2i0*uj2 + 2 vj2i1*uj2 + 2 vj2i2*uj2 + 2 vj2i3*uj2 ]/2\nSubject To\n cons_server_load_0: vj0i0 + vj1i0 + vj2i0 >= 10\n cons_server_load_1: vj0i1 + vj1i1 + vj2i1 >= 10\n cons_server_load_2: vj0i2 + vj1i2 + vj2i2 >= 10\n cons_server_load_3: vj0i3 + vj1i3 + vj2i3 >= 9\n cons_first3vm_server_0: vj0i0 + vj1i0 + vj2i0 >= 11\n cons_first3vm_server_1: vj0i1 + vj1i1 + vj2i1 >= 11\n cons_first3vm_server_2: vj0i2 + vj1i2 + vj2i2 >= 11\n cons_server_on_0: si0 = 1\n cons_server_on_1: si1 = 1\n cons_server_on_2: si2 = 1\n cons_server_on_3: si3 = 1\n cons_vm_alloc_0: vj0i0 + vj0i1 + vj0i2 + vj0i3 <= 18\n cons_vm_alloc_1: vj1i0 + vj1i1 + vj1i2 + vj1i3 <= 19\n cons_vm_alloc_2: vj2i0 + vj2i1 + vj2i2 + vj2i3 <= 17\n cons_min_cpu_vm_0: uj0 >= 1\n cons_min_cpu_vm_1: uj1 >= 1\n cons_min_cpu_vm_2: uj2 >= 1\n\nBounds\n 0 <= si0 <= 1\n 0 <= si1 <= 1\n 0 <= si2 <= 1\n 0 <= si3 <= 1\n\nBinaries\n si0 si1 si2 si3\nEnd\n",
  "classic": {
    "objective": 45.99999999999999,
    "status": "INFEASIBLE",
    "x": [
      1.0,
      1.0,
      1.0,
      1.0,
      3.921642396220061,
      3.6850774151333647,
      3.675052620538278,
      2.802861973728505,
      3.5246149511487124,
      3.6543566413937163,
      3.7241056755872233,
      2.1681345355115265,
      3.553742652631235,
      3.66056594347292,
      3.600841703874495,
      4.0290034907599575,
      1.0,
      1.0,
      1.0
    ],
    "residuals": [
      9.999999999994716e-05
    ],
    "duration_seconds": 1.0769666000014695
  },
  "quantum": {
    "objective": 45.99999999999999,
    "status": "INFEASIBLE",
    "x": [
      1.0,
      1.0,
      1.0,
      1.0,
      3.921642396220061,
      3.6850774151333647,
      3.675052620538278,
      2.802861973728505,
      3.5246149511487124,
      3.6543566413937163,
      3.7241056755872233,
      2.1681345355115265,
      3.553742652631235,
      3.66056594347292,
      3.600841703874495,
      4.0290034907599575,
      1.0,
      1.0,
      1.0
    ],
    "residuals": [
      9.999999999994716e-05
    ],
    "duration_seconds": 3.61068510000041
  },
  "combined_image": "q_20260324_175236_results.png"
}