{
  "script": "q",
  "meta": {
    "n_servers": 3,
    "n_vms": 2,
    "require_all_on": true
  },
  "input": {
    "pi": [
      1.0,
      1.0,
      1.0
    ],
    "pd": [
      1.0,
      1.0,
      1.0
    ],
    "capacities": [
      11,
      11,
      11
    ],
    "vm_allocation_limits": [
      22,
      22
    ],
    "min_cpu_per_vm": 1
  },
  "qp_lp": "\\ This file has been generated by DOcplex\n\\ ENCODING=ISO-8859-1\n\\Problem name: qiskit_server\n\nMinimize\n obj: si0 + si1 + si2 + [ 2 vj0i0*uj0 + 2 vj0i1*uj0 + 2 vj0i2*uj0 + 2 vj1i0*uj1\n      + 2 vj1i1*uj1 + 2 vj1i2*uj1 ]/2\nSubject To\n cons_server_load_0: vj0i0 + vj1i0 >= 10\n cons_server_load_1: vj0i1 + vj1i1 >= 10\n cons_server_load_2: vj0i2 + vj1i2 >= 10\n cons_first3vm_server_0: vj0i0 + vj1i0 >= 11\n cons_first3vm_server_1: vj0i1 + vj1i1 >= 11\n cons_first3vm_server_2: vj0i2 + vj1i2 >= 11\n cons_server_on_0: si0 = 1\n cons_server_on_1: si1 = 1\n cons_server_on_2: si2 = 1\n cons_vm_alloc_0: vj0i0 + vj0i1 + vj0i2 <= 22\n cons_vm_alloc_1: vj1i0 + vj1i1 + vj1i2 <= 22\n cons_min_cpu_vm_0: uj0 >= 1\n cons_min_cpu_vm_1: uj1 >= 1\n\nBounds\n 0 <= si0 <= 1\n 0 <= si1 <= 1\n 0 <= si2 <= 1\n\nBinaries\n si0 si1 si2\nEnd\n",
  "classic": {
    "objective": 36.0,
    "status": "INFEASIBLE",
    "x": [
      1.0,
      1.0,
      1.0,
      5.4054816469312374,
      5.475127491792042,
      5.483933433088977,
      5.594518353068762,
      5.524872508207957,
      5.516066566911019,
      1.0,
      1.0
    ],
    "residuals": [
      9.999999999999999e-05
    ],
    "duration_seconds": 0.8198589999992691
  },
  "quantum": {
    "objective": 36.0,
    "status": "INFEASIBLE",
    "x": [
      1.0,
      1.0,
      1.0,
      5.4054816469312374,
      5.475127491792042,
      5.483933433088977,
      5.594518353068762,
      5.524872508207957,
      5.516066566911019,
      1.0,
      1.0
    ],
    "residuals": [
      9.999999999999999e-05
    ],
    "duration_seconds": 4.59555040000123
  },
  "combined_image": "q_20260324_170808_results.png"
}