{
  "script": "q",
  "meta": {
    "n_servers": 1,
    "n_vms": 3,
    "require_all_on": true
  },
  "input": {
    "pi": [
      1.0
    ],
    "pd": [
      1.0
    ],
    "capacities": [
      11
    ],
    "vm_allocation_limits": [
      6,
      6,
      6
    ],
    "min_cpu_per_vm": 1
  },
  "qp_lp": "\\ This file has been generated by DOcplex\n\\ ENCODING=ISO-8859-1\n\\Problem name: qiskit_server\n\nMinimize\n obj: si0 + [ 2 vj0i0*uj0 + 2 vj1i0*uj1 + 2 vj2i0*uj2 ]/2\nSubject To\n cons_server_load_0: vj0i0 + vj1i0 + vj2i0 >= 10\n cons_first3vm_server_0: vj0i0 + vj1i0 + vj2i0 >= 11\n cons_server_on_0: si0 = 1\n cons_vm_alloc_0: vj0i0 <= 6\n cons_vm_alloc_1: vj1i0 <= 6\n cons_vm_alloc_2: vj2i0 <= 6\n cons_min_cpu_vm_0: uj0 >= 1\n cons_min_cpu_vm_1: uj1 >= 1\n cons_min_cpu_vm_2: uj2 >= 1\n\nBounds\n 0 <= si0 <= 1\n\nBinaries\n si0\nEnd\n",
  "classic": {
    "objective": 11.999999999999998,
    "status": "INFEASIBLE",
    "x": [
      1.0,
      4.537259844118561,
      3.5668113835656117,
      2.895928772315826,
      1.0,
      1.0,
      0.9999999999999999
    ],
    "residuals": [
      0.0001
    ],
    "duration_seconds": 0.2584540999996534
  },
  "quantum": {
    "objective": 11.999999999999998,
    "status": "INFEASIBLE",
    "x": [
      1.0,
      4.537259844118561,
      3.5668113835656117,
      2.895928772315826,
      1.0,
      1.0,
      0.9999999999999999
    ],
    "residuals": [
      0.0001
    ],
    "duration_seconds": 1.1649149999993824
  },
  "combined_image": "q_20260324_175015_results.png"
}