{
  "script": "q",
  "meta": {
    "n_servers": 3,
    "n_vms": 3,
    "require_all_on": true
  },
  "input": {
    "pi": [
      1.0,
      1.0,
      1.0
    ],
    "pd": [
      1.0,
      1.0,
      1.0
    ],
    "capacities": [
      11,
      11,
      11
    ],
    "vm_allocation_limits": [
      15,
      16,
      14
    ],
    "min_cpu_per_vm": 1
  },
  "qp_lp": "\\ This file has been generated by DOcplex\n\\ ENCODING=ISO-8859-1\n\\Problem name: qiskit_server\n\nMinimize\n obj: si0 + si1 + si2 + [ 2 vj0i0*uj0 + 2 vj0i1*uj0 + 2 vj0i2*uj0 + 2 vj1i0*uj1\n      + 2 vj1i1*uj1 + 2 vj1i2*uj1 + 2 vj2i0*uj2 + 2 vj2i1*uj2 + 2 vj2i2*uj2 ]/2\nSubject To\n cons_server_load_0: vj0i0 + vj1i0 + vj2i0 >= 10\n cons_server_load_1: vj0i1 + vj1i1 + vj2i1 >= 10\n cons_server_load_2: vj0i2 + vj1i2 + vj2i2 >= 10\n cons_first3vm_server_0: vj0i0 + vj1i0 + vj2i0 >= 11\n cons_first3vm_server_1: vj0i1 + vj1i1 + vj2i1 >= 11\n cons_first3vm_server_2: vj0i2 + vj1i2 + vj2i2 >= 11\n cons_server_on_0: si0 = 1\n cons_server_on_1: si1 = 1\n cons_server_on_2: si2 = 1\n cons_vm_alloc_0: vj0i0 + vj0i1 + vj0i2 <= 15\n cons_vm_alloc_1: vj1i0 + vj1i1 + vj1i2 <= 16\n cons_vm_alloc_2: vj2i0 + vj2i1 + vj2i2 <= 14\n cons_min_cpu_vm_0: uj0 >= 1\n cons_min_cpu_vm_1: uj1 >= 1\n cons_min_cpu_vm_2: uj2 >= 1\n\nBounds\n 0 <= si0 <= 1\n 0 <= si1 <= 1\n 0 <= si2 <= 1\n\nBinaries\n si0 si1 si2\nEnd\n",
  "classic": {
    "objective": 36.0,
    "status": "INFEASIBLE",
    "x": [
      1.0,
      1.0,
      1.0,
      3.539525075155632,
      3.6461094999979595,
      3.747229019374235,
      3.6728533278501843,
      3.711399004246103,
      3.5663205446166177,
      3.7876215969941915,
      3.642491495755937,
      3.6864504360091477,
      0.9999999999999998,
      1.0,
      1.0
    ],
    "residuals": [
      9.999999999998472e-05
    ],
    "duration_seconds": 0.7059213000011368
  },
  "quantum": {
    "objective": 36.0,
    "status": "INFEASIBLE",
    "x": [
      1.0,
      1.0,
      1.0,
      3.539525075155632,
      3.6461094999979595,
      3.747229019374235,
      3.6728533278501843,
      3.711399004246103,
      3.5663205446166177,
      3.7876215969941915,
      3.642491495755937,
      3.6864504360091477,
      0.9999999999999998,
      1.0,
      1.0
    ],
    "residuals": [
      9.999999999998472e-05
    ],
    "duration_seconds": 2.6878489999999147
  },
  "combined_image": "q_20260324_175136_results.png"
}