{
  "script": "q",
  "meta": {
    "n_servers": 1,
    "n_vms": 5,
    "require_all_on": true
  },
  "input": {
    "pi": [
      1.0
    ],
    "pd": [
      1.0
    ],
    "capacities": [
      11
    ],
    "vm_allocation_limits": [
      5,
      5,
      6,
      6,
      5
    ],
    "min_cpu_per_vm": 1
  },
  "qp_lp": "\\ This file has been generated by DOcplex\n\\ ENCODING=ISO-8859-1\n\\Problem name: qiskit_server\n\nMinimize\n obj: si0 + [ 2 vj0i0*uj0 + 2 vj1i0*uj1 + 2 vj2i0*uj2 + 2 vj3i0*uj3\n      + 2 vj4i0*uj4 ]/2\nSubject To\n cons_server_load_0: vj0i0 + vj1i0 + vj2i0 + vj3i0 + vj4i0 >= 10\n cons_first3vm_server_0: vj0i0 + vj1i0 + vj2i0 >= 11\n cons_server_on_0: si0 = 1\n cons_vm_alloc_0: vj0i0 <= 5\n cons_vm_alloc_1: vj1i0 <= 5\n cons_vm_alloc_2: vj2i0 <= 6\n cons_vm_alloc_3: vj3i0 <= 6\n cons_vm_alloc_4: vj4i0 <= 5\n cons_min_cpu_vm_0: uj0 >= 1\n cons_min_cpu_vm_1: uj1 >= 1\n cons_min_cpu_vm_2: uj2 >= 1\n cons_min_cpu_vm_3: uj3 >= 1\n cons_min_cpu_vm_4: uj4 >= 1\n\nBounds\n 0 <= si0 <= 1\n\nBinaries\n si0\nEnd\n",
  "classic": {
    "objective": 11.999999999999998,
    "status": "INFEASIBLE",
    "x": [
      1.0,
      4.854603433719945,
      2.9460251115924083,
      3.199371454687645,
      -1.5846607465643167e-18,
      1.72974835772321e-21,
      1.0,
      1.0,
      1.0,
      1.06240675665349,
      1.2275040911032775
    ],
    "residuals": [
      0.0001
    ],
    "duration_seconds": 0.5493581999999151
  },
  "quantum": {
    "objective": 11.999999999999998,
    "status": "INFEASIBLE",
    "x": [
      1.0,
      4.854603433719945,
      2.9460251115924083,
      3.199371454687645,
      -1.5846607465643167e-18,
      1.72974835772321e-21,
      1.0,
      1.0,
      1.0,
      1.06240675665349,
      1.2275040911032775
    ],
    "residuals": [
      0.0001
    ],
    "duration_seconds": 1.6844911999996839
  },
  "combined_image": "q_20260324_175028_results.png"
}