{
  "script": "q",
  "meta": {
    "n_servers": 3,
    "n_vms": 5,
    "require_all_on": true
  },
  "input": {
    "pi": [
      1.0,
      1.0,
      1.0
    ],
    "pd": [
      1.0,
      1.0,
      1.0
    ],
    "capacities": [
      11,
      11,
      11
    ],
    "vm_allocation_limits": [
      17,
      16,
      15,
      16,
      16
    ],
    "min_cpu_per_vm": 1
  },
  "qp_lp": "\\ This file has been generated by DOcplex\n\\ ENCODING=ISO-8859-1\n\\Problem name: qiskit_server\n\nMinimize\n obj: si0 + si1 + si2 + [ 2 vj0i0*uj0 + 2 vj0i1*uj0 + 2 vj0i2*uj0 + 2 vj1i0*uj1\n      + 2 vj1i1*uj1 + 2 vj1i2*uj1 + 2 vj2i0*uj2 + 2 vj2i1*uj2 + 2 vj2i2*uj2\n      + 2 vj3i0*uj3 + 2 vj3i1*uj3 + 2 vj3i2*uj3 + 2 vj4i0*uj4 + 2 vj4i1*uj4\n      + 2 vj4i2*uj4 ]/2\nSubject To\n cons_server_load_0: vj0i0 + vj1i0 + vj2i0 + vj3i0 + vj4i0 >= 10\n cons_server_load_1: vj0i1 + vj1i1 + vj2i1 + vj3i1 + vj4i1 >= 10\n cons_server_load_2: vj0i2 + vj1i2 + vj2i2 + vj3i2 + vj4i2 >= 10\n cons_first3vm_server_0: vj0i0 + vj1i0 + vj2i0 >= 11\n cons_first3vm_server_1: vj0i1 + vj1i1 + vj2i1 >= 11\n cons_first3vm_server_2: vj0i2 + vj1i2 + vj2i2 >= 11\n cons_server_on_0: si0 = 1\n cons_server_on_1: si1 = 1\n cons_server_on_2: si2 = 1\n cons_vm_alloc_0: vj0i0 + vj0i1 + vj0i2 <= 17\n cons_vm_alloc_1: vj1i0 + vj1i1 + vj1i2 <= 16\n cons_vm_alloc_2: vj2i0 + vj2i1 + vj2i2 <= 15\n cons_vm_alloc_3: vj3i0 + vj3i1 + vj3i2 <= 16\n cons_vm_alloc_4: vj4i0 + vj4i1 + vj4i2 <= 16\n cons_min_cpu_vm_0: uj0 >= 1\n cons_min_cpu_vm_1: uj1 >= 1\n cons_min_cpu_vm_2: uj2 >= 1\n cons_min_cpu_vm_3: uj3 >= 1\n cons_min_cpu_vm_4: uj4 >= 1\n\nBounds\n 0 <= si0 <= 1\n 0 <= si1 <= 1\n 0 <= si2 <= 1\n\nBinaries\n si0 si1 si2\nEnd\n",
  "classic": {
    "objective": 36.0,
    "status": "INFEASIBLE",
    "x": [
      1.0,
      1.0,
      1.0,
      3.595289447865699,
      3.8750425795980576,
      3.2905234198857163,
      3.8430372953151566,
      3.402300747998643,
      3.961681368975855,
      3.5616732568191383,
      3.7226566724033123,
      3.7477952111384294,
      -8.709863672958223e-17,
      5.339122098935058e-18,
      -2.0195833318592982e-17,
      9.346154774288315e-19,
      -2.4419622153158165e-17,
      -1.200610032726838e-17,
      1.0,
      0.9999999999999999,
      1.0,
      1.0543602321627887,
      1.00000360525671
    ],
    "residuals": [
      9.999999999999999e-05
    ],
    "duration_seconds": 2.2959508000003552
  },
  "quantum": {
    "objective": 36.0,
    "status": "INFEASIBLE",
    "x": [
      1.0,
      1.0,
      1.0,
      3.595289447865699,
      3.8750425795980576,
      3.2905234198857163,
      3.8430372953151566,
      3.402300747998643,
      3.961681368975855,
      3.5616732568191383,
      3.7226566724033123,
      3.7477952111384294,
      -8.709863672958223e-17,
      5.339122098935058e-18,
      -2.0195833318592982e-17,
      9.346154774288315e-19,
      -2.4419622153158165e-17,
      -1.200610032726838e-17,
      1.0,
      0.9999999999999999,
      1.0,
      1.0543602321627887,
      1.00000360525671
    ],
    "residuals": [
      9.999999999999999e-05
    ],
    "duration_seconds": 5.555281700000705
  },
  "combined_image": "q_20260324_170847_results.png"
}