{
  "script": "q",
  "meta": {
    "n_servers": 1,
    "n_vms": 4,
    "require_all_on": true
  },
  "input": {
    "pi": [
      1.0
    ],
    "pd": [
      1.0
    ],
    "capacities": [
      11
    ],
    "vm_allocation_limits": [
      5,
      5,
      8,
      5
    ],
    "min_cpu_per_vm": 1
  },
  "qp_lp": "\\ This file has been generated by DOcplex\n\\ ENCODING=ISO-8859-1\n\\Problem name: qiskit_server\n\nMinimize\n obj: si0 + [ 2 vj0i0*uj0 + 2 vj1i0*uj1 + 2 vj2i0*uj2 + 2 vj3i0*uj3 ]/2\nSubject To\n cons_server_load_0: vj0i0 + vj1i0 + vj2i0 + vj3i0 >= 10\n cons_first3vm_server_0: vj0i0 + vj1i0 + vj2i0 >= 11\n cons_server_on_0: si0 = 1\n cons_vm_alloc_0: vj0i0 <= 5\n cons_vm_alloc_1: vj1i0 <= 5\n cons_vm_alloc_2: vj2i0 <= 8\n cons_vm_alloc_3: vj3i0 <= 5\n cons_min_cpu_vm_0: uj0 >= 1\n cons_min_cpu_vm_1: uj1 >= 1\n cons_min_cpu_vm_2: uj2 >= 1\n cons_min_cpu_vm_3: uj3 >= 1\n\nBounds\n 0 <= si0 <= 1\n\nBinaries\n si0\nEnd\n",
  "classic": {
    "objective": 12.0,
    "status": "INFEASIBLE",
    "x": [
      1.0,
      3.51295887131163,
      3.5120286089724586,
      3.9750125197159107,
      -2.6363917684886852e-21,
      1.0,
      1.0,
      1.0,
      1.0010451422302309
    ],
    "residuals": [
      0.0001
    ],
    "duration_seconds": 0.4102440000006027
  },
  "quantum": {
    "objective": 12.0,
    "status": "INFEASIBLE",
    "x": [
      1.0,
      3.51295887131163,
      3.5120286089724586,
      3.9750125197159107,
      -2.6363917684886852e-21,
      1.0,
      1.0,
      1.0,
      1.0010451422302309
    ],
    "residuals": [
      0.0001
    ],
    "duration_seconds": 1.539351200000965
  },
  "combined_image": "q_20260324_175022_results.png"
}