{
  "script": "q",
  "meta": {
    "n_servers": 4,
    "n_vms": 6,
    "require_all_on": true
  },
  "input": {
    "pi": [
      1.0,
      1.0,
      1.0,
      1.0
    ],
    "pd": [
      1.0,
      1.0,
      1.0,
      1.0
    ],
    "capacities": [
      11,
      11,
      11,
      10
    ],
    "vm_allocation_limits": [
      17,
      17,
      17,
      15,
      16,
      15
    ],
    "min_cpu_per_vm": 1
  },
  "qp_lp": "\\ This file has been generated by DOcplex\n\\ ENCODING=ISO-8859-1\n\\Problem name: qiskit_server\n\nMinimize\n obj: si0 + si1 + si2 + si3 + [ 2 vj0i0*uj0 + 2 vj0i1*uj0 + 2 vj0i2*uj0\n      + 2 vj0i3*uj0 + 2 vj1i0*uj1 + 2 vj1i1*uj1 + 2 vj1i2*uj1 + 2 vj1i3*uj1\n      + 2 vj2i0*uj2 + 2 vj2i1*uj2 + 2 vj2i2*uj2 + 2 vj2i3*uj2 + 2 vj3i0*uj3\n      + 2 vj3i1*uj3 + 2 vj3i2*uj3 + 2 vj3i3*uj3 + 2 vj4i0*uj4 + 2 vj4i1*uj4\n      + 2 vj4i2*uj4 + 2 vj4i3*uj4 + 2 vj5i0*uj5 + 2 vj5i1*uj5 + 2 vj5i2*uj5\n      + 2 vj5i3*uj5 ]/2\nSubject To\n cons_server_load_0: vj0i0 + vj1i0 + vj2i0 + vj3i0 + vj4i0 + vj5i0 >= 10\n cons_server_load_1: vj0i1 + vj1i1 + vj2i1 + vj3i1 + vj4i1 + vj5i1 >= 10\n cons_server_load_2: vj0i2 + vj1i2 + vj2i2 + vj3i2 + vj4i2 + vj5i2 >= 10\n cons_server_load_3: vj0i3 + vj1i3 + vj2i3 + vj3i3 + vj4i3 + vj5i3 >= 9\n cons_first3vm_server_0: vj0i0 + vj1i0 + vj2i0 >= 11\n cons_first3vm_server_1: vj0i1 + vj1i1 + vj2i1 >= 11\n cons_first3vm_server_2: vj0i2 + vj1i2 + vj2i2 >= 11\n cons_server_on_0: si0 = 1\n cons_server_on_1: si1 = 1\n cons_server_on_2: si2 = 1\n cons_server_on_3: si3 = 1\n cons_vm_alloc_0: vj0i0 + vj0i1 + vj0i2 + vj0i3 <= 17\n cons_vm_alloc_1: vj1i0 + vj1i1 + vj1i2 + vj1i3 <= 17\n cons_vm_alloc_2: vj2i0 + vj2i1 + vj2i2 + vj2i3 <= 17\n cons_vm_alloc_3: vj3i0 + vj3i1 + vj3i2 + vj3i3 <= 15\n cons_vm_alloc_4: vj4i0 + vj4i1 + vj4i2 + vj4i3 <= 16\n cons_vm_alloc_5: vj5i0 + vj5i1 + vj5i2 + vj5i3 <= 15\n cons_min_cpu_vm_0: uj0 >= 1\n cons_min_cpu_vm_1: uj1 >= 1\n cons_min_cpu_vm_2: uj2 >= 1\n cons_min_cpu_vm_3: uj3 >= 1\n cons_min_cpu_vm_4: uj4 >= 1\n cons_min_cpu_vm_5: uj5 >= 1\n\nBounds\n 0 <= si0 <= 1\n 0 <= si1 <= 1\n 0 <= si2 <= 1\n 0 <= si3 <= 1\n\nBinaries\n si0 si1 si2 si3\nEnd\n",
  "classic": {
    "objective": 45.99999999999999,
    "status": "INFEASIBLE",
    "x": [
      1.0,
      1.0,
      1.0,
      1.0,
      5.061149137793853,
      3.6807204297441367,
      3.6345288194450345,
      1.4756824794707326,
      2.962837986434902,
      3.6590123127249212,
      3.8908062573888773,
      1.476650098734742,
      2.9760128757712434,
      3.6602672575309407,
      3.474664923166087,
      1.5261588709095584,
      1.1523761288472742e-21,
      -4.377250063025574e-21,
      -1.1287308175840247e-17,
      1.5562314153212913,
      1.35849948013096e-21,
      -1.0824444202623976e-16,
      -2.4213953222777514e-21,
      1.4900771601918317,
      -1.6418772314782241e-16,
      6.330532554365985e-17,
      1.152104717490448e-21,
      1.4751999753718428,
      1.0,
      1.0,
      0.9999999999999999,
      1.0,
      1.0,
      1.0
    ],
    "residuals": [
      9.99999999998509e-05
    ],
    "duration_seconds": 2.574787400000787
  },
  "quantum": {
    "objective": 45.99999999999999,
    "status": "INFEASIBLE",
    "x": [
      1.0,
      1.0,
      1.0,
      1.0,
      5.061149137793853,
      3.6807204297441367,
      3.6345288194450345,
      1.4756824794707326,
      2.962837986434902,
      3.6590123127249212,
      3.8908062573888773,
      1.476650098734742,
      2.9760128757712434,
      3.6602672575309407,
      3.474664923166087,
      1.5261588709095584,
      1.1523761288472742e-21,
      -4.377250063025574e-21,
      -1.1287308175840247e-17,
      1.5562314153212913,
      1.35849948013096e-21,
      -1.0824444202623976e-16,
      -2.4213953222777514e-21,
      1.4900771601918317,
      -1.6418772314782241e-16,
      6.330532554365985e-17,
      1.152104717490448e-21,
      1.4751999753718428,
      1.0,
      1.0,
      0.9999999999999999,
      1.0,
      1.0,
      1.0
    ],
    "residuals": [
      9.99999999998509e-05
    ],
    "duration_seconds": 7.089991799999552
  },
  "combined_image": "q_20260324_175311_results.png"
}