{
  "script": "q",
  "meta": {
    "n_servers": 2,
    "n_vms": 6,
    "require_all_on": true
  },
  "input": {
    "pi": [
      1.0,
      1.0
    ],
    "pd": [
      1.0,
      1.0
    ],
    "capacities": [
      11,
      11
    ],
    "vm_allocation_limits": [
      13,
      10,
      13,
      10,
      12,
      12
    ],
    "min_cpu_per_vm": 1
  },
  "qp_lp": "\\ This file has been generated by DOcplex\n\\ ENCODING=ISO-8859-1\n\\Problem name: qiskit_server\n\nMinimize\n obj: si0 + si1 + [ 2 vj0i0*uj0 + 2 vj0i1*uj0 + 2 vj1i0*uj1 + 2 vj1i1*uj1\n      + 2 vj2i0*uj2 + 2 vj2i1*uj2 + 2 vj3i0*uj3 + 2 vj3i1*uj3 + 2 vj4i0*uj4\n      + 2 vj4i1*uj4 + 2 vj5i0*uj5 + 2 vj5i1*uj5 ]/2\nSubject To\n cons_server_load_0: vj0i0 + vj1i0 + vj2i0 + vj3i0 + vj4i0 + vj5i0 >= 10\n cons_server_load_1: vj0i1 + vj1i1 + vj2i1 + vj3i1 + vj4i1 + vj5i1 >= 10\n cons_first3vm_server_0: vj0i0 + vj1i0 + vj2i0 >= 11\n cons_first3vm_server_1: vj0i1 + vj1i1 + vj2i1 >= 11\n cons_server_on_0: si0 = 1\n cons_server_on_1: si1 = 1\n cons_vm_alloc_0: vj0i0 + vj0i1 <= 13\n cons_vm_alloc_1: vj1i0 + vj1i1 <= 10\n cons_vm_alloc_2: vj2i0 + vj2i1 <= 13\n cons_vm_alloc_3: vj3i0 + vj3i1 <= 10\n cons_vm_alloc_4: vj4i0 + vj4i1 <= 12\n cons_vm_alloc_5: vj5i0 + vj5i1 <= 12\n cons_min_cpu_vm_0: uj0 >= 1\n cons_min_cpu_vm_1: uj1 >= 1\n cons_min_cpu_vm_2: uj2 >= 1\n cons_min_cpu_vm_3: uj3 >= 1\n cons_min_cpu_vm_4: uj4 >= 1\n cons_min_cpu_vm_5: uj5 >= 1\n\nBounds\n 0 <= si0 <= 1\n 0 <= si1 <= 1\n\nBinaries\n si0 si1\nEnd\n",
  "classic": {
    "objective": 24.0,
    "status": "INFEASIBLE",
    "x": [
      1.0,
      1.0,
      4.047661360209365,
      3.7556837879765963,
      3.7262223174998503,
      3.663790058347458,
      3.2261163222907845,
      3.5805261536759456,
      -1.1438100022823135e-16,
      -1.1764880611095022e-16,
      9.925969417831856e-19,
      -1.4078064541137733e-22,
      -1.1948901735423147e-16,
      -1.235556380616088e-16,
      0.9999999999999999,
      1.0,
      0.9999999999999999,
      1.0064504254605153,
      1.0,
      1.1191000995519584
    ],
    "residuals": [
      9.99999999999115e-05
    ],
    "duration_seconds": 1.14570619999904
  },
  "quantum": {
    "objective": 24.0,
    "status": "INFEASIBLE",
    "x": [
      1.0,
      1.0,
      4.047661360209365,
      3.7556837879765963,
      3.7262223174998503,
      3.663790058347458,
      3.2261163222907845,
      3.5805261536759456,
      -1.1438100022823135e-16,
      -1.1764880611095022e-16,
      9.925969417831856e-19,
      -1.4078064541137733e-22,
      -1.1948901735423147e-16,
      -1.235556380616088e-16,
      0.9999999999999999,
      1.0,
      0.9999999999999999,
      1.0064504254605153,
      1.0,
      1.1191000995519584
    ],
    "residuals": [
      9.99999999999115e-05
    ],
    "duration_seconds": 2.2588038000012602
  },
  "combined_image": "q_20260324_175115_results.png"
}