{
  "script": "q",
  "meta": {
    "n_servers": 5,
    "n_vms": 4,
    "require_all_on": true
  },
  "input": {
    "pi": [
      1.0,
      1.0,
      1.0,
      1.0,
      1.0
    ],
    "pd": [
      1.0,
      1.0,
      1.0,
      1.0,
      1.0
    ],
    "capacities": [
      11,
      11,
      11,
      10,
      10
    ],
    "vm_allocation_limits": [
      16,
      18,
      15,
      15
    ],
    "min_cpu_per_vm": 1
  },
  "qp_lp": "\\ This file has been generated by DOcplex\n\\ ENCODING=ISO-8859-1\n\\Problem name: qiskit_server\n\nMinimize\n obj: si0 + si1 + si2 + si3 + si4 + [ 2 vj0i0*uj0 + 2 vj0i1*uj0 + 2 vj0i2*uj0\n      + 2 vj0i3*uj0 + 2 vj0i4*uj0 + 2 vj1i0*uj1 + 2 vj1i1*uj1 + 2 vj1i2*uj1\n      + 2 vj1i3*uj1 + 2 vj1i4*uj1 + 2 vj2i0*uj2 + 2 vj2i1*uj2 + 2 vj2i2*uj2\n      + 2 vj2i3*uj2 + 2 vj2i4*uj2 + 2 vj3i0*uj3 + 2 vj3i1*uj3 + 2 vj3i2*uj3\n      + 2 vj3i3*uj3 + 2 vj3i4*uj3 ]/2\nSubject To\n cons_server_load_0: vj0i0 + vj1i0 + vj2i0 + vj3i0 >= 10\n cons_server_load_1: vj0i1 + vj1i1 + vj2i1 + vj3i1 >= 10\n cons_server_load_2: vj0i2 + vj1i2 + vj2i2 + vj3i2 >= 10\n cons_server_load_3: vj0i3 + vj1i3 + vj2i3 + vj3i3 >= 9\n cons_server_load_4: vj0i4 + vj1i4 + vj2i4 + vj3i4 >= 9\n cons_first3vm_server_0: vj0i0 + vj1i0 + vj2i0 >= 11\n cons_first3vm_server_1: vj0i1 + vj1i1 + vj2i1 >= 11\n cons_first3vm_server_2: vj0i2 + vj1i2 + vj2i2 >= 11\n cons_server_on_0: si0 = 1\n cons_server_on_1: si1 = 1\n cons_server_on_2: si2 = 1\n cons_server_on_3: si3 = 1\n cons_server_on_4: si4 = 1\n cons_vm_alloc_0: vj0i0 + vj0i1 + vj0i2 + vj0i3 + vj0i4 <= 16\n cons_vm_alloc_1: vj1i0 + vj1i1 + vj1i2 + vj1i3 + vj1i4 <= 18\n cons_vm_alloc_2: vj2i0 + vj2i1 + vj2i2 + vj2i3 + vj2i4 <= 15\n cons_vm_alloc_3: vj3i0 + vj3i1 + vj3i2 + vj3i3 + vj3i4 <= 15\n cons_min_cpu_vm_0: uj0 >= 1\n cons_min_cpu_vm_1: uj1 >= 1\n cons_min_cpu_vm_2: uj2 >= 1\n cons_min_cpu_vm_3: uj3 >= 1\n\nBounds\n 0 <= si0 <= 1\n 0 <= si1 <= 1\n 0 <= si2 <= 1\n 0 <= si3 <= 1\n 0 <= si4 <= 1\n\nBinaries\n si0 si1 si2 si3 si4\nEnd\n",
  "classic": {
    "objective": 55.99999999999999,
    "status": "INFEASIBLE",
    "x": [
      1.0,
      1.0,
      1.0,
      1.0,
      1.0,
      3.357667438063156,
      3.9350200307098637,
      4.183665179408883,
      2.2921230668414276,
      2.2280613645415417,
      3.9845412871938723,
      3.4752952233044296,
      3.099154164176223,
      2.2499834637247536,
      2.351466657937226,
      3.6577912747429724,
      3.5896847459857115,
      3.717180656414891,
      1.9963736249267523,
      2.0389696979296694,
      1.0032402509494121e-17,
      1.1823953403933081e-17,
      6.6089588060462444e-21,
      2.4615198445070647,
      2.3815022795915524,
      1.0,
      0.9999999999999999,
      1.0,
      1.0
    ],
    "residuals": [
      0.00010000000000008727
    ],
    "duration_seconds": 3.063151399999697
  },
  "quantum": {
    "objective": 55.99999999999999,
    "status": "INFEASIBLE",
    "x": [
      1.0,
      1.0,
      1.0,
      1.0,
      1.0,
      3.357667438063156,
      3.9350200307098637,
      4.183665179408883,
      2.2921230668414276,
      2.2280613645415417,
      3.9845412871938723,
      3.4752952233044296,
      3.099154164176223,
      2.2499834637247536,
      2.351466657937226,
      3.6577912747429724,
      3.5896847459857115,
      3.717180656414891,
      1.9963736249267523,
      2.0389696979296694,
      1.0032402509494121e-17,
      1.1823953403933081e-17,
      6.6089588060462444e-21,
      2.4615198445070647,
      2.3815022795915524,
      1.0,
      0.9999999999999999,
      1.0,
      1.0
    ],
    "residuals": [
      0.00010000000000008727
    ],
    "duration_seconds": 14.512247800001205
  },
  "combined_image": "q_20260324_173221_results.png"
}