{
  "script": "q",
  "meta": {
    "n_servers": 6,
    "n_vms": 3,
    "require_all_on": true
  },
  "input": {
    "pi": [
      1.0,
      1.0,
      1.0,
      1.0,
      1.0,
      1.0
    ],
    "pd": [
      1.0,
      1.0,
      1.0,
      1.0,
      1.0,
      1.0
    ],
    "capacities": [
      11,
      11,
      11,
      10,
      10,
      10
    ],
    "vm_allocation_limits": [
      26,
      27,
      25
    ],
    "min_cpu_per_vm": 1
  },
  "qp_lp": "\\ This file has been generated by DOcplex\n\\ ENCODING=ISO-8859-1\n\\Problem name: qiskit_server\n\nMinimize\n obj: si0 + si1 + si2 + si3 + si4 + si5 + [ 2 vj0i0*uj0 + 2 vj0i1*uj0\n      + 2 vj0i2*uj0 + 2 vj0i3*uj0 + 2 vj0i4*uj0 + 2 vj0i5*uj0 + 2 vj1i0*uj1\n      + 2 vj1i1*uj1 + 2 vj1i2*uj1 + 2 vj1i3*uj1 + 2 vj1i4*uj1 + 2 vj1i5*uj1\n      + 2 vj2i0*uj2 + 2 vj2i1*uj2 + 2 vj2i2*uj2 + 2 vj2i3*uj2 + 2 vj2i4*uj2\n      + 2 vj2i5*uj2 ]/2\nSubject To\n cons_server_load_0: vj0i0 + vj1i0 + vj2i0 >= 10\n cons_server_load_1: vj0i1 + vj1i1 + vj2i1 >= 10\n cons_server_load_2: vj0i2 + vj1i2 + vj2i2 >= 10\n cons_server_load_3: vj0i3 + vj1i3 + vj2i3 >= 9\n cons_server_load_4: vj0i4 + vj1i4 + vj2i4 >= 9\n cons_server_load_5: vj0i5 + vj1i5 + vj2i5 >= 9\n cons_first3vm_server_0: vj0i0 + vj1i0 + vj2i0 >= 11\n cons_first3vm_server_1: vj0i1 + vj1i1 + vj2i1 >= 11\n cons_first3vm_server_2: vj0i2 + vj1i2 + vj2i2 >= 11\n cons_server_on_0: si0 = 1\n cons_server_on_1: si1 = 1\n cons_server_on_2: si2 = 1\n cons_server_on_3: si3 = 1\n cons_server_on_4: si4 = 1\n cons_server_on_5: si5 = 1\n cons_vm_alloc_0: vj0i0 + vj0i1 + vj0i2 + vj0i3 + vj0i4 + vj0i5 <= 26\n cons_vm_alloc_1: vj1i0 + vj1i1 + vj1i2 + vj1i3 + vj1i4 + vj1i5 <= 27\n cons_vm_alloc_2: vj2i0 + vj2i1 + vj2i2 + vj2i3 + vj2i4 + vj2i5 <= 25\n cons_min_cpu_vm_0: uj0 >= 1\n cons_min_cpu_vm_1: uj1 >= 1\n cons_min_cpu_vm_2: uj2 >= 1\n\nBounds\n 0 <= si0 <= 1\n 0 <= si1 <= 1\n 0 <= si2 <= 1\n 0 <= si3 <= 1\n 0 <= si4 <= 1\n 0 <= si5 <= 1\n\nBinaries\n si0 si1 si2 si3 si4 si5\nEnd\n",
  "classic": {
    "objective": 66.0,
    "status": "INFEASIBLE",
    "x": [
      1.0,
      1.0,
      1.0,
      1.0,
      1.0,
      1.0,
      3.690420093061789,
      3.6656928108275797,
      3.7131186531659135,
      2.7994875124659675,
      2.9383122016059597,
      3.001758863418725,
      3.192307922965229,
      3.7171459950775447,
      3.636624337946051,
      3.1740552106888953,
      2.630534368236938,
      3.096318024485287,
      4.117271983972983,
      3.6171611940948707,
      3.6502570088880364,
      3.026457276845139,
      3.4311534301571047,
      2.901923112095987,
      1.0,
      1.0,
      0.9999999999999999
    ],
    "residuals": [
      0.00010411161218919481
    ],
    "duration_seconds": 1.5810997000007774
  },
  "quantum": {
    "objective": 66.0,
    "status": "INFEASIBLE",
    "x": [
      1.0,
      1.0,
      1.0,
      1.0,
      1.0,
      1.0,
      3.690420093061789,
      3.6656928108275797,
      3.7131186531659135,
      2.7994875124659675,
      2.9383122016059597,
      3.001758863418725,
      3.192307922965229,
      3.7171459950775447,
      3.636624337946051,
      3.1740552106888953,
      2.630534368236938,
      3.096318024485287,
      4.117271983972983,
      3.6171611940948707,
      3.6502570088880364,
      3.026457276845139,
      3.4311534301571047,
      2.901923112095987,
      1.0,
      1.0,
      0.9999999999999999
    ],
    "residuals": [
      0.00010411161218919481
    ],
    "duration_seconds": 12.058122299999013
  },
  "combined_image": "q_20260324_173346_results.png"
}