{
  "script": "q",
  "meta": {
    "n_servers": 1,
    "n_vms": 2,
    "require_all_on": true
  },
  "input": {
    "pi": [
      1.0
    ],
    "pd": [
      1.0
    ],
    "capacities": [
      11
    ],
    "vm_allocation_limits": [
      8,
      10
    ],
    "min_cpu_per_vm": 1.0
  },
  "qp_lp": "\\ This file has been generated by DOcplex\n\\ ENCODING=ISO-8859-1\n\\Problem name: qiskit_server\n\nMinimize\n obj: si0 + [ 2 vj0i0*uj0 + 2 vj1i0*uj1 ]/2\nSubject To\n cons_server_load_0: vj0i0 + vj1i0 >= 10\n cons_server_on_0: si0 = 1\n cons_vm_alloc_0: vj0i0 <= 8\n cons_vm_alloc_1: vj1i0 <= 10\n cons_min_cpu_vm_0: uj0 >= 1\n cons_min_cpu_vm_1: uj1 >= 1\n\nBounds\n 0 <= si0 <= 1\n 1 <= uj0\n 1 <= uj1\n\nBinaries\n si0\nEnd\n",
  "classic": {
    "objective": 10.999764129480559,
    "status": "INFEASIBLE",
    "x": [
      1.0,
      6.6584020916265745,
      3.341624596081574,
      0.9999809702409835,
      0.9999593459898188
    ],
    "residuals": [
      2.805523965365708e-07
    ],
    "duration_seconds": 0.12785012496169657
  },
  "quantum": {
    "objective": 10.999764129480559,
    "status": "INFEASIBLE",
    "x": [
      1.0,
      6.6584020916265745,
      3.341624596081574,
      0.9999809702409835,
      0.9999593459898188
    ],
    "residuals": [
      2.805523965365708e-07
    ],
    "duration_seconds": 0.730394541984424
  },
  "combined_image": "q_20260324_234941_results.png"
}