{
  "script": "q",
  "meta": {
    "n_servers": 3,
    "n_vms": 6,
    "require_all_on": true
  },
  "input": {
    "pi": [
      1.0,
      1.0,
      1.0
    ],
    "pd": [
      1.0,
      1.0,
      1.0
    ],
    "capacities": [
      11,
      11,
      11
    ],
    "vm_allocation_limits": [
      15,
      16,
      14,
      15,
      15,
      15
    ],
    "min_cpu_per_vm": 1.0
  },
  "qp_lp": "\\ This file has been generated by DOcplex\n\\ ENCODING=ISO-8859-1\n\\Problem name: qiskit_server\n\nMinimize\n obj: si0 + si1 + si2 + [ 2 vj0i0*uj0 + 2 vj0i1*uj0 + 2 vj0i2*uj0 + 2 vj1i0*uj1\n      + 2 vj1i1*uj1 + 2 vj1i2*uj1 + 2 vj2i0*uj2 + 2 vj2i1*uj2 + 2 vj2i2*uj2\n      + 2 vj3i0*uj3 + 2 vj3i1*uj3 + 2 vj3i2*uj3 + 2 vj4i0*uj4 + 2 vj4i1*uj4\n      + 2 vj4i2*uj4 + 2 vj5i0*uj5 + 2 vj5i1*uj5 + 2 vj5i2*uj5 ]/2\nSubject To\n cons_server_load_0: vj0i0 + vj1i0 + vj2i0 + vj3i0 + vj4i0 + vj5i0 >= 10\n cons_server_load_1: vj0i1 + vj1i1 + vj2i1 + vj3i1 + vj4i1 + vj5i1 >= 10\n cons_server_load_2: vj0i2 + vj1i2 + vj2i2 + vj3i2 + vj4i2 + vj5i2 >= 10\n cons_server_on_0: si0 = 1\n cons_server_on_1: si1 = 1\n cons_server_on_2: si2 = 1\n cons_vm_alloc_0: vj0i0 + vj0i1 + vj0i2 <= 15\n cons_vm_alloc_1: vj1i0 + vj1i1 + vj1i2 <= 16\n cons_vm_alloc_2: vj2i0 + vj2i1 + vj2i2 <= 14\n cons_vm_alloc_3: vj3i0 + vj3i1 + vj3i2 <= 15\n cons_vm_alloc_4: vj4i0 + vj4i1 + vj4i2 <= 15\n cons_vm_alloc_5: vj5i0 + vj5i1 + vj5i2 <= 15\n cons_min_cpu_vm_0: uj0 >= 1\n cons_min_cpu_vm_1: uj1 >= 1\n cons_min_cpu_vm_2: uj2 >= 1\n cons_min_cpu_vm_3: uj3 >= 1\n cons_min_cpu_vm_4: uj4 >= 1\n cons_min_cpu_vm_5: uj5 >= 1\n\nBounds\n 0 <= si0 <= 1\n 0 <= si1 <= 1\n 0 <= si2 <= 1\n 1 <= uj0\n 1 <= uj1\n 1 <= uj2\n 1 <= uj3\n 1 <= uj4\n 1 <= uj5\n\nBinaries\n si0 si1 si2\nEnd\n",
  "classic": {
    "objective": 32.99956045842087,
    "status": "INFEASIBLE",
    "x": [
      1.0,
      1.0,
      1.0,
      1.4009432809248432,
      1.417072710854591,
      1.4535139240360093,
      1.6525002827693418,
      1.5265580683164586,
      1.6979965220055298,
      1.7626713758069843,
      2.081022179548967,
      1.6233177133235217,
      1.7416128755810805,
      1.8440488786153626,
      1.0969055936667147,
      1.7239193354801965,
      1.5640604765508408,
      2.046280425100423,
      1.7182974617462647,
      1.5672325487945646,
      2.0820028081615094,
      0.9999778007539515,
      0.9999996146962998,
      1.0000013952794746,
      0.9999748723245897,
      0.999978661297348,
      0.9999859453575559
    ],
    "residuals": [
      0.00026620131622574213,
      3.9865374884082583e-05
    ],
    "duration_seconds": 3.6034424169920385
  },
  "quantum": {
    "objective": 32.99956045842087,
    "status": "INFEASIBLE",
    "x": [
      1.0,
      1.0,
      1.0,
      1.4009432809248432,
      1.417072710854591,
      1.4535139240360093,
      1.6525002827693418,
      1.5265580683164586,
      1.6979965220055298,
      1.7626713758069843,
      2.081022179548967,
      1.6233177133235217,
      1.7416128755810805,
      1.8440488786153626,
      1.0969055936667147,
      1.7239193354801965,
      1.5640604765508408,
      2.046280425100423,
      1.7182974617462647,
      1.5672325487945646,
      2.0820028081615094,
      0.9999778007539515,
      0.9999996146962998,
      1.0000013952794746,
      0.9999748723245897,
      0.999978661297348,
      0.9999859453575559
    ],
    "residuals": [
      0.00026620131622574213,
      3.9865374884082583e-05
    ],
    "duration_seconds": 5.796758792013861
  },
  "combined_image": "q_20260324_235111_results.png"
}