{
  "script": "q",
  "meta": {
    "n_servers": 5,
    "n_vms": 5,
    "require_all_on": true
  },
  "input": {
    "pi": [
      1.0,
      1.0,
      1.0,
      1.0,
      1.0
    ],
    "pd": [
      1.0,
      1.0,
      1.0,
      1.0,
      1.0
    ],
    "capacities": [
      11,
      11,
      11,
      10,
      10
    ],
    "vm_allocation_limits": [
      14,
      15,
      15,
      17,
      14
    ],
    "min_cpu_per_vm": 1.0
  },
  "qp_lp": "\\ This file has been generated by DOcplex\n\\ ENCODING=ISO-8859-1\n\\Problem name: qiskit_server\n\nMinimize\n obj: si0 + si1 + si2 + si3 + si4 + [ 2 vj0i0*uj0 + 2 vj0i1*uj0 + 2 vj0i2*uj0\n      + 2 vj0i3*uj0 + 2 vj0i4*uj0 + 2 vj1i0*uj1 + 2 vj1i1*uj1 + 2 vj1i2*uj1\n      + 2 vj1i3*uj1 + 2 vj1i4*uj1 + 2 vj2i0*uj2 + 2 vj2i1*uj2 + 2 vj2i2*uj2\n      + 2 vj2i3*uj2 + 2 vj2i4*uj2 + 2 vj3i0*uj3 + 2 vj3i1*uj3 + 2 vj3i2*uj3\n      + 2 vj3i3*uj3 + 2 vj3i4*uj3 + 2 vj4i0*uj4 + 2 vj4i1*uj4 + 2 vj4i2*uj4\n      + 2 vj4i3*uj4 + 2 vj4i4*uj4 ]/2\nSubject To\n cons_server_load_0: vj0i0 + vj1i0 + vj2i0 + vj3i0 + vj4i0 >= 10\n cons_server_load_1: vj0i1 + vj1i1 + vj2i1 + vj3i1 + vj4i1 >= 10\n cons_server_load_2: vj0i2 + vj1i2 + vj2i2 + vj3i2 + vj4i2 >= 10\n cons_server_load_3: vj0i3 + vj1i3 + vj2i3 + vj3i3 + vj4i3 >= 9\n cons_server_load_4: vj0i4 + vj1i4 + vj2i4 + vj3i4 + vj4i4 >= 9\n cons_server_on_0: si0 = 1\n cons_server_on_1: si1 = 1\n cons_server_on_2: si2 = 1\n cons_server_on_3: si3 = 1\n cons_server_on_4: si4 = 1\n cons_vm_alloc_0: vj0i0 + vj0i1 + vj0i2 + vj0i3 + vj0i4 <= 14\n cons_vm_alloc_1: vj1i0 + vj1i1 + vj1i2 + vj1i3 + vj1i4 <= 15\n cons_vm_alloc_2: vj2i0 + vj2i1 + vj2i2 + vj2i3 + vj2i4 <= 15\n cons_vm_alloc_3: vj3i0 + vj3i1 + vj3i2 + vj3i3 + vj3i4 <= 17\n cons_vm_alloc_4: vj4i0 + vj4i1 + vj4i2 + vj4i3 + vj4i4 <= 14\n cons_min_cpu_vm_0: uj0 >= 1\n cons_min_cpu_vm_1: uj1 >= 1\n cons_min_cpu_vm_2: uj2 >= 1\n cons_min_cpu_vm_3: uj3 >= 1\n cons_min_cpu_vm_4: uj4 >= 1\n\nBounds\n 0 <= si0 <= 1\n 0 <= si1 <= 1\n 0 <= si2 <= 1\n 0 <= si3 <= 1\n 0 <= si4 <= 1\n 1 <= uj0\n 1 <= uj1\n 1 <= uj2\n 1 <= uj3\n 1 <= uj4\n\nBinaries\n si0 si1 si2 si3 si4\nEnd\n",
  "classic": {
    "objective": 52.996738893171084,
    "status": "INFEASIBLE",
    "x": [
      1.0,
      1.0,
      1.0,
      1.0,
      1.0,
      1.733638218907322,
      2.0876955021313894,
      1.8301962792945194,
      1.2350821545562074,
      1.895379854432176,
      1.6267390458089372,
      1.6973984582604036,
      0.012228076604253178,
      1.872484650410575,
      2.588959759370491e-05,
      0.38127347912585235,
      1.6698572540907346,
      0.7949039952650971,
      2.0910462786776876,
      2.5234645879545203,
      3.1904379211666867,
      2.45217339129739,
      3.648983151564376,
      1.984201279495515,
      2.436739571227304,
      3.0677501088497348,
      2.0927383900635728,
      3.7136380149517554,
      1.817148106301756,
      2.144297007725818,
      0.9999015108432744,
      0.9999442366041117,
      1.0000530565989083,
      0.9999291656969461,
      0.9999181265700435
    ],
    "residuals": [
      5.4648299401634286e-05
    ],
    "duration_seconds": 2.9341758340015076
  },
  "quantum": {
    "objective": 52.996738893171084,
    "status": "INFEASIBLE",
    "x": [
      1.0,
      1.0,
      1.0,
      1.0,
      1.0,
      1.733638218907322,
      2.0876955021313894,
      1.8301962792945194,
      1.2350821545562074,
      1.895379854432176,
      1.6267390458089372,
      1.6973984582604036,
      0.012228076604253178,
      1.872484650410575,
      2.588959759370491e-05,
      0.38127347912585235,
      1.6698572540907346,
      0.7949039952650971,
      2.0910462786776876,
      2.5234645879545203,
      3.1904379211666867,
      2.45217339129739,
      3.648983151564376,
      1.984201279495515,
      2.436739571227304,
      3.0677501088497348,
      2.0927383900635728,
      3.7136380149517554,
      1.817148106301756,
      2.144297007725818,
      0.9999015108432744,
      0.9999442366041117,
      1.0000530565989083,
      0.9999291656969461,
      0.9999181265700435
    ],
    "residuals": [
      5.4648299401634286e-05
    ],
    "duration_seconds": 5.590164332999848
  },
  "combined_image": "q_20260324_235336_results.png"
}