{
  "script": "q",
  "meta": {
    "n_servers": 3,
    "n_vms": 1,
    "require_all_on": true
  },
  "input": {
    "pi": [
      1.0,
      1.0,
      1.0
    ],
    "pd": [
      1.0,
      1.0,
      1.0
    ],
    "capacities": [
      11,
      11,
      11
    ],
    "vm_allocation_limits": [
      43
    ],
    "min_cpu_per_vm": 1.0
  },
  "qp_lp": "\\ This file has been generated by DOcplex\n\\ ENCODING=ISO-8859-1\n\\Problem name: qiskit_server\n\nMinimize\n obj: si0 + si1 + si2 + [ 2 vj0i0*uj0 + 2 vj0i1*uj0 + 2 vj0i2*uj0 ]/2\nSubject To\n cons_server_load_0: vj0i0 >= 10\n cons_server_load_1: vj0i1 >= 10\n cons_server_load_2: vj0i2 >= 10\n cons_server_on_0: si0 = 1\n cons_server_on_1: si1 = 1\n cons_server_on_2: si2 = 1\n cons_vm_alloc_0: vj0i0 + vj0i1 + vj0i2 <= 43\n cons_min_cpu_vm_0: uj0 >= 1\n\nBounds\n 0 <= si0 <= 1\n 0 <= si1 <= 1\n 0 <= si2 <= 1\n 1 <= uj0\n\nBinaries\n si0 si1 si2\nEnd\n",
  "classic": {
    "objective": 32.99850120607087,
    "status": "INFEASIBLE",
    "x": [
      1.0,
      1.0,
      1.0,
      10.0,
      9.999996155420504,
      9.999996155420504,
      0.9999502964949228
    ],
    "residuals": [
      1.7457147121633592e-12
    ],
    "duration_seconds": 0.20032812503632158
  },
  "quantum": {
    "objective": 32.99850120607087,
    "status": "INFEASIBLE",
    "x": [
      1.0,
      1.0,
      1.0,
      10.0,
      9.999996155420504,
      9.999996155420504,
      0.9999502964949228
    ],
    "residuals": [
      1.7457147121633592e-12
    ],
    "duration_seconds": 1.284094832953997
  },
  "combined_image": "q_20260324_235034_results.png"
}