{
  "script": "q",
  "meta": {
    "n_servers": 4,
    "n_vms": 3,
    "require_all_on": true
  },
  "input": {
    "pi": [
      1.0,
      1.0,
      1.0,
      1.0
    ],
    "pd": [
      1.0,
      1.0,
      1.0,
      1.0
    ],
    "capacities": [
      11,
      11,
      11,
      10
    ],
    "vm_allocation_limits": [
      18,
      19,
      17
    ],
    "min_cpu_per_vm": 1.0
  },
  "qp_lp": "\\ This file has been generated by DOcplex\n\\ ENCODING=ISO-8859-1\n\\Problem name: qiskit_server\n\nMinimize\n obj: si0 + si1 + si2 + si3 + [ 2 vj0i0*uj0 + 2 vj0i1*uj0 + 2 vj0i2*uj0\n      + 2 vj0i3*uj0 + 2 vj1i0*uj1 + 2 vj1i1*uj1 + 2 vj1i2*uj1 + 2 vj1i3*uj1\n      + 2 vj2i0*uj2 + 2 vj2i1*uj2 + 2 vj2i2*uj2 + 2 vj2i3*uj2 ]/2\nSubject To\n cons_server_load_0: vj0i0 + vj1i0 + vj2i0 >= 10\n cons_server_load_1: vj0i1 + vj1i1 + vj2i1 >= 10\n cons_server_load_2: vj0i2 + vj1i2 + vj2i2 >= 10\n cons_server_load_3: vj0i3 + vj1i3 + vj2i3 >= 9\n cons_server_on_0: si0 = 1\n cons_server_on_1: si1 = 1\n cons_server_on_2: si2 = 1\n cons_server_on_3: si3 = 1\n cons_vm_alloc_0: vj0i0 + vj0i1 + vj0i2 + vj0i3 <= 18\n cons_vm_alloc_1: vj1i0 + vj1i1 + vj1i2 + vj1i3 <= 19\n cons_vm_alloc_2: vj2i0 + vj2i1 + vj2i2 + vj2i3 <= 17\n cons_min_cpu_vm_0: uj0 >= 1\n cons_min_cpu_vm_1: uj1 >= 1\n cons_min_cpu_vm_2: uj2 >= 1\n\nBounds\n 0 <= si0 <= 1\n 0 <= si1 <= 1\n 0 <= si2 <= 1\n 0 <= si3 <= 1\n 1 <= uj0\n 1 <= uj1\n 1 <= uj2\n\nBinaries\n si0 si1 si2 si3\nEnd\n",
  "classic": {
    "objective": 42.99790732343755,
    "status": "INFEASIBLE",
    "x": [
      1.0,
      1.0,
      1.0,
      1.0,
      3.84586175363225,
      4.145217993673208,
      1.8580140004153656,
      1.6864103384802132,
      4.596145261749874,
      2.8155975249424725,
      2.480164710868884,
      4.115929549133459,
      1.557949337826506,
      3.039183049900385,
      5.6617129206761,
      3.1976771199734983,
      0.9999059960199452,
      0.9999692589467998,
      0.9999672100368353
    ],
    "residuals": [
      1.1013494529514857e-05
    ],
    "duration_seconds": 0.9207960410276428
  },
  "quantum": {
    "objective": 42.99790732343755,
    "status": "INFEASIBLE",
    "x": [
      1.0,
      1.0,
      1.0,
      1.0,
      3.84586175363225,
      4.145217993673208,
      1.8580140004153656,
      1.6864103384802132,
      4.596145261749874,
      2.8155975249424725,
      2.480164710868884,
      4.115929549133459,
      1.557949337826506,
      3.039183049900385,
      5.6617129206761,
      3.1976771199734983,
      0.9999059960199452,
      0.9999692589467998,
      0.9999672100368353
    ],
    "residuals": [
      1.1013494529514857e-05
    ],
    "duration_seconds": 2.621964084042702
  },
  "combined_image": "q_20260324_235131_results.png"
}