{
  "script": "q",
  "meta": {
    "n_servers": 6,
    "n_vms": 3,
    "require_all_on": true
  },
  "input": {
    "pi": [
      1.0,
      1.0,
      1.0,
      1.0,
      1.0,
      1.0
    ],
    "pd": [
      1.0,
      1.0,
      1.0,
      1.0,
      1.0,
      1.0
    ],
    "capacities": [
      11,
      11,
      11,
      10,
      10,
      10
    ],
    "vm_allocation_limits": [
      26,
      27,
      25
    ],
    "min_cpu_per_vm": 1.0
  },
  "qp_lp": "\\ This file has been generated by DOcplex\n\\ ENCODING=ISO-8859-1\n\\Problem name: qiskit_server\n\nMinimize\n obj: si0 + si1 + si2 + si3 + si4 + si5 + [ 2 vj0i0*uj0 + 2 vj0i1*uj0\n      + 2 vj0i2*uj0 + 2 vj0i3*uj0 + 2 vj0i4*uj0 + 2 vj0i5*uj0 + 2 vj1i0*uj1\n      + 2 vj1i1*uj1 + 2 vj1i2*uj1 + 2 vj1i3*uj1 + 2 vj1i4*uj1 + 2 vj1i5*uj1\n      + 2 vj2i0*uj2 + 2 vj2i1*uj2 + 2 vj2i2*uj2 + 2 vj2i3*uj2 + 2 vj2i4*uj2\n      + 2 vj2i5*uj2 ]/2\nSubject To\n cons_server_load_0: vj0i0 + vj1i0 + vj2i0 >= 10\n cons_server_load_1: vj0i1 + vj1i1 + vj2i1 >= 10\n cons_server_load_2: vj0i2 + vj1i2 + vj2i2 >= 10\n cons_server_load_3: vj0i3 + vj1i3 + vj2i3 >= 9\n cons_server_load_4: vj0i4 + vj1i4 + vj2i4 >= 9\n cons_server_load_5: vj0i5 + vj1i5 + vj2i5 >= 9\n cons_server_on_0: si0 = 1\n cons_server_on_1: si1 = 1\n cons_server_on_2: si2 = 1\n cons_server_on_3: si3 = 1\n cons_server_on_4: si4 = 1\n cons_server_on_5: si5 = 1\n cons_vm_alloc_0: vj0i0 + vj0i1 + vj0i2 + vj0i3 + vj0i4 + vj0i5 <= 26\n cons_vm_alloc_1: vj1i0 + vj1i1 + vj1i2 + vj1i3 + vj1i4 + vj1i5 <= 27\n cons_vm_alloc_2: vj2i0 + vj2i1 + vj2i2 + vj2i3 + vj2i4 + vj2i5 <= 25\n cons_min_cpu_vm_0: uj0 >= 1\n cons_min_cpu_vm_1: uj1 >= 1\n cons_min_cpu_vm_2: uj2 >= 1\n\nBounds\n 0 <= si0 <= 1\n 0 <= si1 <= 1\n 0 <= si2 <= 1\n 0 <= si3 <= 1\n 0 <= si4 <= 1\n 0 <= si5 <= 1\n 1 <= uj0\n 1 <= uj1\n 1 <= uj2\n\nBinaries\n si0 si1 si2 si3 si4 si5\nEnd\n",
  "classic": {
    "objective": 62.99860254065355,
    "status": "INFEASIBLE",
    "x": [
      1.0,
      1.0,
      1.0,
      1.0,
      1.0,
      1.0,
      4.889013980288058,
      3.6161365269523045,
      4.137134661074459,
      3.1993016426608714,
      3.7595015180813025,
      3.529077331326224,
      2.387718361171657,
      3.876048622920816,
      3.2070662459019763,
      2.5363616694917175,
      2.939792110572373,
      2.5924300957099686,
      2.7232709667491015,
      2.50781698887416,
      2.6557943914079414,
      3.264322368251072,
      2.3006895431990073,
      2.8785177644539632,
      0.9999698153172076,
      0.9999661404909747,
      0.9999938644739583
    ],
    "residuals": [
      0.00015751939837349403,
      0.00013395928003626825,
      2.618355480879037e-05
    ],
    "duration_seconds": 5.193584207969252
  },
  "quantum": {
    "objective": 62.99860254065355,
    "status": "INFEASIBLE",
    "x": [
      1.0,
      1.0,
      1.0,
      1.0,
      1.0,
      1.0,
      4.889013980288058,
      3.6161365269523045,
      4.137134661074459,
      3.1993016426608714,
      3.7595015180813025,
      3.529077331326224,
      2.387718361171657,
      3.876048622920816,
      3.2070662459019763,
      2.5363616694917175,
      2.939792110572373,
      2.5924300957099686,
      2.7232709667491015,
      2.50781698887416,
      2.6557943914079414,
      3.264322368251072,
      2.3006895431990073,
      2.8785177644539632,
      0.9999698153172076,
      0.9999661404909747,
      0.9999938644739583
    ],
    "residuals": [
      0.00015751939837349403,
      0.00013395928003626825,
      2.618355480879037e-05
    ],
    "duration_seconds": 32.65268687502248
  },
  "combined_image": "q_20260324_235455_results.png"
}