{
  "script": "q",
  "meta": {
    "n_servers": 5,
    "n_vms": 5,
    "require_all_on": true
  },
  "input": {
    "pi": [
      1.0,
      1.0,
      1.0,
      1.0,
      1.0
    ],
    "pd": [
      1.0,
      1.0,
      1.0,
      1.0,
      1.0
    ],
    "capacities": [
      11,
      11,
      11,
      10,
      10
    ],
    "vm_allocation_limits": [
      16,
      16,
      15,
      16,
      13
    ],
    "min_cpu_per_vm": 1.0
  },
  "qp_lp": "\\ This file has been generated by DOcplex\n\\ ENCODING=ISO-8859-1\n\\Problem name: qiskit_server\n\nMinimize\n obj: si0 + si1 + si2 + si3 + si4 + [ 2 vj0i0*uj0 + 2 vj0i1*uj0 + 2 vj0i2*uj0\n      + 2 vj0i3*uj0 + 2 vj0i4*uj0 + 2 vj1i0*uj1 + 2 vj1i1*uj1 + 2 vj1i2*uj1\n      + 2 vj1i3*uj1 + 2 vj1i4*uj1 + 2 vj2i0*uj2 + 2 vj2i1*uj2 + 2 vj2i2*uj2\n      + 2 vj2i3*uj2 + 2 vj2i4*uj2 + 2 vj3i0*uj3 + 2 vj3i1*uj3 + 2 vj3i2*uj3\n      + 2 vj3i3*uj3 + 2 vj3i4*uj3 + 2 vj4i0*uj4 + 2 vj4i1*uj4 + 2 vj4i2*uj4\n      + 2 vj4i3*uj4 + 2 vj4i4*uj4 ]/2\nSubject To\n cons_server_load_0: vj0i0 + vj1i0 + vj2i0 + vj3i0 + vj4i0 >= 10\n cons_server_load_1: vj0i1 + vj1i1 + vj2i1 + vj3i1 + vj4i1 >= 10\n cons_server_load_2: vj0i2 + vj1i2 + vj2i2 + vj3i2 + vj4i2 >= 10\n cons_server_load_3: vj0i3 + vj1i3 + vj2i3 + vj3i3 + vj4i3 >= 9\n cons_server_load_4: vj0i4 + vj1i4 + vj2i4 + vj3i4 + vj4i4 >= 9\n cons_server_on_0: si0 = 1\n cons_server_on_1: si1 = 1\n cons_server_on_2: si2 = 1\n cons_server_on_3: si3 = 1\n cons_server_on_4: si4 = 1\n cons_vm_alloc_0: vj0i0 + vj0i1 + vj0i2 + vj0i3 + vj0i4 <= 16\n cons_vm_alloc_1: vj1i0 + vj1i1 + vj1i2 + vj1i3 + vj1i4 <= 16\n cons_vm_alloc_2: vj2i0 + vj2i1 + vj2i2 + vj2i3 + vj2i4 <= 15\n cons_vm_alloc_3: vj3i0 + vj3i1 + vj3i2 + vj3i3 + vj3i4 <= 16\n cons_vm_alloc_4: vj4i0 + vj4i1 + vj4i2 + vj4i3 + vj4i4 <= 13\n cons_min_cpu_vm_0: uj0 >= 1\n cons_min_cpu_vm_1: uj1 >= 1\n cons_min_cpu_vm_2: uj2 >= 1\n cons_min_cpu_vm_3: uj3 >= 1\n cons_min_cpu_vm_4: uj4 >= 1\n\nBounds\n 0 <= si0 <= 1\n 0 <= si1 <= 1\n 0 <= si2 <= 1\n 0 <= si3 <= 1\n 0 <= si4 <= 1\n 1 <= uj0\n 1 <= uj1\n 1 <= uj2\n 1 <= uj3\n 1 <= uj4\n\nBinaries\n si0 si1 si2 si3 si4\nEnd\n",
  "classic": {
    "objective": 53.00006516573326,
    "status": "SUCCESS",
    "x": [
      1.0,
      1.0,
      1.0,
      1.0,
      1.0,
      1.8942780962264514,
      2.4224197558186193,
      2.125362393560328,
      1.850211542900903,
      1.7538694621320103,
      1.9749381483357853,
      1.3556876121134938,
      0.530459103823233,
      1.6512161658538727,
      0.7327818504382378,
      0.47793747008897963,
      2.030831371901363,
      0.8988929439439886,
      2.175673811302171,
      2.2366475533827455,
      2.83378401668248,
      2.433072176638648,
      3.5157238461799607,
      1.8951565400686494,
      1.8260405152254116,
      2.8190622686663045,
      1.7579890835278773,
      2.929605444127778,
      1.4277419398744036,
      2.450682052919565,
      1.0,
      1.0,
      1.0,
      1.0,
      1.0
    ],
    "residuals": [
      0.0001364331782548192,
      8.859793460117613e-05
    ],
    "duration_seconds": 5.476097125036176
  },
  "quantum": {
    "objective": 53.00006516573326,
    "status": "SUCCESS",
    "x": [
      1.0,
      1.0,
      1.0,
      1.0,
      1.0,
      1.8942780962264514,
      2.4224197558186193,
      2.125362393560328,
      1.850211542900903,
      1.7538694621320103,
      1.9749381483357853,
      1.3556876121134938,
      0.530459103823233,
      1.6512161658538727,
      0.7327818504382378,
      0.47793747008897963,
      2.030831371901363,
      0.8988929439439886,
      2.175673811302171,
      2.2366475533827455,
      2.83378401668248,
      2.433072176638648,
      3.5157238461799607,
      1.8951565400686494,
      1.8260405152254116,
      2.8190622686663045,
      1.7579890835278773,
      2.929605444127778,
      1.4277419398744036,
      2.450682052919565,
      1.0,
      1.0,
      1.0,
      1.0,
      1.0
    ],
    "residuals": [
      0.0001364331782548192,
      8.859793460117613e-05
    ],
    "duration_seconds": 18.307246041018516
  },
  "combined_image": "q_20260325_150616_results.png"
}