{
  "script": "q",
  "meta": {
    "n_servers": 2,
    "n_vms": 5,
    "require_all_on": true
  },
  "input": {
    "pi": [
      1.0,
      1.0
    ],
    "pd": [
      1.0,
      1.0
    ],
    "capacities": [
      11,
      11
    ],
    "vm_allocation_limits": [
      10,
      12,
      12,
      12,
      10
    ],
    "min_cpu_per_vm": 1.0
  },
  "qp_lp": "\\ This file has been generated by DOcplex\n\\ ENCODING=ISO-8859-1\n\\Problem name: qiskit_server\n\nMinimize\n obj: si0 + si1 + [ 2 vj0i0*uj0 + 2 vj0i1*uj0 + 2 vj1i0*uj1 + 2 vj1i1*uj1\n      + 2 vj2i0*uj2 + 2 vj2i1*uj2 + 2 vj3i0*uj3 + 2 vj3i1*uj3 + 2 vj4i0*uj4\n      + 2 vj4i1*uj4 ]/2\nSubject To\n cons_server_load_0: vj0i0 + vj1i0 + vj2i0 + vj3i0 + vj4i0 >= 10\n cons_server_load_1: vj0i1 + vj1i1 + vj2i1 + vj3i1 + vj4i1 >= 10\n cons_server_on_0: si0 = 1\n cons_server_on_1: si1 = 1\n cons_vm_alloc_0: vj0i0 + vj0i1 <= 10\n cons_vm_alloc_1: vj1i0 + vj1i1 <= 12\n cons_vm_alloc_2: vj2i0 + vj2i1 <= 12\n cons_vm_alloc_3: vj3i0 + vj3i1 <= 12\n cons_vm_alloc_4: vj4i0 + vj4i1 <= 10\n cons_min_cpu_vm_0: uj0 >= 1\n cons_min_cpu_vm_1: uj1 >= 1\n cons_min_cpu_vm_2: uj2 >= 1\n cons_min_cpu_vm_3: uj3 >= 1\n cons_min_cpu_vm_4: uj4 >= 1\n\nBounds\n 0 <= si0 <= 1\n 0 <= si1 <= 1\n 1 <= uj0\n 1 <= uj1\n 1 <= uj2\n 1 <= uj3\n 1 <= uj4\n\nBinaries\n si0 si1\nEnd\n",
  "classic": {
    "objective": 21.999907086502844,
    "status": "INFEASIBLE",
    "x": [
      1.0,
      1.0,
      1.997612613279081,
      1.9868248714375412,
      2.0065863625691835,
      1.966863867995313,
      2.005570965843378,
      1.9986304442877643,
      1.9962819668149387,
      2.03218436545915,
      1.9940481849838552,
      2.015303443832638,
      1.0,
      1.0,
      1.0,
      1.0,
      1.0
    ],
    "residuals": [
      5.420468548418182e-05
    ],
    "duration_seconds": 0.7157348750042729
  },
  "quantum": {
    "objective": 21.999907086502844,
    "status": "INFEASIBLE",
    "x": [
      1.0,
      1.0,
      1.997612613279081,
      1.9868248714375412,
      2.0065863625691835,
      1.966863867995313,
      2.005570965843378,
      1.9986304442877643,
      1.9962819668149387,
      2.03218436545915,
      1.9940481849838552,
      2.015303443832638,
      1.0,
      1.0,
      1.0,
      1.0,
      1.0
    ],
    "residuals": [
      5.420468548418182e-05
    ],
    "duration_seconds": 2.0657513329642825
  },
  "combined_image": "q_20260325_144945_results.png"
}