{
  "script": "q",
  "meta": {
    "n_servers": 3,
    "n_vms": 4,
    "require_all_on": true
  },
  "input": {
    "pi": [
      1.0,
      1.0,
      1.0
    ],
    "pd": [
      1.0,
      1.0,
      1.0
    ],
    "capacities": [
      11,
      11,
      11
    ],
    "vm_allocation_limits": [
      16,
      16,
      14,
      16
    ],
    "min_cpu_per_vm": 1
  },
  "qp_lp": "\\ This file has been generated by DOcplex\n\\ ENCODING=ISO-8859-1\n\\Problem name: qiskit_server\n\nMinimize\n obj: si0 + si1 + si2 + [ 2 vj0i0*uj0 + 2 vj0i1*uj0 + 2 vj0i2*uj0 + 2 vj1i0*uj1\n      + 2 vj1i1*uj1 + 2 vj1i2*uj1 + 2 vj2i0*uj2 + 2 vj2i1*uj2 + 2 vj2i2*uj2\n      + 2 vj3i0*uj3 + 2 vj3i1*uj3 + 2 vj3i2*uj3 ]/2\nSubject To\n cons_server_load_0: vj0i0 + vj1i0 + vj2i0 + vj3i0 >= 10\n cons_server_load_1: vj0i1 + vj1i1 + vj2i1 + vj3i1 >= 10\n cons_server_load_2: vj0i2 + vj1i2 + vj2i2 + vj3i2 >= 10\n cons_first3vm_server_0: vj0i0 + vj1i0 + vj2i0 >= 11\n cons_first3vm_server_1: vj0i1 + vj1i1 + vj2i1 >= 11\n cons_first3vm_server_2: vj0i2 + vj1i2 + vj2i2 >= 11\n cons_server_on_0: si0 = 1\n cons_server_on_1: si1 = 1\n cons_server_on_2: si2 = 1\n cons_vm_alloc_0: vj0i0 + vj0i1 + vj0i2 <= 16\n cons_vm_alloc_1: vj1i0 + vj1i1 + vj1i2 <= 16\n cons_vm_alloc_2: vj2i0 + vj2i1 + vj2i2 <= 14\n cons_vm_alloc_3: vj3i0 + vj3i1 + vj3i2 <= 16\n cons_min_cpu_vm_0: uj0 >= 1\n cons_min_cpu_vm_1: uj1 >= 1\n cons_min_cpu_vm_2: uj2 >= 1\n cons_min_cpu_vm_3: uj3 >= 1\n\nBounds\n 0 <= si0 <= 1\n 0 <= si1 <= 1\n 0 <= si2 <= 1\n\nBinaries\n si0 si1 si2\nEnd\n",
  "classic": {
    "objective": 35.99999999999999,
    "status": "INFEASIBLE",
    "x": [
      1.0,
      1.0,
      1.0,
      4.794108899785001,
      3.285457996077955,
      3.3838855840358795,
      3.126462554188169,
      3.7041996069055494,
      3.9073047048575544,
      3.07942854602683,
      4.010342397016495,
      3.7088097111065617,
      -1.5787096557997526e-17,
      4.786957131775983e-18,
      -8.918205386950664e-17,
      1.0,
      1.0,
      1.0,
      1.000892167713011
    ],
    "residuals": [
      9.999999999978978e-05
    ],
    "duration_seconds": 1.1741578999990452
  },
  "quantum": {
    "objective": 35.99999999999999,
    "status": "INFEASIBLE",
    "x": [
      1.0,
      1.0,
      1.0,
      4.794108899785001,
      3.285457996077955,
      3.3838855840358795,
      3.126462554188169,
      3.7041996069055494,
      3.9073047048575544,
      3.07942854602683,
      4.010342397016495,
      3.7088097111065617,
      -1.5787096557997526e-17,
      4.786957131775983e-18,
      -8.918205386950664e-17,
      1.0,
      1.0,
      1.0,
      1.000892167713011
    ],
    "residuals": [
      9.999999999978978e-05
    ],
    "duration_seconds": 3.939401800000269
  },
  "combined_image": "q_20260324_164951_results.png"
}