{
  "script": "q",
  "meta": {
    "n_servers": 4,
    "n_vms": 4,
    "require_all_on": true
  },
  "input": {
    "pi": [
      1.0,
      1.0,
      1.0,
      1.0
    ],
    "pd": [
      1.0,
      1.0,
      1.0,
      1.0
    ],
    "capacities": [
      11,
      11,
      11,
      10
    ],
    "vm_allocation_limits": [
      17,
      14,
      16,
      15
    ],
    "min_cpu_per_vm": 1
  },
  "qp_lp": "\\ This file has been generated by DOcplex\n\\ ENCODING=ISO-8859-1\n\\Problem name: qiskit_server\n\nMinimize\n obj: si0 + si1 + si2 + si3 + [ 2 vj0i0*uj0 + 2 vj0i1*uj0 + 2 vj0i2*uj0\n      + 2 vj0i3*uj0 + 2 vj1i0*uj1 + 2 vj1i1*uj1 + 2 vj1i2*uj1 + 2 vj1i3*uj1\n      + 2 vj2i0*uj2 + 2 vj2i1*uj2 + 2 vj2i2*uj2 + 2 vj2i3*uj2 + 2 vj3i0*uj3\n      + 2 vj3i1*uj3 + 2 vj3i2*uj3 + 2 vj3i3*uj3 ]/2\nSubject To\n cons_server_load_0: vj0i0 + vj1i0 + vj2i0 + vj3i0 >= 10\n cons_server_load_1: vj0i1 + vj1i1 + vj2i1 + vj3i1 >= 10\n cons_server_load_2: vj0i2 + vj1i2 + vj2i2 + vj3i2 >= 10\n cons_server_load_3: vj0i3 + vj1i3 + vj2i3 + vj3i3 >= 9\n cons_first3vm_server_0: vj0i0 + vj1i0 + vj2i0 >= 11\n cons_first3vm_server_1: vj0i1 + vj1i1 + vj2i1 >= 11\n cons_first3vm_server_2: vj0i2 + vj1i2 + vj2i2 >= 11\n cons_server_on_0: si0 = 1\n cons_server_on_1: si1 = 1\n cons_server_on_2: si2 = 1\n cons_server_on_3: si3 = 1\n cons_vm_alloc_0: vj0i0 + vj0i1 + vj0i2 + vj0i3 <= 17\n cons_vm_alloc_1: vj1i0 + vj1i1 + vj1i2 + vj1i3 <= 14\n cons_vm_alloc_2: vj2i0 + vj2i1 + vj2i2 + vj2i3 <= 16\n cons_vm_alloc_3: vj3i0 + vj3i1 + vj3i2 + vj3i3 <= 15\n cons_min_cpu_vm_0: uj0 >= 1\n cons_min_cpu_vm_1: uj1 >= 1\n cons_min_cpu_vm_2: uj2 >= 1\n cons_min_cpu_vm_3: uj3 >= 1\n\nBounds\n 0 <= si0 <= 1\n 0 <= si1 <= 1\n 0 <= si2 <= 1\n 0 <= si3 <= 1\n\nBinaries\n si0 si1 si2 si3\nEnd\n",
  "classic": {
    "objective": 45.99999999999998,
    "status": "INFEASIBLE",
    "x": [
      1.0,
      1.0,
      1.0,
      1.0,
      5.043832728149569,
      3.751999409228511,
      3.6301439314114763,
      2.293736039789059,
      2.8309761838534704,
      3.622419718692186,
      3.649433484092654,
      2.3105251582844355,
      3.125191087996949,
      3.6255808720792975,
      3.7204225844958696,
      2.3154204987446705,
      1.897517178932971e-18,
      -1.664176462960462e-17,
      -2.3028774493386945e-21,
      2.0803183031818344,
      1.0,
      1.0,
      1.0,
      1.0
    ],
    "residuals": [
      0.0001
    ],
    "duration_seconds": 1.6287530999998125
  },
  "quantum": {
    "objective": 45.99999999999998,
    "status": "INFEASIBLE",
    "x": [
      1.0,
      1.0,
      1.0,
      1.0,
      5.043832728149569,
      3.751999409228511,
      3.6301439314114763,
      2.293736039789059,
      2.8309761838534704,
      3.622419718692186,
      3.649433484092654,
      2.3105251582844355,
      3.125191087996949,
      3.6255808720792975,
      3.7204225844958696,
      2.3154204987446705,
      1.897517178932971e-18,
      -1.664176462960462e-17,
      -2.3028774493386945e-21,
      2.0803183031818344,
      1.0,
      1.0,
      1.0,
      1.0
    ],
    "residuals": [
      0.0001
    ],
    "duration_seconds": 6.243350099999589
  },
  "combined_image": "q_20260324_165102_results.png"
}