{
  "script": "q",
  "meta": {
    "n_servers": 3,
    "n_vms": 6,
    "require_all_on": true
  },
  "input": {
    "pi": [
      1.0,
      1.0,
      1.0
    ],
    "pd": [
      1.0,
      1.0,
      1.0
    ],
    "capacities": [
      11,
      11,
      11
    ],
    "vm_allocation_limits": [
      16,
      17,
      17,
      15,
      16,
      15
    ],
    "min_cpu_per_vm": 1
  },
  "qp_lp": "\\ This file has been generated by DOcplex\n\\ ENCODING=ISO-8859-1\n\\Problem name: qiskit_server\n\nMinimize\n obj: si0 + si1 + si2 + [ 2 vj0i0*uj0 + 2 vj0i1*uj0 + 2 vj0i2*uj0 + 2 vj1i0*uj1\n      + 2 vj1i1*uj1 + 2 vj1i2*uj1 + 2 vj2i0*uj2 + 2 vj2i1*uj2 + 2 vj2i2*uj2\n      + 2 vj3i0*uj3 + 2 vj3i1*uj3 + 2 vj3i2*uj3 + 2 vj4i0*uj4 + 2 vj4i1*uj4\n      + 2 vj4i2*uj4 + 2 vj5i0*uj5 + 2 vj5i1*uj5 + 2 vj5i2*uj5 ]/2\nSubject To\n cons_server_load_0: vj0i0 + vj1i0 + vj2i0 + vj3i0 + vj4i0 + vj5i0 >= 10\n cons_server_load_1: vj0i1 + vj1i1 + vj2i1 + vj3i1 + vj4i1 + vj5i1 >= 10\n cons_server_load_2: vj0i2 + vj1i2 + vj2i2 + vj3i2 + vj4i2 + vj5i2 >= 10\n cons_first3vm_server_0: vj0i0 + vj1i0 + vj2i0 >= 11\n cons_first3vm_server_1: vj0i1 + vj1i1 + vj2i1 >= 11\n cons_first3vm_server_2: vj0i2 + vj1i2 + vj2i2 >= 11\n cons_server_on_0: si0 = 1\n cons_server_on_1: si1 = 1\n cons_server_on_2: si2 = 1\n cons_vm_alloc_0: vj0i0 + vj0i1 + vj0i2 <= 16\n cons_vm_alloc_1: vj1i0 + vj1i1 + vj1i2 <= 17\n cons_vm_alloc_2: vj2i0 + vj2i1 + vj2i2 <= 17\n cons_vm_alloc_3: vj3i0 + vj3i1 + vj3i2 <= 15\n cons_vm_alloc_4: vj4i0 + vj4i1 + vj4i2 <= 16\n cons_vm_alloc_5: vj5i0 + vj5i1 + vj5i2 <= 15\n cons_min_cpu_vm_0: uj0 >= 1\n cons_min_cpu_vm_1: uj1 >= 1\n cons_min_cpu_vm_2: uj2 >= 1\n cons_min_cpu_vm_3: uj3 >= 1\n cons_min_cpu_vm_4: uj4 >= 1\n cons_min_cpu_vm_5: uj5 >= 1\n\nBounds\n 0 <= si0 <= 1\n 0 <= si1 <= 1\n 0 <= si2 <= 1\n\nBinaries\n si0 si1 si2\nEnd\n",
  "classic": {
    "objective": 36.00000000000001,
    "status": "INFEASIBLE",
    "x": [
      1.0,
      1.0,
      1.0,
      3.657932248137942,
      3.3997109095107603,
      3.4006200198590286,
      3.6413785516815995,
      4.1654862413209734,
      3.514475221360531,
      3.700689200180467,
      3.4348028491682645,
      4.084904758780444,
      -4.678473028318872e-20,
      -1.7824563191651194e-17,
      -2.1335961327531126e-16,
      3.2781953792276195e-17,
      -2.1887717635143734e-16,
      -1.3986785696073455e-17,
      -3.6783309215049066e-18,
      7.492429448810933e-19,
      -1.5380749212960331e-18,
      1.0,
      1.0,
      1.0,
      1.7992125808378467,
      1.0873801752592496,
      1.0
    ],
    "residuals": [
      9.999999999996736e-05
    ],
    "duration_seconds": 2.2978694000012183
  },
  "quantum": {
    "objective": 36.00000000000001,
    "status": "INFEASIBLE",
    "x": [
      1.0,
      1.0,
      1.0,
      3.657932248137942,
      3.3997109095107603,
      3.4006200198590286,
      3.6413785516815995,
      4.1654862413209734,
      3.514475221360531,
      3.700689200180467,
      3.4348028491682645,
      4.084904758780444,
      -4.678473028318872e-20,
      -1.7824563191651194e-17,
      -2.1335961327531126e-16,
      3.2781953792276195e-17,
      -2.1887717635143734e-16,
      -1.3986785696073455e-17,
      -3.6783309215049066e-18,
      7.492429448810933e-19,
      -1.5380749212960331e-18,
      1.0,
      1.0,
      1.0,
      1.7992125808378467,
      1.0873801752592496,
      1.0
    ],
    "residuals": [
      9.999999999996736e-05
    ],
    "duration_seconds": 5.120735599999534
  },
  "combined_image": "q_20260324_165015_results.png"
}