{
  "script": "q",
  "meta": {
    "n_servers": 2,
    "n_vms": 2,
    "require_all_on": true
  },
  "input": {
    "pi": [
      1.0,
      1.0
    ],
    "pd": [
      1.0,
      1.0
    ],
    "capacities": [
      11,
      11
    ],
    "vm_allocation_limits": [
      14,
      17
    ],
    "min_cpu_per_vm": 1
  },
  "qp_lp": "\\ This file has been generated by DOcplex\n\\ ENCODING=ISO-8859-1\n\\Problem name: qiskit_server\n\nMinimize\n obj: si0 + si1 + [ 2 vj0i0*uj0 + 2 vj0i1*uj0 + 2 vj1i0*uj1 + 2 vj1i1*uj1 ]/2\nSubject To\n cons_server_load_0: vj0i0 + vj1i0 >= 10\n cons_server_load_1: vj0i1 + vj1i1 >= 10\n cons_first3vm_server_0: vj0i0 + vj1i0 >= 11\n cons_first3vm_server_1: vj0i1 + vj1i1 >= 11\n cons_server_on_0: si0 = 1\n cons_server_on_1: si1 = 1\n cons_vm_alloc_0: vj0i0 + vj0i1 <= 14\n cons_vm_alloc_1: vj1i0 + vj1i1 <= 17\n cons_min_cpu_vm_0: uj0 >= 1\n cons_min_cpu_vm_1: uj1 >= 1\n\nBounds\n 0 <= si0 <= 1\n 0 <= si1 <= 1\n\nBinaries\n si0 si1\nEnd\n",
  "classic": {
    "objective": 24.0,
    "status": "SUCCESS",
    "x": [
      1.0,
      1.0,
      6.0874173029176655,
      5.9952464121873845,
      4.9125826970823345,
      5.0047535878126155,
      1.0,
      1.0
    ],
    "residuals": [
      9.999999999999999e-05
    ],
    "duration_seconds": 0.36612849999983155
  },
  "quantum": {
    "objective": 24.0,
    "status": "SUCCESS",
    "x": [
      1.0,
      1.0,
      6.0874173029176655,
      5.9952464121873845,
      4.9125826970823345,
      5.0047535878126155,
      1.0,
      1.0
    ],
    "residuals": [
      9.999999999999999e-05
    ],
    "duration_seconds": 2.284298900000067
  },
  "combined_image": "q_20260324_164839_results.png"
}