{
  "script": "q",
  "meta": {
    "n_servers": 2,
    "n_vms": 3,
    "require_all_on": true
  },
  "input": {
    "pi": [
      1.0,
      1.0
    ],
    "pd": [
      1.0,
      1.0
    ],
    "capacities": [
      11,
      11
    ],
    "vm_allocation_limits": [
      12,
      10,
      11
    ],
    "min_cpu_per_vm": 1
  },
  "qp_lp": "\\ This file has been generated by DOcplex\n\\ ENCODING=ISO-8859-1\n\\Problem name: qiskit_server\n\nMinimize\n obj: si0 + si1 + [ 2 vj0i0*uj0 + 2 vj0i1*uj0 + 2 vj1i0*uj1 + 2 vj1i1*uj1\n      + 2 vj2i0*uj2 + 2 vj2i1*uj2 ]/2\nSubject To\n cons_server_load_0: vj0i0 + vj1i0 + vj2i0 >= 10\n cons_server_load_1: vj0i1 + vj1i1 + vj2i1 >= 10\n cons_first3vm_server_0: vj0i0 + vj1i0 + vj2i0 >= 11\n cons_first3vm_server_1: vj0i1 + vj1i1 + vj2i1 >= 11\n cons_server_on_0: si0 = 1\n cons_server_on_1: si1 = 1\n cons_vm_alloc_0: vj0i0 + vj0i1 <= 12\n cons_vm_alloc_1: vj1i0 + vj1i1 <= 10\n cons_vm_alloc_2: vj2i0 + vj2i1 <= 11\n cons_min_cpu_vm_0: uj0 >= 1\n cons_min_cpu_vm_1: uj1 >= 1\n cons_min_cpu_vm_2: uj2 >= 1\n\nBounds\n 0 <= si0 <= 1\n 0 <= si1 <= 1\n\nBinaries\n si0 si1\nEnd\n",
  "classic": {
    "objective": 23.999999999999993,
    "status": "INFEASIBLE",
    "x": [
      1.0,
      1.0,
      3.7728813568206494,
      3.2819336665854646,
      3.7062595164780556,
      3.510642243622508,
      3.520859126701292,
      4.207424089792024,
      1.0,
      1.0,
      1.0
    ],
    "residuals": [
      0.00010000000000003902
    ],
    "duration_seconds": 0.46209359999920707
  },
  "quantum": {
    "objective": 23.999999999999993,
    "status": "INFEASIBLE",
    "x": [
      1.0,
      1.0,
      3.7728813568206494,
      3.2819336665854646,
      3.7062595164780556,
      3.510642243622508,
      3.520859126701292,
      4.207424089792024,
      1.0,
      1.0,
      1.0
    ],
    "residuals": [
      0.00010000000000003902
    ],
    "duration_seconds": 2.3723722000013368
  },
  "combined_image": "q_20260324_164847_results.png"
}