{
  "script": "q",
  "meta": {
    "n_servers": 1,
    "n_vms": 6,
    "require_all_on": true
  },
  "input": {
    "pi": [
      1.0
    ],
    "pd": [
      1.0
    ],
    "capacities": [
      11
    ],
    "vm_allocation_limits": [
      8,
      7,
      5,
      5,
      8,
      8
    ],
    "min_cpu_per_vm": 1
  },
  "qp_lp": "\\ This file has been generated by DOcplex\n\\ ENCODING=ISO-8859-1\n\\Problem name: qiskit_server\n\nMinimize\n obj: si0 + [ 2 vj0i0*uj0 + 2 vj1i0*uj1 + 2 vj2i0*uj2 + 2 vj3i0*uj3\n      + 2 vj4i0*uj4 + 2 vj5i0*uj5 ]/2\nSubject To\n cons_server_load_0: vj0i0 + vj1i0 + vj2i0 + vj3i0 + vj4i0 + vj5i0 >= 10\n cons_first3vm_server_0: vj0i0 + vj1i0 + vj2i0 >= 11\n cons_server_on_0: si0 = 1\n cons_vm_alloc_0: vj0i0 <= 8\n cons_vm_alloc_1: vj1i0 <= 7\n cons_vm_alloc_2: vj2i0 <= 5\n cons_vm_alloc_3: vj3i0 <= 5\n cons_vm_alloc_4: vj4i0 <= 8\n cons_vm_alloc_5: vj5i0 <= 8\n cons_min_cpu_vm_0: uj0 >= 1\n cons_min_cpu_vm_1: uj1 >= 1\n cons_min_cpu_vm_2: uj2 >= 1\n cons_min_cpu_vm_3: uj3 >= 1\n cons_min_cpu_vm_4: uj4 >= 1\n cons_min_cpu_vm_5: uj5 >= 1\n\nBounds\n 0 <= si0 <= 1\n\nBinaries\n si0\nEnd\n",
  "classic": {
    "objective": 12.0,
    "status": "INFEASIBLE",
    "x": [
      1.0,
      4.741762735246709,
      2.6651387332117435,
      3.5930985315415476,
      5.68536195813928e-22,
      1.7816959795822966e-21,
      -1.420674535946103e-20,
      1.0,
      0.9999999999999999,
      1.0,
      1.2541390827186851,
      2.138996265317819,
      1.4194963849496272
    ],
    "residuals": [
      0.0001
    ],
    "duration_seconds": 1.1774002000001929
  },
  "quantum": {
    "objective": 12.0,
    "status": "INFEASIBLE",
    "x": [
      1.0,
      4.741762735246709,
      2.6651387332117435,
      3.5930985315415476,
      5.68536195813928e-22,
      1.7816959795822966e-21,
      -1.420674535946103e-20,
      1.0,
      0.9999999999999999,
      1.0,
      1.2541390827186851,
      2.138996265317819,
      1.4194963849496272
    ],
    "residuals": [
      0.0001
    ],
    "duration_seconds": 2.6432566000003135
  },
  "combined_image": "q_20260324_164823_results.png"
}