{
  "script": "q",
  "meta": {
    "n_servers": 5,
    "n_vms": 4,
    "require_all_on": true
  },
  "input": {
    "pi": [
      1.0,
      1.0,
      1.0,
      1.0,
      1.0
    ],
    "pd": [
      1.0,
      1.0,
      1.0,
      1.0,
      1.0
    ],
    "capacities": [
      11,
      11,
      11,
      10,
      10
    ],
    "vm_allocation_limits": [
      17,
      16,
      18,
      17
    ],
    "min_cpu_per_vm": 1
  },
  "qp_lp": "\\ This file has been generated by DOcplex\n\\ ENCODING=ISO-8859-1\n\\Problem name: qiskit_server\n\nMinimize\n obj: si0 + si1 + si2 + si3 + si4 + [ 2 vj0i0*uj0 + 2 vj0i1*uj0 + 2 vj0i2*uj0\n      + 2 vj0i3*uj0 + 2 vj0i4*uj0 + 2 vj1i0*uj1 + 2 vj1i1*uj1 + 2 vj1i2*uj1\n      + 2 vj1i3*uj1 + 2 vj1i4*uj1 + 2 vj2i0*uj2 + 2 vj2i1*uj2 + 2 vj2i2*uj2\n      + 2 vj2i3*uj2 + 2 vj2i4*uj2 + 2 vj3i0*uj3 + 2 vj3i1*uj3 + 2 vj3i2*uj3\n      + 2 vj3i3*uj3 + 2 vj3i4*uj3 ]/2\nSubject To\n cons_server_load_0: vj0i0 + vj1i0 + vj2i0 + vj3i0 >= 10\n cons_server_load_1: vj0i1 + vj1i1 + vj2i1 + vj3i1 >= 10\n cons_server_load_2: vj0i2 + vj1i2 + vj2i2 + vj3i2 >= 10\n cons_server_load_3: vj0i3 + vj1i3 + vj2i3 + vj3i3 >= 9\n cons_server_load_4: vj0i4 + vj1i4 + vj2i4 + vj3i4 >= 9\n cons_first3vm_server_0: vj0i0 + vj1i0 + vj2i0 >= 11\n cons_first3vm_server_1: vj0i1 + vj1i1 + vj2i1 >= 11\n cons_first3vm_server_2: vj0i2 + vj1i2 + vj2i2 >= 11\n cons_server_on_0: si0 = 1\n cons_server_on_1: si1 = 1\n cons_server_on_2: si2 = 1\n cons_server_on_3: si3 = 1\n cons_server_on_4: si4 = 1\n cons_vm_alloc_0: vj0i0 + vj0i1 + vj0i2 + vj0i3 + vj0i4 <= 17\n cons_vm_alloc_1: vj1i0 + vj1i1 + vj1i2 + vj1i3 + vj1i4 <= 16\n cons_vm_alloc_2: vj2i0 + vj2i1 + vj2i2 + vj2i3 + vj2i4 <= 18\n cons_vm_alloc_3: vj3i0 + vj3i1 + vj3i2 + vj3i3 + vj3i4 <= 17\n cons_min_cpu_vm_0: uj0 >= 1\n cons_min_cpu_vm_1: uj1 >= 1\n cons_min_cpu_vm_2: uj2 >= 1\n cons_min_cpu_vm_3: uj3 >= 1\n\nBounds\n 0 <= si0 <= 1\n 0 <= si1 <= 1\n 0 <= si2 <= 1\n 0 <= si3 <= 1\n 0 <= si4 <= 1\n\nBinaries\n si0 si1 si2 si3 si4\nEnd\n",
  "classic": {
    "objective": 55.999999999999986,
    "status": "INFEASIBLE",
    "x": [
      1.0,
      1.0,
      1.0,
      1.0,
      1.0,
      3.946194150676107,
      3.8806828397352353,
      3.0020698299294133,
      2.296109256712807,
      2.1693096014051663,
      3.5671905533336536,
      3.453339890091611,
      4.057126740865602,
      2.4939995776032204,
      2.42834323810592,
      3.48661529599024,
      3.665977270173144,
      3.940803429204985,
      1.861343605670114,
      1.9337789559818475,
      -4.448739539816946e-17,
      5.4238360275731644e-17,
      1.029208448058855e-17,
      2.3485475600138495,
      2.4685682045070707,
      1.0,
      1.0,
      1.0,
      0.9999999999999999
    ],
    "residuals": [
      0.00010000000000002477
    ],
    "duration_seconds": 2.3333700000002864
  },
  "quantum": {
    "objective": 55.999999999999986,
    "status": "INFEASIBLE",
    "x": [
      1.0,
      1.0,
      1.0,
      1.0,
      1.0,
      3.946194150676107,
      3.8806828397352353,
      3.0020698299294133,
      2.296109256712807,
      2.1693096014051663,
      3.5671905533336536,
      3.453339890091611,
      4.057126740865602,
      2.4939995776032204,
      2.42834323810592,
      3.48661529599024,
      3.665977270173144,
      3.940803429204985,
      1.861343605670114,
      1.9337789559818475,
      -4.448739539816946e-17,
      5.4238360275731644e-17,
      1.029208448058855e-17,
      2.3485475600138495,
      2.4685682045070707,
      1.0,
      1.0,
      1.0,
      0.9999999999999999
    ],
    "residuals": [
      0.00010000000000002477
    ],
    "duration_seconds": 9.506872100000692
  },
  "combined_image": "q_20260324_165233_results.png"
}