{
  "script": "q",
  "meta": {
    "n_servers": 5,
    "n_vms": 1,
    "require_all_on": true
  },
  "input": {
    "pi": [
      1.0,
      1.0,
      1.0,
      1.0,
      1.0
    ],
    "pd": [
      1.0,
      1.0,
      1.0,
      1.0,
      1.0
    ],
    "capacities": [
      11,
      11,
      11,
      10,
      10
    ],
    "vm_allocation_limits": [
      12
    ],
    "min_cpu_per_vm": 1
  },
  "qp_lp": "\\ This file has been generated by DOcplex\n\\ ENCODING=ISO-8859-1\n\\Problem name: qiskit_server\n\nMinimize\n obj: si0 + si1 + si2 + si3 + si4 + [ 2 vj0i0*uj0 + 2 vj0i1*uj0 + 2 vj0i2*uj0\n      + 2 vj0i3*uj0 + 2 vj0i4*uj0 ]/2\nSubject To\n cons_server_load_0: vj0i0 >= 10\n cons_server_load_1: vj0i1 >= 10\n cons_server_load_2: vj0i2 >= 10\n cons_server_load_3: vj0i3 >= 9\n cons_server_load_4: vj0i4 >= 9\n cons_first3vm_server_0: vj0i0 >= 11\n cons_first3vm_server_1: vj0i1 >= 11\n cons_first3vm_server_2: vj0i2 >= 11\n cons_server_on_0: si0 = 1\n cons_server_on_1: si1 = 1\n cons_server_on_2: si2 = 1\n cons_server_on_3: si3 = 1\n cons_server_on_4: si4 = 1\n cons_vm_alloc_0: vj0i0 + vj0i1 + vj0i2 + vj0i3 + vj0i4 <= 12\n cons_min_cpu_vm_0: uj0 >= 1\n\nBounds\n 0 <= si0 <= 1\n 0 <= si1 <= 1\n 0 <= si2 <= 1\n 0 <= si3 <= 1\n 0 <= si4 <= 1\n\nBinaries\n si0 si1 si2 si3 si4\nEnd\n",
  "classic": {
    "objective": 19.88845588093256,
    "status": "INFEASIBLE",
    "x": [
      1.0,
      1.0,
      1.0,
      1.0,
      1.0,
      4.500000000000002,
      4.500000000000003,
      4.500000000000002,
      2.5000000000000004,
      2.500000000000001,
      0.8047813989693274
    ],
    "residuals": [
      0.5609904658853794,
      0.43574551401557055,
      0.2534370007970606,
      0.1846235566951752,
      0.24351082746449457,
      0.1577176480485098,
      0.12871743460520185,
      0.11193986293600432,
      0.08825680758195542,
      0.13424332118178153,
      0.0594337292971372,
      0.04579697044099763,
      0.19603687238242218,
      0.5339543406348093,
      0.3976523975893024,
      0.3853144026691407,
      0.20001405532039723,
      0.07857745767616175,
      0.042606606184555876,
      0.04635954047761987
    ],
    "duration_seconds": 32.067575699999
  },
  "quantum": {
    "objective": -11.327005615196118,
    "status": "INFEASIBLE",
    "x": [
      0.0,
      0.0,
      0.0,
      0.0,
      0.0,
      4.5000000000000036,
      4.5000000000000036,
      4.500000000000002,
      2.5000000000000013,
      2.4999999999999982,
      -0.6122705737943845
    ],
    "residuals": [
      0.004001054464318877
    ],
    "duration_seconds": 3.7294401999970432
  },
  "combined_image": "q_20260323_155829_results.png"
}