{
  "script": "q",
  "meta": {
    "n_servers": 4,
    "n_vms": 4,
    "require_all_on": true
  },
  "input": {
    "pi": [
      1.0,
      1.0,
      1.0,
      1.0
    ],
    "pd": [
      1.0,
      1.0,
      1.0,
      1.0
    ],
    "capacities": [
      11,
      11,
      11,
      10
    ],
    "vm_allocation_limits": [
      9,
      12,
      11,
      10
    ],
    "min_cpu_per_vm": 1
  },
  "qp_lp": "\\ This file has been generated by DOcplex\n\\ ENCODING=ISO-8859-1\n\\Problem name: qiskit_server\n\nMinimize\n obj: si0 + si1 + si2 + si3 + [ 2 vj0i0*uj0 + 2 vj0i1*uj0 + 2 vj0i2*uj0\n      + 2 vj0i3*uj0 + 2 vj1i0*uj1 + 2 vj1i1*uj1 + 2 vj1i2*uj1 + 2 vj1i3*uj1\n      + 2 vj2i0*uj2 + 2 vj2i1*uj2 + 2 vj2i2*uj2 + 2 vj2i3*uj2 + 2 vj3i0*uj3\n      + 2 vj3i1*uj3 + 2 vj3i2*uj3 + 2 vj3i3*uj3 ]/2\nSubject To\n cons_server_load_0: vj0i0 + vj1i0 + vj2i0 + vj3i0 >= 10\n cons_server_load_1: vj0i1 + vj1i1 + vj2i1 + vj3i1 >= 10\n cons_server_load_2: vj0i2 + vj1i2 + vj2i2 + vj3i2 >= 10\n cons_server_load_3: vj0i3 + vj1i3 + vj2i3 + vj3i3 >= 9\n cons_first3vm_server_0: vj0i0 + vj1i0 + vj2i0 >= 11\n cons_first3vm_server_1: vj0i1 + vj1i1 + vj2i1 >= 11\n cons_first3vm_server_2: vj0i2 + vj1i2 + vj2i2 >= 11\n cons_server_on_0: si0 = 1\n cons_server_on_1: si1 = 1\n cons_server_on_2: si2 = 1\n cons_server_on_3: si3 = 1\n cons_vm_alloc_0: vj0i0 + vj0i1 + vj0i2 + vj0i3 <= 9\n cons_vm_alloc_1: vj1i0 + vj1i1 + vj1i2 + vj1i3 <= 12\n cons_vm_alloc_2: vj2i0 + vj2i1 + vj2i2 + vj2i3 <= 11\n cons_vm_alloc_3: vj3i0 + vj3i1 + vj3i2 + vj3i3 <= 10\n cons_min_cpu_vm_0: uj0 >= 1\n cons_min_cpu_vm_1: uj1 >= 1\n cons_min_cpu_vm_2: uj2 >= 1\n cons_min_cpu_vm_3: uj3 >= 1\n\nBounds\n 0 <= si0 <= 1\n 0 <= si1 <= 1\n 0 <= si2 <= 1\n 0 <= si3 <= 1\n\nBinaries\n si0 si1 si2 si3\nEnd\n",
  "classic": {
    "objective": 55.709010979778874,
    "status": "INFEASIBLE",
    "x": [
      1.0,
      1.0,
      1.0,
      1.0,
      2.5371754845056187,
      3.5251196141307193,
      3.1599271235858803,
      -0.11111111111110884,
      4.1239858323550616,
      3.5832134344222695,
      4.515022955444894,
      -0.11111111111110886,
      4.227727572028206,
      3.780555840335899,
      3.213938809858112,
      -0.11111111111110886,
      -0.0654737026938772,
      -0.10943187465287994,
      -0.11028798428203576,
      9.256209921895296,
      1.6789658367214264,
      0.9807305204466332,
      1.4894439547968157,
      0.8900499999429212
    ],
    "residuals": [
      0.11795694197338166,
      0.07758386713006975,
      0.08939691060694664,
      0.053492805672465324,
      0.03778990612677225,
      0.05852693424956686,
      0.02053144855547604,
      0.034028663496002365,
      0.02493266082602772,
      0.05757544632383247,
      0.07286858042651365,
      0.08046541329788884,
      0.07184332306820022,
      0.04232174899362604,
      0.03375370439948097,
      0.05974375156074964,
      0.029166103933298694,
      0.0186848355853933,
      0.01239378884959892,
      0.011059986083884135
    ],
    "duration_seconds": 73.77802669999073
  },
  "quantum": {
    "objective": 37.46072912010237,
    "status": "INFEASIBLE",
    "x": [
      0.0,
      0.0,
      0.0,
      0.0,
      2.5228730765936906,
      3.948108933386079,
      2.7512402122424544,
      -0.11111111111111008,
      4.209660344933211,
      3.4527838446585055,
      4.559778032630505,
      -0.11111111111111008,
      4.156355467361987,
      3.487996110844307,
      3.5778706440159285,
      -0.11111111111111006,
      0.4024974276197967,
      0.009711408901013727,
      -0.028825745793436615,
      9.42550207373308,
      0.8889200022923774,
      0.8888888888888898,
      0.88888888888889,
      0.8889598313658115
    ],
    "residuals": [
      0.004403522303743689
    ],
    "duration_seconds": 3.1713458999875
  },
  "combined_image": "q_20260323_155357_results.png"
}