{
  "script": "q",
  "meta": {
    "n_servers": 4,
    "n_vms": 1,
    "require_all_on": true
  },
  "input": {
    "pi": [
      1.0,
      1.0,
      1.0,
      1.0
    ],
    "pd": [
      1.0,
      1.0,
      1.0,
      1.0
    ],
    "capacities": [
      11,
      11,
      11,
      10
    ],
    "vm_allocation_limits": [
      8
    ],
    "min_cpu_per_vm": 1
  },
  "qp_lp": "\\ This file has been generated by DOcplex\n\\ ENCODING=ISO-8859-1\n\\Problem name: qiskit_server\n\nMinimize\n obj: si0 + si1 + si2 + si3 + [ 2 vj0i0*uj0 + 2 vj0i1*uj0 + 2 vj0i2*uj0\n      + 2 vj0i3*uj0 ]/2\nSubject To\n cons_server_load_0: vj0i0 >= 10\n cons_server_load_1: vj0i1 >= 10\n cons_server_load_2: vj0i2 >= 10\n cons_server_load_3: vj0i3 >= 9\n cons_first3vm_server_0: vj0i0 >= 11\n cons_first3vm_server_1: vj0i1 >= 11\n cons_first3vm_server_2: vj0i2 >= 11\n cons_server_on_0: si0 = 1\n cons_server_on_1: si1 = 1\n cons_server_on_2: si2 = 1\n cons_server_on_3: si3 = 1\n cons_vm_alloc_0: vj0i0 + vj0i1 + vj0i2 + vj0i3 <= 8\n cons_min_cpu_vm_0: uj0 >= 1\n\nBounds\n 0 <= si0 <= 1\n 0 <= si1 <= 1\n 0 <= si2 <= 1\n 0 <= si3 <= 1\n\nBinaries\n si0 si1 si2 si3\nEnd\n",
  "classic": {
    "objective": 14.22808603726498,
    "status": "INFEASIBLE",
    "x": [
      1.0,
      1.0,
      1.0,
      1.0,
      4.2,
      4.200000000000002,
      4.200000000000002,
      2.200000000000001,
      0.6910868944097956
    ],
    "residuals": [
      0.029756308743743434,
      0.1423927333414409,
      0.18848683122712287,
      0.1049656278924431,
      0.28782083892254356,
      0.217456417991492,
      0.24165388856393272,
      0.2099174614329914,
      0.1498515225554861,
      0.09480921322783493,
      0.0780083165372431,
      0.07340523673359,
      0.2411632377799132,
      0.16310382028672946,
      0.06068428439336246,
      0.08339471475948258,
      0.047312650090230626,
      0.05244660098753388,
      0.04724429350135599,
      0.09049296872489312
    ],
    "duration_seconds": 21.67105659999652
  },
  "quantum": {
    "objective": -5.931035181286225,
    "status": "INFEASIBLE",
    "x": [
      0.0,
      0.0,
      0.0,
      0.0,
      4.200000000000001,
      4.2,
      4.200000000000001,
      2.2000000000000006,
      -0.40074562035717726
    ],
    "residuals": [
      0.020731458620665912,
      0.01452851305980068,
      0.012125180954983758,
      0.009500847499738556
    ],
    "duration_seconds": 10.110404700011713
  },
  "combined_image": "q_20260323_155027_results.png"
}