{
  "script": "q",
  "meta": {
    "n_servers": 5,
    "n_vms": 4,
    "require_all_on": true
  },
  "input": {
    "pi": [
      1.0,
      1.0,
      1.0,
      1.0,
      1.0
    ],
    "pd": [
      1.0,
      1.0,
      1.0,
      1.0,
      1.0
    ],
    "capacities": [
      11,
      11,
      11,
      10,
      10
    ],
    "vm_allocation_limits": [
      12,
      11,
      8,
      9
    ],
    "min_cpu_per_vm": 1
  },
  "qp_lp": "\\ This file has been generated by DOcplex\n\\ ENCODING=ISO-8859-1\n\\Problem name: qiskit_server\n\nMinimize\n obj: si0 + si1 + si2 + si3 + si4 + [ 2 vj0i0*uj0 + 2 vj0i1*uj0 + 2 vj0i2*uj0\n      + 2 vj0i3*uj0 + 2 vj0i4*uj0 + 2 vj1i0*uj1 + 2 vj1i1*uj1 + 2 vj1i2*uj1\n      + 2 vj1i3*uj1 + 2 vj1i4*uj1 + 2 vj2i0*uj2 + 2 vj2i1*uj2 + 2 vj2i2*uj2\n      + 2 vj2i3*uj2 + 2 vj2i4*uj2 + 2 vj3i0*uj3 + 2 vj3i1*uj3 + 2 vj3i2*uj3\n      + 2 vj3i3*uj3 + 2 vj3i4*uj3 ]/2\nSubject To\n cons_server_load_0: vj0i0 + vj1i0 + vj2i0 + vj3i0 >= 10\n cons_server_load_1: vj0i1 + vj1i1 + vj2i1 + vj3i1 >= 10\n cons_server_load_2: vj0i2 + vj1i2 + vj2i2 + vj3i2 >= 10\n cons_server_load_3: vj0i3 + vj1i3 + vj2i3 + vj3i3 >= 9\n cons_server_load_4: vj0i4 + vj1i4 + vj2i4 + vj3i4 >= 9\n cons_first3vm_server_0: vj0i0 + vj1i0 + vj2i0 >= 11\n cons_first3vm_server_1: vj0i1 + vj1i1 + vj2i1 >= 11\n cons_first3vm_server_2: vj0i2 + vj1i2 + vj2i2 >= 11\n cons_server_on_0: si0 = 1\n cons_server_on_1: si1 = 1\n cons_server_on_2: si2 = 1\n cons_server_on_3: si3 = 1\n cons_server_on_4: si4 = 1\n cons_vm_alloc_0: vj0i0 + vj0i1 + vj0i2 + vj0i3 + vj0i4 <= 12\n cons_vm_alloc_1: vj1i0 + vj1i1 + vj1i2 + vj1i3 + vj1i4 <= 11\n cons_vm_alloc_2: vj2i0 + vj2i1 + vj2i2 + vj2i3 + vj2i4 <= 8\n cons_vm_alloc_3: vj3i0 + vj3i1 + vj3i2 + vj3i3 + vj3i4 <= 9\n cons_min_cpu_vm_0: uj0 >= 1\n cons_min_cpu_vm_1: uj1 >= 1\n cons_min_cpu_vm_2: uj2 >= 1\n cons_min_cpu_vm_3: uj3 >= 1\n\nBounds\n 0 <= si0 <= 1\n 0 <= si1 <= 1\n 0 <= si2 <= 1\n 0 <= si3 <= 1\n 0 <= si4 <= 1\n\nBinaries\n si0 si1 si2 si3 si4\nEnd\n",
  "classic": {
    "objective": 14.537546136277943,
    "status": "INFEASIBLE",
    "x": [
      1.0,
      1.0,
      1.0,
      1.0,
      1.0,
      3.7387121705581,
      3.5834083065253504,
      3.841282428125567,
      0.9415012510290083,
      0.8117625104286429,
      3.7423672766709304,
      3.5352659838179727,
      3.465627831298767,
      0.5486540522044143,
      0.6247515226745867,
      2.6022538861043003,
      2.964659042990013,
      2.776423073909,
      0.42032271492840717,
      0.1530079487349449,
      -0.9166666666666655,
      -0.9166666666666654,
      -0.9166666666666654,
      6.172855315171504,
      6.493811351495158,
      0.19815906426559055,
      0.11715634344847525,
      0.09014125927560404,
      0.48182711612224516
    ],
    "residuals": [
      0.04006090015227857,
      0.10829053097833818,
      0.13888112630181598,
      0.07670673673106092,
      0.07304580339963715,
      0.0560058715111473,
      0.04825136717835144,
      0.03654100951191617,
      0.054263327313553746,
      0.02794347476665747,
      0.027736756333841074,
      0.034180456934684175,
      0.10212136148534384,
      0.05439106757610813,
      0.03580068547974865,
      0.036318333367550096,
      0.029057184871063724,
      0.04035265993698791,
      0.040236203136379246,
      0.01456628291677657
    ],
    "duration_seconds": 119.46918670000741
  },
  "quantum": {
    "objective": 3.6964791069301604,
    "status": "INFEASIBLE",
    "x": [
      0.0,
      0.0,
      0.0,
      0.0,
      0.0,
      3.787620145781613,
      3.7379561296702124,
      3.5960643179208693,
      1.0178547955813144,
      0.777171277712657,
      3.5268524854447745,
      3.503388557369443,
      3.638831115494163,
      0.5158881927503213,
      0.7317063156079648,
      2.7688607021069456,
      2.841988646293678,
      2.8484378999183,
      0.10522484901540098,
      0.35215456933234623,
      -0.916666666666666,
      -0.9166666666666662,
      -0.9166666666666662,
      6.444365495986299,
      6.222301170680366,
      0.08743255730205325,
      0.08334423886117943,
      0.08372888420548044,
      0.08343265658998825
    ],
    "residuals": [
      0.004925531450002614
    ],
    "duration_seconds": 6.9814905999810435
  },
  "combined_image": "q_20260323_160337_results.png"
}