{
  "script": "q",
  "meta": {
    "n_servers": 4,
    "n_vms": 5,
    "require_all_on": true
  },
  "input": {
    "pi": [
      1.0,
      1.0,
      1.0,
      1.0
    ],
    "pd": [
      1.0,
      1.0,
      1.0,
      1.0
    ],
    "capacities": [
      11,
      11,
      11,
      10
    ],
    "vm_allocation_limits": [
      9,
      8,
      12,
      11,
      10
    ],
    "min_cpu_per_vm": 1
  },
  "qp_lp": "\\ This file has been generated by DOcplex\n\\ ENCODING=ISO-8859-1\n\\Problem name: qiskit_server\n\nMinimize\n obj: si0 + si1 + si2 + si3 + [ 2 vj0i0*uj0 + 2 vj0i1*uj0 + 2 vj0i2*uj0\n      + 2 vj0i3*uj0 + 2 vj1i0*uj1 + 2 vj1i1*uj1 + 2 vj1i2*uj1 + 2 vj1i3*uj1\n      + 2 vj2i0*uj2 + 2 vj2i1*uj2 + 2 vj2i2*uj2 + 2 vj2i3*uj2 + 2 vj3i0*uj3\n      + 2 vj3i1*uj3 + 2 vj3i2*uj3 + 2 vj3i3*uj3 + 2 vj4i0*uj4 + 2 vj4i1*uj4\n      + 2 vj4i2*uj4 + 2 vj4i3*uj4 ]/2\nSubject To\n cons_server_load_0: vj0i0 + vj1i0 + vj2i0 + vj3i0 + vj4i0 >= 10\n cons_server_load_1: vj0i1 + vj1i1 + vj2i1 + vj3i1 + vj4i1 >= 10\n cons_server_load_2: vj0i2 + vj1i2 + vj2i2 + vj3i2 + vj4i2 >= 10\n cons_server_load_3: vj0i3 + vj1i3 + vj2i3 + vj3i3 + vj4i3 >= 9\n cons_first3vm_server_0: vj0i0 + vj1i0 + vj2i0 >= 11\n cons_first3vm_server_1: vj0i1 + vj1i1 + vj2i1 >= 11\n cons_first3vm_server_2: vj0i2 + vj1i2 + vj2i2 >= 11\n cons_server_on_0: si0 = 1\n cons_server_on_1: si1 = 1\n cons_server_on_2: si2 = 1\n cons_server_on_3: si3 = 1\n cons_vm_alloc_0: vj0i0 + vj0i1 + vj0i2 + vj0i3 <= 9\n cons_vm_alloc_1: vj1i0 + vj1i1 + vj1i2 + vj1i3 <= 8\n cons_vm_alloc_2: vj2i0 + vj2i1 + vj2i2 + vj2i3 <= 12\n cons_vm_alloc_3: vj3i0 + vj3i1 + vj3i2 + vj3i3 <= 11\n cons_vm_alloc_4: vj4i0 + vj4i1 + vj4i2 + vj4i3 <= 10\n cons_min_cpu_vm_0: uj0 >= 1\n cons_min_cpu_vm_1: uj1 >= 1\n cons_min_cpu_vm_2: uj2 >= 1\n cons_min_cpu_vm_3: uj3 >= 1\n cons_min_cpu_vm_4: uj4 >= 1\n\nBounds\n 0 <= si0 <= 1\n 0 <= si1 <= 1\n 0 <= si2 <= 1\n 0 <= si3 <= 1\n\nBinaries\n si0 si1 si2 si3\nEnd\n",
  "classic": {
    "objective": 49.13798228071545,
    "status": "INFEASIBLE",
    "x": [
      1.0,
      1.0,
      1.0,
      1.0,
      3.219732010651438,
      3.049917618170727,
      3.619239260066722,
      -0.4444444444444429,
      2.7589887136858837,
      3.280922497257849,
      2.8489776779451557,
      -0.44444444444444287,
      4.5768348312182345,
      4.224715440126978,
      4.0873386175436766,
      -0.44444444444444303,
      -0.009279231045434523,
      -0.398742106974751,
      0.2627969931103297,
      4.8743743851504275,
      -0.39377827767650636,
      -0.28484466442462414,
      -0.3824577571790878,
      5.136649897702302,
      1.3227629048935616,
      0.5555555555555571,
      1.4158855893621616,
      1.2151504906446968,
      1.1255666916717577
    ],
    "residuals": [
      0.10438790810850576,
      0.10818641072882977,
      0.04801831046281602,
      0.01997205733691721,
      0.16548378609418415,
      0.09740588271350971,
      0.05713628655799284,
      0.030532284847305576,
      0.038687156040120636,
      0.04073542945465978,
      0.028773998551185752,
      0.03279670455235186,
      0.01172491700601277,
      0.01751434105533443,
      0.025756762521818705,
      0.035315002440877416,
      0.022029615226164215,
      0.028361413815000156,
      0.014197497680857691,
      0.008359462889348015
    ],
    "duration_seconds": 88.1690717000165
  },
  "quantum": {
    "objective": 22.53605562565075,
    "status": "INFEASIBLE",
    "x": [
      0.0,
      0.0,
      0.0,
      0.0,
      3.270715802197138,
      3.2857432970766394,
      3.3324297896151176,
      -0.4444444444444421,
      3.058639532091771,
      2.95419977301315,
      2.8760495837839586,
      -0.4444444444444425,
      4.226200221266648,
      4.3156124854657705,
      4.347076182156476,
      -0.44444444444444237,
      0.40015052809701357,
      0.0400593696406369,
      -0.12653535075152245,
      4.975615229202956,
      0.05291525563515582,
      -0.020009006841223503,
      -0.14153529458136765,
      5.050737408698734,
      0.5555555555555577,
      0.5555555555555577,
      0.5555555555555576,
      0.5555732699415692,
      0.5555555555555577
    ],
    "residuals": [
      0.003827294319060399
    ],
    "duration_seconds": 3.169888300006278
  },
  "combined_image": "q_20260323_155534_results.png"
}