{
  "script": "q",
  "meta": {
    "n_servers": 2,
    "n_vms": 6,
    "require_all_on": true
  },
  "input": {
    "pi": [
      1.0,
      1.0
    ],
    "pd": [
      1.0,
      1.0
    ],
    "capacities": [
      11,
      11
    ],
    "vm_allocation_limits": [
      12,
      10,
      8,
      9,
      11,
      10
    ],
    "min_cpu_per_vm": 1
  },
  "qp_lp": "\\ This file has been generated by DOcplex\n\\ ENCODING=ISO-8859-1\n\\Problem name: qiskit_server\n\nMinimize\n obj: si0 + si1 + [ 2 vj0i0*uj0 + 2 vj0i1*uj0 + 2 vj1i0*uj1 + 2 vj1i1*uj1\n      + 2 vj2i0*uj2 + 2 vj2i1*uj2 + 2 vj3i0*uj3 + 2 vj3i1*uj3 + 2 vj4i0*uj4\n      + 2 vj4i1*uj4 + 2 vj5i0*uj5 + 2 vj5i1*uj5 ]/2\nSubject To\n cons_server_load_0: vj0i0 + vj1i0 + vj2i0 + vj3i0 + vj4i0 + vj5i0 >= 10\n cons_server_load_1: vj0i1 + vj1i1 + vj2i1 + vj3i1 + vj4i1 + vj5i1 >= 10\n cons_first3vm_server_0: vj0i0 + vj1i0 + vj2i0 >= 11\n cons_first3vm_server_1: vj0i1 + vj1i1 + vj2i1 >= 11\n cons_server_on_0: si0 = 1\n cons_server_on_1: si1 = 1\n cons_vm_alloc_0: vj0i0 + vj0i1 <= 12\n cons_vm_alloc_1: vj1i0 + vj1i1 <= 10\n cons_vm_alloc_2: vj2i0 + vj2i1 <= 8\n cons_vm_alloc_3: vj3i0 + vj3i1 <= 9\n cons_vm_alloc_4: vj4i0 + vj4i1 <= 11\n cons_vm_alloc_5: vj5i0 + vj5i1 <= 10\n cons_min_cpu_vm_0: uj0 >= 1\n cons_min_cpu_vm_1: uj1 >= 1\n cons_min_cpu_vm_2: uj2 >= 1\n cons_min_cpu_vm_3: uj3 >= 1\n cons_min_cpu_vm_4: uj4 >= 1\n cons_min_cpu_vm_5: uj5 >= 1\n\nBounds\n 0 <= si0 <= 1\n 0 <= si1 <= 1\n\nBinaries\n si0 si1\nEnd\n",
  "classic": {
    "objective": 24.000000000000004,
    "status": "INFEASIBLE",
    "x": [
      1.0,
      1.0,
      4.136894953304647,
      3.7836757766633076,
      3.684911536356628,
      3.616047715654696,
      3.178193510338725,
      3.6002765076819974,
      -4.35703656529306e-17,
      -6.616060567792391e-19,
      -1.6727840671919743e-21,
      -3.7119550586991234e-17,
      8.595725780729849e-19,
      -7.605602597824236e-17,
      1.0,
      1.0,
      1.0000000000000002,
      1.0307626812539077,
      1.0,
      1.0000230438272408
    ],
    "residuals": [
      9.999999999986597e-05
    ],
    "duration_seconds": 2.7144908999907784
  },
  "quantum": {
    "objective": 21.999999999999986,
    "status": "INFEASIBLE",
    "x": [
      0.0,
      0.0,
      4.204378333823004,
      3.7641480366638405,
      3.69495045449942,
      3.7268900644421668,
      3.100671211677567,
      3.5089618988939866,
      -9.490698013344592e-17,
      -9.655301872059952e-17,
      -1.1712913859386544e-16,
      -7.499137204729146e-19,
      -1.0845830237320254e-21,
      -9.43590383664515e-17,
      1.0,
      0.9999999999999999,
      1.0,
      1.2339673680017922,
      1.2241233225503734,
      1.0232577698847103
    ],
    "residuals": [
      9.999999999986654e-05
    ],
    "duration_seconds": 3.9835934000147972
  },
  "combined_image": "q_20260323_154224_results.png"
}