{
  "script": "q",
  "meta": {
    "n_servers": 3,
    "n_vms": 5,
    "require_all_on": true
  },
  "input": {
    "pi": [
      1.0,
      1.0,
      1.0
    ],
    "pd": [
      1.0,
      1.0,
      1.0
    ],
    "capacities": [
      11,
      11,
      11
    ],
    "vm_allocation_limits": [
      11,
      9,
      12,
      10,
      8
    ],
    "min_cpu_per_vm": 1
  },
  "qp_lp": "\\ This file has been generated by DOcplex\n\\ ENCODING=ISO-8859-1\n\\Problem name: qiskit_server\n\nMinimize\n obj: si0 + si1 + si2 + [ 2 vj0i0*uj0 + 2 vj0i1*uj0 + 2 vj0i2*uj0 + 2 vj1i0*uj1\n      + 2 vj1i1*uj1 + 2 vj1i2*uj1 + 2 vj2i0*uj2 + 2 vj2i1*uj2 + 2 vj2i2*uj2\n      + 2 vj3i0*uj3 + 2 vj3i1*uj3 + 2 vj3i2*uj3 + 2 vj4i0*uj4 + 2 vj4i1*uj4\n      + 2 vj4i2*uj4 ]/2\nSubject To\n cons_server_load_0: vj0i0 + vj1i0 + vj2i0 + vj3i0 + vj4i0 >= 10\n cons_server_load_1: vj0i1 + vj1i1 + vj2i1 + vj3i1 + vj4i1 >= 10\n cons_server_load_2: vj0i2 + vj1i2 + vj2i2 + vj3i2 + vj4i2 >= 10\n cons_first3vm_server_0: vj0i0 + vj1i0 + vj2i0 >= 11\n cons_first3vm_server_1: vj0i1 + vj1i1 + vj2i1 >= 11\n cons_first3vm_server_2: vj0i2 + vj1i2 + vj2i2 >= 11\n cons_server_on_0: si0 = 1\n cons_server_on_1: si1 = 1\n cons_server_on_2: si2 = 1\n cons_vm_alloc_0: vj0i0 + vj0i1 + vj0i2 <= 11\n cons_vm_alloc_1: vj1i0 + vj1i1 + vj1i2 <= 9\n cons_vm_alloc_2: vj2i0 + vj2i1 + vj2i2 <= 12\n cons_vm_alloc_3: vj3i0 + vj3i1 + vj3i2 <= 10\n cons_vm_alloc_4: vj4i0 + vj4i1 + vj4i2 <= 8\n cons_min_cpu_vm_0: uj0 >= 1\n cons_min_cpu_vm_1: uj1 >= 1\n cons_min_cpu_vm_2: uj2 >= 1\n cons_min_cpu_vm_3: uj3 >= 1\n cons_min_cpu_vm_4: uj4 >= 1\n\nBounds\n 0 <= si0 <= 1\n 0 <= si1 <= 1\n 0 <= si2 <= 1\n\nBinaries\n si0 si1 si2\nEnd\n",
  "classic": {
    "objective": 40.78426111510423,
    "status": "INFEASIBLE",
    "x": [
      1.0,
      1.0,
      1.0,
      4.318489729137728,
      3.437507317506208,
      3.4106696200227233,
      2.4400574035767244,
      3.315416823703678,
      3.4111924393862636,
      4.074786200618879,
      4.080409192123449,
      4.011471273924338,
      -0.033582037979927565,
      0.38646827477395906,
      -0.14737335556982503,
      -0.0765899852202398,
      -0.07901091601266248,
      -0.0962061177326285,
      1.3099872542179707,
      1.3308309568001175,
      0.8994039550715496,
      1.2477907232197534,
      0.9626373749399114
    ],
    "residuals": [
      0.05251615969598926,
      0.035452577950057684,
      0.12721387289262606,
      0.10184562523459932,
      0.024619435383689825,
      0.09879455323516724,
      0.18182533476292465,
      0.18178558220287505,
      0.02718613308635211,
      0.14391308777549341,
      0.10225055176923917,
      0.02462327758113601,
      0.057595945497685964,
      0.046934080174016936,
      0.010744522581420262,
      0.026655468899598442,
      0.05101122779911121,
      0.09664848461779794,
      0.04368506697848748,
      0.029913301825725398
    ],
    "duration_seconds": 86.63313560001552
  },
  "quantum": {
    "objective": 28.109297653609328,
    "status": "INFEASIBLE",
    "x": [
      0.0,
      0.0,
      0.0,
      4.250144683650426,
      3.4226031797113676,
      3.493918803304879,
      3.035242005831336,
      2.9194954692991346,
      3.211929191536193,
      3.54794664385158,
      4.491234684322823,
      4.1274853384922565,
      -0.023435930398665063,
      0.6444547430072466,
      -0.07070408305447223,
      0.27915995400412197,
      0.1147334748885504,
      -0.07704523497716727,
      0.8334339698032129,
      0.8333333333333391,
      0.833333333333339,
      1.3674924529982122,
      0.85936834153403
    ],
    "residuals": [
      0.004375387298665684
    ],
    "duration_seconds": 4.804246999992756
  },
  "combined_image": "q_20260323_154755_results.png"
}