{
  "script": "q",
  "meta": {
    "n_servers": 3,
    "n_vms": 6,
    "require_all_on": true
  },
  "input": {
    "pi": [
      1.0,
      1.0,
      1.0
    ],
    "pd": [
      1.0,
      1.0,
      1.0
    ],
    "capacities": [
      11,
      11,
      11
    ],
    "vm_allocation_limits": [
      8,
      12,
      11,
      9,
      10,
      8
    ],
    "min_cpu_per_vm": 1
  },
  "qp_lp": "\\ This file has been generated by DOcplex\n\\ ENCODING=ISO-8859-1\n\\Problem name: qiskit_server\n\nMinimize\n obj: si0 + si1 + si2 + [ 2 vj0i0*uj0 + 2 vj0i1*uj0 + 2 vj0i2*uj0 + 2 vj1i0*uj1\n      + 2 vj1i1*uj1 + 2 vj1i2*uj1 + 2 vj2i0*uj2 + 2 vj2i1*uj2 + 2 vj2i2*uj2\n      + 2 vj3i0*uj3 + 2 vj3i1*uj3 + 2 vj3i2*uj3 + 2 vj4i0*uj4 + 2 vj4i1*uj4\n      + 2 vj4i2*uj4 + 2 vj5i0*uj5 + 2 vj5i1*uj5 + 2 vj5i2*uj5 ]/2\nSubject To\n cons_server_load_0: vj0i0 + vj1i0 + vj2i0 + vj3i0 + vj4i0 + vj5i0 >= 10\n cons_server_load_1: vj0i1 + vj1i1 + vj2i1 + vj3i1 + vj4i1 + vj5i1 >= 10\n cons_server_load_2: vj0i2 + vj1i2 + vj2i2 + vj3i2 + vj4i2 + vj5i2 >= 10\n cons_first3vm_server_0: vj0i0 + vj1i0 + vj2i0 >= 11\n cons_first3vm_server_1: vj0i1 + vj1i1 + vj2i1 >= 11\n cons_first3vm_server_2: vj0i2 + vj1i2 + vj2i2 >= 11\n cons_server_on_0: si0 = 1\n cons_server_on_1: si1 = 1\n cons_server_on_2: si2 = 1\n cons_vm_alloc_0: vj0i0 + vj0i1 + vj0i2 <= 8\n cons_vm_alloc_1: vj1i0 + vj1i1 + vj1i2 <= 12\n cons_vm_alloc_2: vj2i0 + vj2i1 + vj2i2 <= 11\n cons_vm_alloc_3: vj3i0 + vj3i1 + vj3i2 <= 9\n cons_vm_alloc_4: vj4i0 + vj4i1 + vj4i2 <= 10\n cons_vm_alloc_5: vj5i0 + vj5i1 + vj5i2 <= 8\n cons_min_cpu_vm_0: uj0 >= 1\n cons_min_cpu_vm_1: uj1 >= 1\n cons_min_cpu_vm_2: uj2 >= 1\n cons_min_cpu_vm_3: uj3 >= 1\n cons_min_cpu_vm_4: uj4 >= 1\n cons_min_cpu_vm_5: uj5 >= 1\n\nBounds\n 0 <= si0 <= 1\n 0 <= si1 <= 1\n 0 <= si2 <= 1\n\nBinaries\n si0 si1 si2\nEnd\n",
  "classic": {
    "objective": 24.436272258224626,
    "status": "INFEASIBLE",
    "x": [
      1.0,
      1.0,
      1.0,
      2.4566167033566453,
      2.836745027840504,
      3.039971602136183,
      4.269095939210913,
      3.9232719958370956,
      4.140965398285329,
      3.940954024099109,
      3.906649642989069,
      3.485729666245154,
      -0.019687003975934484,
      0.5678085687864249,
      0.05053507395378447,
      0.30785950963788283,
      -0.06151656847458228,
      -0.1408144808276466,
      -0.055134378018563385,
      -0.23394130544488104,
      -0.266228344333666,
      0.6666680726084233,
      0.6666666666666692,
      0.6666666666666693,
      0.7583991265446878,
      0.8973048405967712,
      0.8027758474531792
    ],
    "residuals": [
      0.02056317178260766,
      0.041716627382066024,
      0.044349835934756804,
      0.00811459292922302,
      0.041021197992615346,
      0.030289667330217585,
      0.02817447021971409,
      0.04158322310010186,
      0.012063678371168361,
      0.022717513875187254,
      0.024906081048353488,
      0.014096782314742186,
      0.01130199840887878,
      0.004808818925151899,
      0.0052586533644050195,
      0.001701514179565123,
      0.006473337355950036,
      0.003237445463863791,
      0.00656898739008198,
      0.00664459253538793
    ],
    "duration_seconds": 99.83219470002223
  },
  "quantum": {
    "objective": 22.474238244734337,
    "status": "INFEASIBLE",
    "x": [
      0.0,
      0.0,
      0.0,
      2.4924558680416364,
      2.908720777677553,
      2.9321566876141505,
      4.401236419254471,
      3.89699662067744,
      4.035100293401423,
      3.772974379370557,
      3.8609492683116833,
      3.6994096856511045,
      -0.011729283164958167,
      -0.018512059133010895,
      -0.195835004584738,
      -0.3090121236891714,
      -0.08084368489267385,
      0.0654943807896141,
      0.006031093306354167,
      0.07032894372880708,
      0.06493505811076473,
      0.666725246641198,
      0.666710202231032,
      0.8042123226185469,
      1.0111403000927068,
      0.9351632095527451,
      0.7994249046523968
    ],
    "residuals": [
      0.005438184576258025
    ],
    "duration_seconds": 5.9052043999836314
  },
  "combined_image": "q_20260323_154948_results.png"
}