{
  "script": "q",
  "meta": {
    "n_servers": 3,
    "n_vms": 1,
    "require_all_on": true
  },
  "input": {
    "pi": [
      1.0,
      1.0,
      1.0
    ],
    "pd": [
      1.0,
      1.0,
      1.0
    ],
    "capacities": [
      11,
      11,
      11
    ],
    "vm_allocation_limits": [
      11
    ],
    "min_cpu_per_vm": 1
  },
  "qp_lp": "\\ This file has been generated by DOcplex\n\\ ENCODING=ISO-8859-1\n\\Problem name: qiskit_server\n\nMinimize\n obj: si0 + si1 + si2 + [ 2 vj0i0*uj0 + 2 vj0i1*uj0 + 2 vj0i2*uj0 ]/2\nSubject To\n cons_server_load_0: vj0i0 >= 10\n cons_server_load_1: vj0i1 >= 10\n cons_server_load_2: vj0i2 >= 10\n cons_first3vm_server_0: vj0i0 >= 11\n cons_first3vm_server_1: vj0i1 >= 11\n cons_first3vm_server_2: vj0i2 >= 11\n cons_server_on_0: si0 = 1\n cons_server_on_1: si1 = 1\n cons_server_on_2: si2 = 1\n cons_vm_alloc_0: vj0i0 + vj0i1 + vj0i2 <= 11\n cons_min_cpu_vm_0: uj0 >= 1\n\nBounds\n 0 <= si0 <= 1\n 0 <= si1 <= 1\n 0 <= si2 <= 1\n\nBinaries\n si0 si1 si2\nEnd\n",
  "classic": {
    "objective": 18.644923993697034,
    "status": "INFEASIBLE",
    "x": [
      1.0,
      1.0,
      1.0,
      5.5,
      5.5,
      5.5,
      0.9481772117392143
    ],
    "residuals": [
      0.18403270121620416,
      0.2405605074154917,
      0.41909969233744326,
      0.40928403841725053,
      0.1512643167848036,
      0.34165358079927277,
      0.07712437655300482,
      0.18899932345488502,
      0.15786296982007933,
      0.3786744080960068,
      0.2713140944273021,
      0.17295695099360497,
      0.30794288386885976,
      0.06908450013136584,
      0.2025681403908137,
      0.1948172103289522,
      0.18224607277013205,
      0.06115092504307315,
      0.146383435126901,
      0.09068358693797937
    ],
    "duration_seconds": 27.7116476999945
  },
  "quantum": {
    "objective": -24.352258887883664,
    "status": "INFEASIBLE",
    "x": [
      0.0,
      0.0,
      0.0,
      5.5,
      5.5,
      5.5,
      -1.4758944780535554
    ],
    "residuals": [
      0.008222886107376162
    ],
    "duration_seconds": 2.9795310999907088
  },
  "combined_image": "q_20260323_154303_results.png"
}