{
  "script": "q",
  "meta": {
    "n_servers": 6,
    "n_vms": 1,
    "require_all_on": true
  },
  "input": {
    "pi": [
      1.0,
      1.0,
      1.0,
      1.0,
      1.0,
      1.0
    ],
    "pd": [
      1.0,
      1.0,
      1.0,
      1.0,
      1.0,
      1.0
    ],
    "capacities": [
      11,
      11,
      11,
      10,
      10,
      10
    ],
    "vm_allocation_limits": [
      12
    ],
    "min_cpu_per_vm": 1
  },
  "qp_lp": "\\ This file has been generated by DOcplex\n\\ ENCODING=ISO-8859-1\n\\Problem name: qiskit_server\n\nMinimize\n obj: si0 + si1 + si2 + si3 + si4 + si5 + [ 2 vj0i0*uj0 + 2 vj0i1*uj0\n      + 2 vj0i2*uj0 + 2 vj0i3*uj0 + 2 vj0i4*uj0 + 2 vj0i5*uj0 ]/2\nSubject To\n cons_server_load_0: vj0i0 >= 10\n cons_server_load_1: vj0i1 >= 10\n cons_server_load_2: vj0i2 >= 10\n cons_server_load_3: vj0i3 >= 9\n cons_server_load_4: vj0i4 >= 9\n cons_server_load_5: vj0i5 >= 9\n cons_first3vm_server_0: vj0i0 >= 11\n cons_first3vm_server_1: vj0i1 >= 11\n cons_first3vm_server_2: vj0i2 >= 11\n cons_server_on_0: si0 = 1\n cons_server_on_1: si1 = 1\n cons_server_on_2: si2 = 1\n cons_server_on_3: si3 = 1\n cons_server_on_4: si4 = 1\n cons_server_on_5: si5 = 1\n cons_vm_alloc_0: vj0i0 + vj0i1 + vj0i2 + vj0i3 + vj0i4 + vj0i5 <= 12\n cons_min_cpu_vm_0: uj0 >= 1\n\nBounds\n 0 <= si0 <= 1\n 0 <= si1 <= 1\n 0 <= si2 <= 1\n 0 <= si3 <= 1\n 0 <= si4 <= 1\n 0 <= si5 <= 1\n\nBinaries\n si0 si1 si2 si3 si4 si5\nEnd\n",
  "classic": {
    "objective": 21.774904692498485,
    "status": "INFEASIBLE",
    "x": [
      1.0,
      1.0,
      1.0,
      1.0,
      1.0,
      1.0,
      4.142857142857144,
      4.142857142857145,
      4.142857142857145,
      2.142857142857144,
      2.1428571428571437,
      2.1428571428571432,
      0.8365479761173436
    ],
    "residuals": [
      0.15144965868686744,
      0.06252183830904177,
      0.1138553287059273,
      0.1989310609142669,
      0.265448628963305,
      0.3634647163941738,
      0.23973743252592064,
      0.09636775593830783,
      0.31628916785112876,
      0.23591482925747362,
      0.06049343366161037,
      0.06182518892683556,
      0.28228951727387935,
      0.16262883560158617,
      0.07463445362814007,
      0.06860410760396288,
      0.022213246607616956,
      0.08226015279908523,
      0.012238313693462744,
      0.0701311554383419
    ],
    "duration_seconds": 44.20928670000285
  },
  "quantum": {
    "objective": -3.0296969044271376,
    "status": "INFEASIBLE",
    "x": [
      0.0,
      0.0,
      0.0,
      0.0,
      0.0,
      0.0,
      4.142857142857149,
      4.142857142857148,
      4.142857142857148,
      2.1428571428571477,
      2.142857142857145,
      2.142857142857145,
      -0.16066574493174193
    ],
    "residuals": [
      0.03832338028322583,
      0.021069119489355515,
      0.008190932860822607
    ],
    "duration_seconds": 21.967843199992785
  },
  "combined_image": "q_20260323_161514_results.png"
}