{
  "script": "q",
  "meta": {
    "n_servers": 4,
    "n_vms": 3,
    "require_all_on": true
  },
  "input": {
    "pi": [
      1.0,
      1.0,
      1.0,
      1.0
    ],
    "pd": [
      1.0,
      1.0,
      1.0,
      1.0
    ],
    "capacities": [
      11,
      11,
      11,
      10
    ],
    "vm_allocation_limits": [
      9,
      11,
      8
    ],
    "min_cpu_per_vm": 1
  },
  "qp_lp": "\\ This file has been generated by DOcplex\n\\ ENCODING=ISO-8859-1\n\\Problem name: qiskit_server\n\nMinimize\n obj: si0 + si1 + si2 + si3 + [ 2 vj0i0*uj0 + 2 vj0i1*uj0 + 2 vj0i2*uj0\n      + 2 vj0i3*uj0 + 2 vj1i0*uj1 + 2 vj1i1*uj1 + 2 vj1i2*uj1 + 2 vj1i3*uj1\n      + 2 vj2i0*uj2 + 2 vj2i1*uj2 + 2 vj2i2*uj2 + 2 vj2i3*uj2 ]/2\nSubject To\n cons_server_load_0: vj0i0 + vj1i0 + vj2i0 >= 10\n cons_server_load_1: vj0i1 + vj1i1 + vj2i1 >= 10\n cons_server_load_2: vj0i2 + vj1i2 + vj2i2 >= 10\n cons_server_load_3: vj0i3 + vj1i3 + vj2i3 >= 9\n cons_first3vm_server_0: vj0i0 + vj1i0 + vj2i0 >= 11\n cons_first3vm_server_1: vj0i1 + vj1i1 + vj2i1 >= 11\n cons_first3vm_server_2: vj0i2 + vj1i2 + vj2i2 >= 11\n cons_server_on_0: si0 = 1\n cons_server_on_1: si1 = 1\n cons_server_on_2: si2 = 1\n cons_server_on_3: si3 = 1\n cons_vm_alloc_0: vj0i0 + vj0i1 + vj0i2 + vj0i3 <= 9\n cons_vm_alloc_1: vj1i0 + vj1i1 + vj1i2 + vj1i3 <= 11\n cons_vm_alloc_2: vj2i0 + vj2i1 + vj2i2 + vj2i3 <= 8\n cons_min_cpu_vm_0: uj0 >= 1\n cons_min_cpu_vm_1: uj1 >= 1\n cons_min_cpu_vm_2: uj2 >= 1\n\nBounds\n 0 <= si0 <= 1\n 0 <= si1 <= 1\n 0 <= si2 <= 1\n 0 <= si3 <= 1\n\nBinaries\n si0 si1 si2 si3\nEnd\n",
  "classic": {
    "objective": -9.531005467099597,
    "status": "INFEASIBLE",
    "x": [
      1.0,
      1.0,
      1.0,
      1.0,
      3.371098269041314,
      3.1472378338185454,
      2.4836873351308175,
      1.9979765620093246,
      2.455211433965342,
      3.6628489929491233,
      3.8806388770921583,
      3.0013006959933755,
      3.173690296993347,
      2.18991317323233,
      2.635673787777023,
      2.0007227419972993,
      -0.41291171770483903,
      -0.1074276983140666,
      -0.7592416494263504
    ],
    "residuals": [
      0.06292475408544694,
      0.06471080013591836,
      0.08869056564053959,
      0.08977331960118776,
      0.08073994912265814,
      0.08466830270770477,
      0.16100203942984134,
      0.08098251289930103,
      0.15762104816065908,
      0.11651819257671278,
      0.024172277003981012,
      0.028534104127333884,
      0.020878215213163038,
      0.028900234933492072,
      0.009847392936211976,
      0.029348436175427633,
      0.01848970953616811,
      0.02218625824206225,
      0.02490554206325131,
      0.01325225825608122
    ],
    "duration_seconds": 46.27617959998315
  },
  "quantum": {
    "objective": -22.453803968934274,
    "status": "INFEASIBLE",
    "x": [
      0.0,
      0.0,
      0.0,
      0.0,
      3.5878952588559097,
      3.0292496389549144,
      2.349058400358617,
      2.0337967018305587,
      3.2127905191845136,
      2.854197181390756,
      3.804022533702537,
      3.128989765722202,
      2.1993142219595763,
      3.116553179654334,
      2.8469190659388515,
      1.8372135324472405,
      -0.7140039788592738,
      -0.8608023675400404,
      -0.34093294234617266
    ],
    "residuals": [
      0.006508842647964692
    ],
    "duration_seconds": 4.705027299991343
  },
  "combined_image": "q_20260323_155213_results.png"
}