{
  "script": "q",
  "meta": {
    "n_servers": 6,
    "n_vms": 3,
    "require_all_on": true
  },
  "input": {
    "pi": [
      1.0,
      1.0,
      1.0,
      1.0,
      1.0,
      1.0
    ],
    "pd": [
      1.0,
      1.0,
      1.0,
      1.0,
      1.0,
      1.0
    ],
    "capacities": [
      11,
      11,
      11,
      10,
      10,
      10
    ],
    "vm_allocation_limits": [
      9,
      12,
      8
    ],
    "min_cpu_per_vm": 1
  },
  "qp_lp": "\\ This file has been generated by DOcplex\n\\ ENCODING=ISO-8859-1\n\\Problem name: qiskit_server\n\nMinimize\n obj: si0 + si1 + si2 + si3 + si4 + si5 + [ 2 vj0i0*uj0 + 2 vj0i1*uj0\n      + 2 vj0i2*uj0 + 2 vj0i3*uj0 + 2 vj0i4*uj0 + 2 vj0i5*uj0 + 2 vj1i0*uj1\n      + 2 vj1i1*uj1 + 2 vj1i2*uj1 + 2 vj1i3*uj1 + 2 vj1i4*uj1 + 2 vj1i5*uj1\n      + 2 vj2i0*uj2 + 2 vj2i1*uj2 + 2 vj2i2*uj2 + 2 vj2i3*uj2 + 2 vj2i4*uj2\n      + 2 vj2i5*uj2 ]/2\nSubject To\n cons_server_load_0: vj0i0 + vj1i0 + vj2i0 >= 10\n cons_server_load_1: vj0i1 + vj1i1 + vj2i1 >= 10\n cons_server_load_2: vj0i2 + vj1i2 + vj2i2 >= 10\n cons_server_load_3: vj0i3 + vj1i3 + vj2i3 >= 9\n cons_server_load_4: vj0i4 + vj1i4 + vj2i4 >= 9\n cons_server_load_5: vj0i5 + vj1i5 + vj2i5 >= 9\n cons_first3vm_server_0: vj0i0 + vj1i0 + vj2i0 >= 11\n cons_first3vm_server_1: vj0i1 + vj1i1 + vj2i1 >= 11\n cons_first3vm_server_2: vj0i2 + vj1i2 + vj2i2 >= 11\n cons_server_on_0: si0 = 1\n cons_server_on_1: si1 = 1\n cons_server_on_2: si2 = 1\n cons_server_on_3: si3 = 1\n cons_server_on_4: si4 = 1\n cons_server_on_5: si5 = 1\n cons_vm_alloc_0: vj0i0 + vj0i1 + vj0i2 + vj0i3 + vj0i4 + vj0i5 <= 9\n cons_vm_alloc_1: vj1i0 + vj1i1 + vj1i2 + vj1i3 + vj1i4 + vj1i5 <= 12\n cons_vm_alloc_2: vj2i0 + vj2i1 + vj2i2 + vj2i3 + vj2i4 + vj2i5 <= 8\n cons_min_cpu_vm_0: uj0 >= 1\n cons_min_cpu_vm_1: uj1 >= 1\n cons_min_cpu_vm_2: uj2 >= 1\n\nBounds\n 0 <= si0 <= 1\n 0 <= si1 <= 1\n 0 <= si2 <= 1\n 0 <= si3 <= 1\n 0 <= si4 <= 1\n 0 <= si5 <= 1\n\nBinaries\n si0 si1 si2 si3 si4 si5\nEnd\n",
  "classic": {
    "objective": 2.6109370491577684,
    "status": "INFEASIBLE",
    "x": [
      1.0,
      1.0,
      1.0,
      1.0,
      1.0,
      1.0,
      2.3792039634287416,
      2.4217792099110413,
      2.3466299033257845,
      1.7932551529088694,
      1.7629644651340866,
      1.7406117497359246,
      2.9799393395376645,
      2.9069994196084097,
      2.9073844003718814,
      2.2015362287598017,
      2.171351292869443,
      2.277233763297254,
      2.1964122525891514,
      2.2267769260361066,
      2.3015412518578917,
      1.5607641738868876,
      1.6212397975520285,
      1.537710042522381,
      -0.07370119166534107,
      -0.037090120230624524,
      -0.16593695513597154
    ],
    "residuals": [
      0.06094064627520658,
      0.1335217068890215,
      0.15474042926091938,
      0.06117011752135096,
      0.08974440360260734,
      0.14282997904284034,
      0.14511552739641898,
      0.11018783394371319,
      0.13026482963502864,
      0.12922795646219618,
      0.08650351163106931,
      0.0354506225653105,
      0.022845536944234194,
      0.02440966972598023,
      0.028816308895968108,
      0.0271208060695054,
      0.021533380927551415,
      0.016852120360156854,
      0.02153226854794541,
      0.023803890591146955
    ],
    "duration_seconds": 112.11542109999573
  },
  "quantum": {
    "objective": -41.52627962688484,
    "status": "INFEASIBLE",
    "x": [
      0.0,
      0.0,
      0.0,
      0.0,
      0.0,
      0.0,
      2.6020559958420284,
      2.6187206693073213,
      2.697627403135589,
      1.4370200191963203,
      1.6496738955595458,
      1.439346461403644,
      2.4924447116499198,
      2.6892736002245554,
      2.996589604473388,
      2.5175480598509337,
      2.381378495274862,
      2.367209972970793,
      2.461054848063609,
      2.247561286023682,
      1.861338547946582,
      1.6009874765083036,
      1.5245031647211518,
      1.7489991211811253,
      -0.3565155901999792,
      -1.8163018590180646,
      -0.7897166226801426
    ],
    "residuals": [
      0.007210743124150812
    ],
    "duration_seconds": 10.066801400011173
  },
  "combined_image": "q_20260323_162027_results.png"
}