{
  "script": "q",
  "meta": {
    "n_servers": 3,
    "n_vms": 3,
    "require_all_on": true
  },
  "input": {
    "pi": [
      1.0,
      1.0,
      1.0
    ],
    "pd": [
      1.0,
      1.0,
      1.0
    ],
    "capacities": [
      11,
      11,
      11
    ],
    "vm_allocation_limits": [
      8,
      12,
      9
    ],
    "min_cpu_per_vm": 1
  },
  "qp_lp": "\\ This file has been generated by DOcplex\n\\ ENCODING=ISO-8859-1\n\\Problem name: qiskit_server\n\nMinimize\n obj: si0 + si1 + si2 + [ 2 vj0i0*uj0 + 2 vj0i1*uj0 + 2 vj0i2*uj0 + 2 vj1i0*uj1\n      + 2 vj1i1*uj1 + 2 vj1i2*uj1 + 2 vj2i0*uj2 + 2 vj2i1*uj2 + 2 vj2i2*uj2 ]/2\nSubject To\n cons_server_load_0: vj0i0 + vj1i0 + vj2i0 >= 10\n cons_server_load_1: vj0i1 + vj1i1 + vj2i1 >= 10\n cons_server_load_2: vj0i2 + vj1i2 + vj2i2 >= 10\n cons_first3vm_server_0: vj0i0 + vj1i0 + vj2i0 >= 11\n cons_first3vm_server_1: vj0i1 + vj1i1 + vj2i1 >= 11\n cons_first3vm_server_2: vj0i2 + vj1i2 + vj2i2 >= 11\n cons_server_on_0: si0 = 1\n cons_server_on_1: si1 = 1\n cons_server_on_2: si2 = 1\n cons_vm_alloc_0: vj0i0 + vj0i1 + vj0i2 <= 8\n cons_vm_alloc_1: vj1i0 + vj1i1 + vj1i2 <= 12\n cons_vm_alloc_2: vj2i0 + vj2i1 + vj2i2 <= 9\n cons_min_cpu_vm_0: uj0 >= 1\n cons_min_cpu_vm_1: uj1 >= 1\n cons_min_cpu_vm_2: uj2 >= 1\n\nBounds\n 0 <= si0 <= 1\n 0 <= si1 <= 1\n 0 <= si2 <= 1\n\nBinaries\n si0 si1 si2\nEnd\n",
  "classic": {
    "objective": 15.584851064299205,
    "status": "INFEASIBLE",
    "x": [
      1.0,
      1.0,
      1.0,
      2.8099961552449004,
      3.339851482333972,
      2.516819029087792,
      5.650741362306839,
      3.2356588607676673,
      3.7802664435921596,
      1.8725958157815945,
      3.7578229902316926,
      4.036247860653379,
      0.5869041027462921,
      0.33333333333333465,
      0.33890965016645874
    ],
    "residuals": [
      0.016715041020907765,
      0.018964710421029107,
      0.038449853639066826,
      0.027390977280438204,
      0.020938018530287657,
      0.06520314910304431,
      0.04526827624075893,
      0.05844595899758603,
      0.02951155843403905,
      0.035288485458184825,
      0.09732228722790409,
      0.06296934470626625,
      0.011817337698963658,
      0.047959776604842595,
      0.08359873336658323,
      0.09702802890838237,
      0.04007463797136165,
      0.01868518625520414,
      0.009098676235432994,
      0.002829076525969049
    ],
    "duration_seconds": 47.58650390000548
  },
  "quantum": {
    "objective": 13.346909115833697,
    "status": "INFEASIBLE",
    "x": [
      0.0,
      0.0,
      0.0,
      1.741953145446632,
      3.4666117752461685,
      3.4581017459738654,
      5.265757888334649,
      3.3751017283860674,
      4.02580704994595,
      3.3256222995520512,
      3.491619829701097,
      2.849424537413521,
      0.5176624849527397,
      0.33392664523967563,
      0.4790444903317993
    ],
    "residuals": [
      0.02068111961748648,
      0.00411074225862912
    ],
    "duration_seconds": 7.094822799990652
  },
  "combined_image": "q_20260323_154458_results.png"
}