{
  "script": "q",
  "meta": {
    "n_servers": 3,
    "n_vms": 4,
    "require_all_on": true
  },
  "input": {
    "pi": [
      1.0,
      1.0,
      1.0
    ],
    "pd": [
      1.0,
      1.0,
      1.0
    ],
    "capacities": [
      11,
      11,
      11
    ],
    "vm_allocation_limits": [
      8,
      9,
      10,
      12
    ],
    "min_cpu_per_vm": 1
  },
  "qp_lp": "\\ This file has been generated by DOcplex\n\\ ENCODING=ISO-8859-1\n\\Problem name: qiskit_server\n\nMinimize\n obj: si0 + si1 + si2 + [ 2 vj0i0*uj0 + 2 vj0i1*uj0 + 2 vj0i2*uj0 + 2 vj1i0*uj1\n      + 2 vj1i1*uj1 + 2 vj1i2*uj1 + 2 vj2i0*uj2 + 2 vj2i1*uj2 + 2 vj2i2*uj2\n      + 2 vj3i0*uj3 + 2 vj3i1*uj3 + 2 vj3i2*uj3 ]/2\nSubject To\n cons_server_load_0: vj0i0 + vj1i0 + vj2i0 + vj3i0 >= 10\n cons_server_load_1: vj0i1 + vj1i1 + vj2i1 + vj3i1 >= 10\n cons_server_load_2: vj0i2 + vj1i2 + vj2i2 + vj3i2 >= 10\n cons_first3vm_server_0: vj0i0 + vj1i0 + vj2i0 >= 11\n cons_first3vm_server_1: vj0i1 + vj1i1 + vj2i1 >= 11\n cons_first3vm_server_2: vj0i2 + vj1i2 + vj2i2 >= 11\n cons_server_on_0: si0 = 1\n cons_server_on_1: si1 = 1\n cons_server_on_2: si2 = 1\n cons_vm_alloc_0: vj0i0 + vj0i1 + vj0i2 <= 8\n cons_vm_alloc_1: vj1i0 + vj1i1 + vj1i2 <= 9\n cons_vm_alloc_2: vj2i0 + vj2i1 + vj2i2 <= 10\n cons_vm_alloc_3: vj3i0 + vj3i1 + vj3i2 <= 12\n cons_min_cpu_vm_0: uj0 >= 1\n cons_min_cpu_vm_1: uj1 >= 1\n cons_min_cpu_vm_2: uj2 >= 1\n cons_min_cpu_vm_3: uj3 >= 1\n\nBounds\n 0 <= si0 <= 1\n 0 <= si1 <= 1\n 0 <= si2 <= 1\n\nBinaries\n si0 si1 si2\nEnd\n",
  "classic": {
    "objective": 10.12959345623571,
    "status": "INFEASIBLE",
    "x": [
      1.0,
      1.0,
      1.0,
      2.964590775022309,
      3.0824551147507093,
      2.952954110226997,
      3.5109726131480543,
      3.2532586164555704,
      3.235768770396349,
      3.5244366118296364,
      3.66428626879373,
      3.811277119376659,
      0.20384049755018402,
      0.5503484437939733,
      0.33175271094529746,
      0.2431798215861285,
      0.056162998403999284,
      0.38454864099182706,
      0.13749359985931606
    ],
    "residuals": [
      0.18612886614502186,
      0.12946442550411075,
      0.059632041870896026,
      0.02957094038426052,
      0.03605923538279633,
      0.06049412232653682,
      0.07354146447612184,
      0.01680489257217288,
      0.020633802618008942,
      0.026134152139315005,
      0.06004149666929003,
      0.049736164460270606,
      0.07100329435898727,
      0.030110946417519973,
      0.023158298429723802,
      0.01586418184941696,
      0.00478845747661639,
      0.00730945037896149,
      0.007503992523017628,
      0.007963157034933799
    ],
    "duration_seconds": 64.72887769999215
  },
  "quantum": {
    "objective": 0.00034912948318052304,
    "status": "INFEASIBLE",
    "x": [
      0.0,
      0.0,
      0.0,
      2.966011430015298,
      3.1665815222608495,
      2.8674070477238542,
      3.0467348154369875,
      3.6994903343383316,
      3.2537748502246853,
      3.9872537545477096,
      3.1339281434008193,
      3.8788181020514707,
      0.12024212171594384,
      0.19924397293685575,
      0.17715925781840822,
      2.2511559270249888e-05,
      2.4588325931323885e-15,
      2.718211526305067e-15,
      0.0002950303450232728
    ],
    "residuals": [
      0.002194478067600147
    ],
    "duration_seconds": 4.51672129999497
  },
  "combined_image": "q_20260323_154616_results.png"
}