{
  "script": "q",
  "meta": {
    "n_servers": 2,
    "n_vms": 2,
    "require_all_on": true
  },
  "input": {
    "pi": [
      1.0,
      1.0
    ],
    "pd": [
      1.0,
      1.0
    ],
    "capacities": [
      11,
      11
    ],
    "vm_allocation_limits": [
      8,
      12
    ],
    "min_cpu_per_vm": 1
  },
  "qp_lp": "\\ This file has been generated by DOcplex\n\\ ENCODING=ISO-8859-1\n\\Problem name: qiskit_server\n\nMinimize\n obj: si0 + si1 + [ 2 vj0i0*uj0 + 2 vj0i1*uj0 + 2 vj1i0*uj1 + 2 vj1i1*uj1 ]/2\nSubject To\n cons_server_load_0: vj0i0 + vj1i0 >= 10\n cons_server_load_1: vj0i1 + vj1i1 >= 10\n cons_first3vm_server_0: vj0i0 + vj1i0 >= 11\n cons_first3vm_server_1: vj0i1 + vj1i1 >= 11\n cons_server_on_0: si0 = 1\n cons_server_on_1: si1 = 1\n cons_vm_alloc_0: vj0i0 + vj0i1 <= 8\n cons_vm_alloc_1: vj1i0 + vj1i1 <= 12\n cons_min_cpu_vm_0: uj0 >= 1\n cons_min_cpu_vm_1: uj1 >= 1\n\nBounds\n 0 <= si0 <= 1\n 0 <= si1 <= 1\n\nBinaries\n si0 si1\nEnd\n",
  "classic": {
    "objective": 12.80235640889316,
    "status": "INFEASIBLE",
    "x": [
      1.0,
      1.0,
      4.6259061493647575,
      3.8740938506352416,
      5.874093850635246,
      6.62590614936476,
      0.5218927371464084,
      0.5093014514518949
    ],
    "residuals": [
      0.009220456749480284,
      0.02808690574171301,
      0.013457694002680308,
      0.11801920456596797,
      0.0954372320877751,
      0.10704459864082702,
      0.095517274117256,
      0.10384111867622102,
      0.11180168166230142,
      0.10561489135272581,
      0.0660070101075575,
      0.04059349853444781,
      0.09809166811005825,
      0.05140263887517672,
      0.020500640879004668,
      0.00909192825865565,
      0.009177272584854868,
      0.002254340474582646,
      0.009633599229063454,
      0.008451866307487335
    ],
    "duration_seconds": 17.76770860000397
  },
  "quantum": {
    "objective": 10.50125,
    "status": "INFEASIBLE",
    "x": [
      0.0,
      0.0,
      4.584234782123598,
      3.9157652178764013,
      5.915765217876401,
      6.584234782123598,
      0.5,
      0.5001
    ],
    "residuals": [
      0.0011997973510762645
    ],
    "duration_seconds": 1.5786153000080958
  },
  "combined_image": "q_20260323_154133_results.png"
}