{
  "script": "q",
  "meta": {
    "n_servers": 4,
    "n_vms": 6,
    "require_all_on": true
  },
  "input": {
    "pi": [
      1.0,
      1.0,
      1.0,
      1.0
    ],
    "pd": [
      1.0,
      1.0,
      1.0,
      1.0
    ],
    "capacities": [
      11,
      11,
      11,
      10
    ],
    "vm_allocation_limits": [
      8,
      12,
      10,
      9,
      11,
      12
    ],
    "min_cpu_per_vm": 1
  },
  "qp_lp": "\\ This file has been generated by DOcplex\n\\ ENCODING=ISO-8859-1\n\\Problem name: qiskit_server\n\nMinimize\n obj: si0 + si1 + si2 + si3 + [ 2 vj0i0*uj0 + 2 vj0i1*uj0 + 2 vj0i2*uj0\n      + 2 vj0i3*uj0 + 2 vj1i0*uj1 + 2 vj1i1*uj1 + 2 vj1i2*uj1 + 2 vj1i3*uj1\n      + 2 vj2i0*uj2 + 2 vj2i1*uj2 + 2 vj2i2*uj2 + 2 vj2i3*uj2 + 2 vj3i0*uj3\n      + 2 vj3i1*uj3 + 2 vj3i2*uj3 + 2 vj3i3*uj3 + 2 vj4i0*uj4 + 2 vj4i1*uj4\n      + 2 vj4i2*uj4 + 2 vj4i3*uj4 + 2 vj5i0*uj5 + 2 vj5i1*uj5 + 2 vj5i2*uj5\n      + 2 vj5i3*uj5 ]/2\nSubject To\n cons_server_load_0: vj0i0 + vj1i0 + vj2i0 + vj3i0 + vj4i0 + vj5i0 >= 10\n cons_server_load_1: vj0i1 + vj1i1 + vj2i1 + vj3i1 + vj4i1 + vj5i1 >= 10\n cons_server_load_2: vj0i2 + vj1i2 + vj2i2 + vj3i2 + vj4i2 + vj5i2 >= 10\n cons_server_load_3: vj0i3 + vj1i3 + vj2i3 + vj3i3 + vj4i3 + vj5i3 >= 9\n cons_first3vm_server_0: vj0i0 + vj1i0 + vj2i0 >= 11\n cons_first3vm_server_1: vj0i1 + vj1i1 + vj2i1 >= 11\n cons_first3vm_server_2: vj0i2 + vj1i2 + vj2i2 >= 11\n cons_server_on_0: si0 = 1\n cons_server_on_1: si1 = 1\n cons_server_on_2: si2 = 1\n cons_server_on_3: si3 = 1\n cons_vm_alloc_0: vj0i0 + vj0i1 + vj0i2 + vj0i3 <= 8\n cons_vm_alloc_1: vj1i0 + vj1i1 + vj1i2 + vj1i3 <= 12\n cons_vm_alloc_2: vj2i0 + vj2i1 + vj2i2 + vj2i3 <= 10\n cons_vm_alloc_3: vj3i0 + vj3i1 + vj3i2 + vj3i3 <= 9\n cons_vm_alloc_4: vj4i0 + vj4i1 + vj4i2 + vj4i3 <= 11\n cons_vm_alloc_5: vj5i0 + vj5i1 + vj5i2 + vj5i3 <= 12\n cons_min_cpu_vm_0: uj0 >= 1\n cons_min_cpu_vm_1: uj1 >= 1\n cons_min_cpu_vm_2: uj2 >= 1\n cons_min_cpu_vm_3: uj3 >= 1\n cons_min_cpu_vm_4: uj4 >= 1\n cons_min_cpu_vm_5: uj5 >= 1\n\nBounds\n 0 <= si0 <= 1\n 0 <= si1 <= 1\n 0 <= si2 <= 1\n 0 <= si3 <= 1\n\nBinaries\n si0 si1 si2 si3\nEnd\n",
  "classic": {
    "objective": 39.69811892181653,
    "status": "INFEASIBLE",
    "x": [
      1.0,
      1.0,
      1.0,
      1.0,
      3.054235433895837,
      2.991587867892163,
      2.620843364878666,
      -0.33333333333333054,
      3.949233685348397,
      4.3686990834946355,
      4.348733897823634,
      -0.33333333333333054,
      3.6631975474224374,
      3.306379715279871,
      3.6970894039643682,
      -0.3333333333333306,
      -0.2716119786232828,
      0.6920890768058975,
      0.4110683152878989,
      3.0253366586296884,
      0.3568438027120168,
      -0.28983753580396804,
      0.7352569383608143,
      2.5797276839772394,
      0.017623141329562015,
      0.10240194425894174,
      -0.31882764096127275,
      4.255675776456743,
      1.3245132894127984,
      0.689778173214178,
      0.7049214973313034,
      0.6668515498301875,
      0.8910475401970537,
      0.8093851115326791
    ],
    "residuals": [
      0.004740568081084758,
      0.004241654470468955,
      0.06990637122038729,
      0.056437713808588696,
      0.027265246387610045,
      0.06812402810589278,
      0.03981617492903707,
      0.02391752087755176,
      0.011714029685497427,
      0.00924931963435277,
      0.0369663094862422,
      0.03454045524235169,
      0.010950610818301364,
      0.0073825296324368135,
      0.011293955993200839,
      0.012071497554727683,
      0.03335627571064774,
      0.022753941394867336,
      0.01282275990623999,
      0.005145231464161577
    ],
    "duration_seconds": 116.33205160000944
  },
  "quantum": {
    "objective": 27.8076872281444,
    "status": "INFEASIBLE",
    "x": [
      0.0,
      0.0,
      0.0,
      0.0,
      2.99074509690786,
      2.894231416306929,
      2.7816901534518816,
      -0.3333333333333299,
      4.129374410347651,
      4.280451202225623,
      4.256841054093417,
      -0.3333333333333294,
      3.546547159411155,
      3.4919840481341455,
      3.628135459121384,
      -0.3333333333333298,
      -0.3103750907544648,
      -0.23196992512329484,
      0.8216560775150975,
      3.2012558793699553,
      0.31525255002567254,
      -0.15213648458501558,
      -0.17898035347455746,
      3.9234407756962826,
      0.041747082654803536,
      -0.08207244626802727,
      0.4275738354910427,
      2.8966613082218053,
      0.6666666666666706,
      0.6666666666666696,
      0.6667070661554935,
      0.6666666666666705,
      0.6668248051251616,
      0.6743657279942763
    ],
    "residuals": [
      0.0026618032905297117
    ],
    "duration_seconds": 7.033573900000192
  },
  "combined_image": "q_20260323_155745_results.png"
}