{
  "script": "q",
  "meta": {
    "n_servers": 3,
    "n_vms": 2,
    "require_all_on": true
  },
  "input": {
    "pi": [
      1.0,
      1.0,
      1.0
    ],
    "pd": [
      1.0,
      1.0,
      1.0
    ],
    "capacities": [
      11,
      11,
      11
    ],
    "vm_allocation_limits": [
      9,
      8
    ],
    "min_cpu_per_vm": 1
  },
  "qp_lp": "\\ This file has been generated by DOcplex\n\\ ENCODING=ISO-8859-1\n\\Problem name: qiskit_server\n\nMinimize\n obj: si0 + si1 + si2 + [ 2 vj0i0*uj0 + 2 vj0i1*uj0 + 2 vj0i2*uj0 + 2 vj1i0*uj1\n      + 2 vj1i1*uj1 + 2 vj1i2*uj1 ]/2\nSubject To\n cons_server_load_0: vj0i0 + vj1i0 >= 10\n cons_server_load_1: vj0i1 + vj1i1 >= 10\n cons_server_load_2: vj0i2 + vj1i2 >= 10\n cons_first3vm_server_0: vj0i0 + vj1i0 >= 11\n cons_first3vm_server_1: vj0i1 + vj1i1 >= 11\n cons_first3vm_server_2: vj0i2 + vj1i2 >= 11\n cons_server_on_0: si0 = 1\n cons_server_on_1: si1 = 1\n cons_server_on_2: si2 = 1\n cons_vm_alloc_0: vj0i0 + vj0i1 + vj0i2 <= 9\n cons_vm_alloc_1: vj1i0 + vj1i1 + vj1i2 <= 8\n cons_min_cpu_vm_0: uj0 >= 1\n cons_min_cpu_vm_1: uj1 >= 1\n\nBounds\n 0 <= si0 <= 1\n 0 <= si1 <= 1\n 0 <= si2 <= 1\n\nBinaries\n si0 si1 si2\nEnd\n",
  "classic": {
    "objective": 3.7287044134328347,
    "status": "INFEASIBLE",
    "x": [
      1.0,
      1.0,
      1.0,
      3.866950935439591,
      4.426384498576265,
      3.9066645659841464,
      3.9330490645604086,
      3.373615501423737,
      3.893335434015854,
      0.0011896901455403812,
      0.06376698157653947
    ],
    "residuals": [
      0.07379852922046569,
      0.02553694143229728,
      0.04879095168551544,
      0.1426003511600146,
      0.06638350632636154,
      0.04086521709776029,
      0.02188492951330286,
      0.05779723157247286,
      0.08762028449796498,
      0.07284576229500028,
      0.1263883995927722,
      0.15673359235009832,
      0.07061713018865738,
      0.0782980266247386,
      0.0837392085014485,
      0.08482237688305476,
      0.022339047864572494,
      0.004877938302529613,
      0.013606696932264432,
      0.018505563767496142
    ],
    "duration_seconds": 33.08112709998386
  },
  "quantum": {
    "objective": -16.097532272827568,
    "status": "INFEASIBLE",
    "x": [
      0.0,
      0.0,
      0.0,
      4.228479484769398,
      3.5934685798027766,
      4.378051935427832,
      3.571520515230602,
      4.206531420197238,
      3.421948064572165,
      -0.24712218342899928,
      -1.1680930031244439
    ],
    "residuals": [
      0.0035230809505316764
    ],
    "duration_seconds": 3.0004126999992877
  },
  "combined_image": "q_20260323_154352_results.png"
}