{
  "script": "q",
  "meta": {
    "n_servers": 5,
    "n_vms": 3,
    "require_all_on": true
  },
  "input": {
    "pi": [
      1.0,
      1.0,
      1.0,
      1.0,
      1.0
    ],
    "pd": [
      1.0,
      1.0,
      1.0,
      1.0,
      1.0
    ],
    "capacities": [
      11,
      11,
      11,
      10,
      10
    ],
    "vm_allocation_limits": [
      11,
      8,
      10
    ],
    "min_cpu_per_vm": 1
  },
  "qp_lp": "\\ This file has been generated by DOcplex\n\\ ENCODING=ISO-8859-1\n\\Problem name: qiskit_server\n\nMinimize\n obj: si0 + si1 + si2 + si3 + si4 + [ 2 vj0i0*uj0 + 2 vj0i1*uj0 + 2 vj0i2*uj0\n      + 2 vj0i3*uj0 + 2 vj0i4*uj0 + 2 vj1i0*uj1 + 2 vj1i1*uj1 + 2 vj1i2*uj1\n      + 2 vj1i3*uj1 + 2 vj1i4*uj1 + 2 vj2i0*uj2 + 2 vj2i1*uj2 + 2 vj2i2*uj2\n      + 2 vj2i3*uj2 + 2 vj2i4*uj2 ]/2\nSubject To\n cons_server_load_0: vj0i0 + vj1i0 + vj2i0 >= 10\n cons_server_load_1: vj0i1 + vj1i1 + vj2i1 >= 10\n cons_server_load_2: vj0i2 + vj1i2 + vj2i2 >= 10\n cons_server_load_3: vj0i3 + vj1i3 + vj2i3 >= 9\n cons_server_load_4: vj0i4 + vj1i4 + vj2i4 >= 9\n cons_first3vm_server_0: vj0i0 + vj1i0 + vj2i0 >= 11\n cons_first3vm_server_1: vj0i1 + vj1i1 + vj2i1 >= 11\n cons_first3vm_server_2: vj0i2 + vj1i2 + vj2i2 >= 11\n cons_server_on_0: si0 = 1\n cons_server_on_1: si1 = 1\n cons_server_on_2: si2 = 1\n cons_server_on_3: si3 = 1\n cons_server_on_4: si4 = 1\n cons_vm_alloc_0: vj0i0 + vj0i1 + vj0i2 + vj0i3 + vj0i4 <= 11\n cons_vm_alloc_1: vj1i0 + vj1i1 + vj1i2 + vj1i3 + vj1i4 <= 8\n cons_vm_alloc_2: vj2i0 + vj2i1 + vj2i2 + vj2i3 + vj2i4 <= 10\n cons_min_cpu_vm_0: uj0 >= 1\n cons_min_cpu_vm_1: uj1 >= 1\n cons_min_cpu_vm_2: uj2 >= 1\n\nBounds\n 0 <= si0 <= 1\n 0 <= si1 <= 1\n 0 <= si2 <= 1\n 0 <= si3 <= 1\n 0 <= si4 <= 1\n\nBinaries\n si0 si1 si2 si3 si4\nEnd\n",
  "classic": {
    "objective": -0.9147308964817604,
    "status": "INFEASIBLE",
    "x": [
      1.0,
      1.0,
      1.0,
      1.0,
      1.0,
      2.860020106770665,
      2.7460408546183177,
      3.0984378164970945,
      2.3723968436542378,
      2.673104378459685,
      2.8608598054769234,
      2.3458854665651425,
      2.45776882865601,
      1.78886580941236,
      1.2966200898895666,
      2.5291200877524123,
      3.158073678816542,
      2.6937933548468944,
      2.088737346933403,
      2.2802755316507506,
      -0.34959782363762815,
      -0.5439992358702892,
      0.3717828207169596
    ],
    "residuals": [
      0.09320008878292994,
      0.1031733072743757,
      0.07379149274457104,
      0.06836009182129747,
      0.05970413134873161,
      0.055008418087382514,
      0.11410619649669598,
      0.09751017501230091,
      0.08832131644586358,
      0.11578216022862023,
      0.08754282332594568,
      0.037786249841618505,
      0.027297969727719064,
      0.04418037103939375,
      0.03104611987118699,
      0.016753126053176706,
      0.014835925691499325,
      0.015140143901362564,
      0.013235293007196402,
      0.013751737417322146
    ],
    "duration_seconds": 90.88818410001113
  },
  "quantum": {
    "objective": -39.954866729945614,
    "status": "INFEASIBLE",
    "x": [
      0.0,
      0.0,
      0.0,
      0.0,
      0.0,
      3.53915045964097,
      3.0698475634658284,
      2.7108342432745496,
      2.127323203833503,
      2.3028445297851534,
      2.222471717651322,
      2.3701214426296295,
      2.0827580200887907,
      2.2297536890141623,
      1.8448951306160981,
      2.488377822707708,
      2.8100309939045416,
      3.45640773663666,
      1.8929231071523376,
      2.10226033959875,
      -1.3124026046643333,
      -1.1275148117374365,
      -0.7677291521281242
    ],
    "residuals": [
      0.008034017291266897
    ],
    "duration_seconds": 5.360291799996048
  },
  "combined_image": "q_20260323_160121_results.png"
}