{
  "script": "q",
  "meta": {
    "n_servers": 6,
    "n_vms": 2,
    "require_all_on": true
  },
  "input": {
    "pi": [
      1.0,
      1.0,
      1.0,
      1.0,
      1.0,
      1.0
    ],
    "pd": [
      1.0,
      1.0,
      1.0,
      1.0,
      1.0,
      1.0
    ],
    "capacities": [
      11,
      11,
      11,
      10,
      10,
      10
    ],
    "vm_allocation_limits": [
      9,
      8
    ],
    "min_cpu_per_vm": 1
  },
  "qp_lp": "\\ This file has been generated by DOcplex\n\\ ENCODING=ISO-8859-1\n\\Problem name: qiskit_server\n\nMinimize\n obj: si0 + si1 + si2 + si3 + si4 + si5 + [ 2 vj0i0*uj0 + 2 vj0i1*uj0\n      + 2 vj0i2*uj0 + 2 vj0i3*uj0 + 2 vj0i4*uj0 + 2 vj0i5*uj0 + 2 vj1i0*uj1\n      + 2 vj1i1*uj1 + 2 vj1i2*uj1 + 2 vj1i3*uj1 + 2 vj1i4*uj1 + 2 vj1i5*uj1 ]/2\nSubject To\n cons_server_load_0: vj0i0 + vj1i0 >= 10\n cons_server_load_1: vj0i1 + vj1i1 >= 10\n cons_server_load_2: vj0i2 + vj1i2 >= 10\n cons_server_load_3: vj0i3 + vj1i3 >= 9\n cons_server_load_4: vj0i4 + vj1i4 >= 9\n cons_server_load_5: vj0i5 + vj1i5 >= 9\n cons_first3vm_server_0: vj0i0 + vj1i0 >= 11\n cons_first3vm_server_1: vj0i1 + vj1i1 >= 11\n cons_first3vm_server_2: vj0i2 + vj1i2 >= 11\n cons_server_on_0: si0 = 1\n cons_server_on_1: si1 = 1\n cons_server_on_2: si2 = 1\n cons_server_on_3: si3 = 1\n cons_server_on_4: si4 = 1\n cons_server_on_5: si5 = 1\n cons_vm_alloc_0: vj0i0 + vj0i1 + vj0i2 + vj0i3 + vj0i4 + vj0i5 <= 9\n cons_vm_alloc_1: vj1i0 + vj1i1 + vj1i2 + vj1i3 + vj1i4 + vj1i5 <= 8\n cons_min_cpu_vm_0: uj0 >= 1\n cons_min_cpu_vm_1: uj1 >= 1\n\nBounds\n 0 <= si0 <= 1\n 0 <= si1 <= 1\n 0 <= si2 <= 1\n 0 <= si3 <= 1\n 0 <= si4 <= 1\n 0 <= si5 <= 1\n\nBinaries\n si0 si1 si2 si3 si4 si5\nEnd\n",
  "classic": {
    "objective": 11.529559190849941,
    "status": "INFEASIBLE",
    "x": [
      1.0,
      1.0,
      1.0,
      1.0,
      1.0,
      1.0,
      2.250388859489537,
      2.980801033109114,
      2.7801956233595697,
      2.349474532445739,
      1.7860215617212756,
      2.228118389874771,
      3.3746111405104626,
      2.6441989668908845,
      2.8448043766404387,
      1.2755254675542644,
      1.8389784382787235,
      1.3968816101252317,
      -0.17720212672217023,
      0.6038758700920476
    ],
    "residuals": [
      0.07532880097148748,
      0.0759265525842401,
      0.10197990684091028,
      0.06427768827790599,
      0.10596477867355668,
      0.08850806205538965,
      0.27856926360765444,
      0.3624467692614257,
      0.09780447830833847,
      0.07808270126173977,
      0.14918328585396753,
      0.0950495762572137,
      0.07142550405061393,
      0.045310140945376186,
      0.08114636467195992,
      0.06566102743419111,
      0.056210899988605324,
      0.0691729328533841,
      0.1501944021506064,
      0.0739856415001374
    ],
    "duration_seconds": 112.35106210000231
  },
  "quantum": {
    "objective": -23.830933015071494,
    "status": "INFEASIBLE",
    "x": [
      0.0,
      0.0,
      0.0,
      0.0,
      0.0,
      0.0,
      2.7666916832274535,
      2.4500058609145423,
      3.107961798810981,
      1.7113799986536895,
      2.3516409377910374,
      1.9873197206022992,
      2.8583083167725487,
      3.1749941390854577,
      2.517038201189019,
      1.913620001346315,
      1.2733590622089639,
      1.6376802793977039,
      -0.9037303383820766,
      -0.8104530393143278
    ],
    "residuals": [
      0.0127468594113818,
      0.0035919685653772004
    ],
    "duration_seconds": 21.50386550000985
  },
  "combined_image": "q_20260323_161812_results.png"
}