{
  "script": "q",
  "meta": {
    "n_servers": 2,
    "n_vms": 1,
    "require_all_on": true
  },
  "input": {
    "pi": [
      1.0,
      1.0
    ],
    "pd": [
      1.0,
      1.0
    ],
    "capacities": [
      11,
      11
    ],
    "vm_allocation_limits": [
      10
    ],
    "min_cpu_per_vm": 1
  },
  "qp_lp": "\\ This file has been generated by DOcplex\n\\ ENCODING=ISO-8859-1\n\\Problem name: qiskit_server\n\nMinimize\n obj: si0 + si1 + [ 2 vj0i0*uj0 + 2 vj0i1*uj0 ]/2\nSubject To\n cons_server_load_0: vj0i0 >= 10\n cons_server_load_1: vj0i1 >= 10\n cons_first3vm_server_0: vj0i0 >= 11\n cons_first3vm_server_1: vj0i1 >= 11\n cons_server_on_0: si0 = 1\n cons_server_on_1: si1 = 1\n cons_vm_alloc_0: vj0i0 + vj0i1 <= 10\n cons_min_cpu_vm_0: uj0 >= 1\n\nBounds\n 0 <= si0 <= 1\n 0 <= si1 <= 1\n\nBinaries\n si0 si1\nEnd\n",
  "classic": {
    "objective": 8.11505836060848,
    "status": "INFEASIBLE",
    "x": [
      1.0,
      1.0,
      7.000000000000001,
      7.000000000000001,
      0.4367898829006056
    ],
    "residuals": [
      0.10191509862408064,
      0.09096661876291812,
      0.42381780747358494,
      0.23519468283144096,
      0.01632149933380613,
      0.013357273188839716,
      0.06406797374761078,
      0.02839587379721798,
      0.005127339421466208,
      0.09452216400690874,
      0.08003056142531118,
      0.016119962061661337,
      0.0348145565003008,
      0.07962055975540985,
      0.13718978672000967,
      0.28112878802005675,
      0.1583227976964893,
      0.030061628799597513,
      0.03282419510575839,
      0.03249532452677557
    ],
    "duration_seconds": 16.09035609997227
  },
  "quantum": {
    "objective": -21.627314391134618,
    "status": "INFEASIBLE",
    "x": [
      0.0,
      0.0,
      7.0,
      7.0,
      -1.5448081707953298
    ],
    "residuals": [
      0.005739101610527618
    ],
    "duration_seconds": 1.983905400004005
  },
  "combined_image": "q_20260323_154106_results.png"
}