{
  "script": "q",
  "meta": {
    "n_servers": 1,
    "n_vms": 4,
    "require_all_on": true
  },
  "input": {
    "pi": [
      1.0
    ],
    "pd": [
      1.0
    ],
    "capacities": [
      11
    ],
    "vm_allocation_limits": [
      8,
      10,
      11,
      9
    ],
    "min_cpu_per_vm": 1
  },
  "qp_lp": "\\ This file has been generated by DOcplex\n\\ ENCODING=ISO-8859-1\n\\Problem name: qiskit_server\n\nMinimize\n obj: si0 + [ 2 vj0i0*uj0 + 2 vj1i0*uj1 + 2 vj2i0*uj2 + 2 vj3i0*uj3 ]/2\nSubject To\n cons_server_load_0: vj0i0 + vj1i0 + vj2i0 + vj3i0 >= 10\n cons_first3vm_server_0: vj0i0 + vj1i0 + vj2i0 >= 11\n cons_server_on_0: si0 = 1\n cons_vm_alloc_0: vj0i0 <= 8\n cons_vm_alloc_1: vj1i0 <= 10\n cons_vm_alloc_2: vj2i0 <= 11\n cons_vm_alloc_3: vj3i0 <= 9\n cons_min_cpu_vm_0: uj0 >= 1\n cons_min_cpu_vm_1: uj1 >= 1\n cons_min_cpu_vm_2: uj2 >= 1\n cons_min_cpu_vm_3: uj3 >= 1\n\nBounds\n 0 <= si0 <= 1\n\nBinaries\n si0\nEnd\n",
  "classic": {
    "objective": 12.0,
    "status": "INFEASIBLE",
    "x": [
      1.0,
      4.356383767443316,
      3.7271487137071375,
      2.916467518849548,
      -5.440798605314185e-18,
      1.0,
      1.0,
      1.0,
      1.0
    ],
    "residuals": [
      0.0001
    ],
    "duration_seconds": 0.8132798000006005
  },
  "quantum": {
    "objective": 11.0,
    "status": "INFEASIBLE",
    "x": [
      0.0,
      3.559479274371149,
      3.05225644767511,
      4.38826427795374,
      4.601113361259438e-22,
      0.9999999999999998,
      0.9999999999999998,
      1.0000000000000002,
      1.3699593299348922
    ],
    "residuals": [
      0.0001
    ],
    "duration_seconds": 1.9345906000235118
  },
  "combined_image": "q_20260323_154018_results.png"
}