{
  "script": "q",
  "meta": {
    "n_servers": 4,
    "n_vms": 2,
    "require_all_on": true
  },
  "input": {
    "pi": [
      1.0,
      1.0,
      1.0,
      1.0
    ],
    "pd": [
      1.0,
      1.0,
      1.0,
      1.0
    ],
    "capacities": [
      11,
      11,
      11,
      10
    ],
    "vm_allocation_limits": [
      12,
      11
    ],
    "min_cpu_per_vm": 1
  },
  "qp_lp": "\\ This file has been generated by DOcplex\n\\ ENCODING=ISO-8859-1\n\\Problem name: qiskit_server\n\nMinimize\n obj: si0 + si1 + si2 + si3 + [ 2 vj0i0*uj0 + 2 vj0i1*uj0 + 2 vj0i2*uj0\n      + 2 vj0i3*uj0 + 2 vj1i0*uj1 + 2 vj1i1*uj1 + 2 vj1i2*uj1 + 2 vj1i3*uj1 ]/2\nSubject To\n cons_server_load_0: vj0i0 + vj1i0 >= 10\n cons_server_load_1: vj0i1 + vj1i1 >= 10\n cons_server_load_2: vj0i2 + vj1i2 >= 10\n cons_server_load_3: vj0i3 + vj1i3 >= 9\n cons_first3vm_server_0: vj0i0 + vj1i0 >= 11\n cons_first3vm_server_1: vj0i1 + vj1i1 >= 11\n cons_first3vm_server_2: vj0i2 + vj1i2 >= 11\n cons_server_on_0: si0 = 1\n cons_server_on_1: si1 = 1\n cons_server_on_2: si2 = 1\n cons_server_on_3: si3 = 1\n cons_vm_alloc_0: vj0i0 + vj0i1 + vj0i2 + vj0i3 <= 12\n cons_vm_alloc_1: vj1i0 + vj1i1 + vj1i2 + vj1i3 <= 11\n cons_min_cpu_vm_0: uj0 >= 1\n cons_min_cpu_vm_1: uj1 >= 1\n\nBounds\n 0 <= si0 <= 1\n 0 <= si1 <= 1\n 0 <= si2 <= 1\n 0 <= si3 <= 1\n\nBinaries\n si0 si1 si2 si3\nEnd\n",
  "classic": {
    "objective": 8.434782463290379,
    "status": "INFEASIBLE",
    "x": [
      1.0,
      1.0,
      1.0,
      1.0,
      3.6584607385157226,
      4.5727982102664235,
      4.509772529446292,
      2.425635188438231,
      4.174872594817612,
      3.2605351230669113,
      3.323560803887043,
      3.4076981448951025,
      0.16481252105276425,
      0.13659712192871432
    ],
    "residuals": [
      0.15405469568185923,
      0.304887001981727,
      0.23005588314736738,
      0.07876472594362233,
      0.0666737124866617,
      0.14985538243540045,
      0.14595358896009744,
      0.1796188058833842,
      0.1612819912659805,
      0.0847868219065065,
      0.0820594514030682,
      0.12108499134799768,
      0.1016646196721915,
      0.06276984643666995,
      0.09128305674599892,
      0.06106296010850586,
      0.02492741753052994,
      0.03276744365970235,
      0.17032014464629128,
      0.11134333225272242
    ],
    "duration_seconds": 34.46937819998129
  },
  "quantum": {
    "objective": -33.596523408964096,
    "status": "INFEASIBLE",
    "x": [
      0.0,
      0.0,
      0.0,
      0.0,
      3.416887525226329,
      4.494165040427268,
      4.022396824438463,
      3.233217276574613,
      4.416445808107005,
      3.3391682929060686,
      3.810936508894874,
      2.6001160567587225,
      -1.2528327717697736,
      -1.030251273208648
    ],
    "residuals": [
      0.008786694569512124
    ],
    "duration_seconds": 2.3504864999849815
  },
  "combined_image": "q_20260323_155115_results.png"
}