{
  "script": "q",
  "meta": {
    "n_servers": 3,
    "n_vms": 3,
    "require_all_on": true
  },
  "input": {
    "pi": [
      1.0,
      1.0,
      1.0
    ],
    "pd": [
      1.0,
      1.0,
      1.0
    ],
    "capacities": [
      11,
      11,
      11
    ],
    "vm_allocation_limits": [
      9,
      11,
      8
    ],
    "min_cpu_per_vm": 1
  },
  "qp_lp": "\\ This file has been generated by DOcplex\n\\ ENCODING=ISO-8859-1\n\\Problem name: qiskit_server\n\nMinimize\n obj: si0 + si1 + si2 + [ 2 vj0i0*uj0 + 2 vj0i1*uj0 + 2 vj0i2*uj0 + 2 vj1i0*uj1\n      + 2 vj1i1*uj1 + 2 vj1i2*uj1 + 2 vj2i0*uj2 + 2 vj2i1*uj2 + 2 vj2i2*uj2 ]/2\nSubject To\n cons_server_load_0: vj0i0 + vj1i0 + vj2i0 >= 10\n cons_server_load_1: vj0i1 + vj1i1 + vj2i1 >= 10\n cons_server_load_2: vj0i2 + vj1i2 + vj2i2 >= 10\n cons_first3vm_server_0: vj0i0 + vj1i0 + vj2i0 >= 11\n cons_first3vm_server_1: vj0i1 + vj1i1 + vj2i1 >= 11\n cons_first3vm_server_2: vj0i2 + vj1i2 + vj2i2 >= 11\n cons_server_on_0: si0 = 1\n cons_server_on_1: si1 = 1\n cons_server_on_2: si2 = 1\n cons_vm_alloc_0: vj0i0 + vj0i1 + vj0i2 <= 9\n cons_vm_alloc_1: vj1i0 + vj1i1 + vj1i2 <= 11\n cons_vm_alloc_2: vj2i0 + vj2i1 + vj2i2 <= 8\n cons_min_cpu_vm_0: uj0 >= 1\n cons_min_cpu_vm_1: uj1 >= 1\n cons_min_cpu_vm_2: uj2 >= 1\n\nBounds\n 0 <= si0 <= 1\n 0 <= si1 <= 1\n 0 <= si2 <= 1\n\nBinaries\n si0 si1 si2\nEnd\n",
  "classic": {
    "objective": 20.77778259687468,
    "status": "INFEASIBLE",
    "x": [
      1.0,
      1.0,
      1.0,
      3.2289208519552766,
      3.4132129509702858,
      3.1911995304077716,
      3.1974105885785877,
      4.001390434792664,
      4.634532309962081,
      3.740335226132803,
      2.752063280903717,
      2.340934826296815,
      0.25977553824732114,
      1.1395407157171171,
      0.19684052846680816
    ],
    "residuals": [
      0.04751631860635955,
      0.07999351461837283,
      0.11880159518872792,
      0.08221588578932143,
      0.028787616752910746,
      0.05490968541892016,
      0.03597699313703897,
      0.02057044144471105,
      0.024775975305947454,
      0.02188401759735852,
      0.02603118895048841,
      0.028486755596789936,
      0.013729713254568707,
      0.013272038714235884,
      0.021340860185740176,
      0.02587175389231696,
      0.02260344872692654,
      0.02637923051049047,
      0.015558555021839806,
      0.014490987838314276
    ],
    "duration_seconds": 38.3388688999994
  },
  "quantum": {
    "objective": 5.083333333333333,
    "status": "INFEASIBLE",
    "x": [
      0.0,
      0.0,
      0.0,
      3.382762445001729,
      3.366797750343908,
      3.083773137987698,
      3.8270556846033035,
      3.958677683937958,
      4.047599964792072,
      2.956848537061634,
      2.8411912323848014,
      3.035293563886897,
      0.16666666666666663,
      0.16666666666666657,
      0.16666666666666677
    ],
    "residuals": [
      0.003607263108369601
    ],
    "duration_seconds": 4.604270200000428
  },
  "combined_image": "q_20260324_145409_results.png"
}