{
  "script": "q",
  "meta": {
    "n_servers": 4,
    "n_vms": 6,
    "require_all_on": true
  },
  "input": {
    "pi": [
      1.0,
      1.0,
      1.0,
      1.0
    ],
    "pd": [
      1.0,
      1.0,
      1.0,
      1.0
    ],
    "capacities": [
      11,
      11,
      11,
      10
    ],
    "vm_allocation_limits": [
      10,
      11,
      12,
      9,
      8,
      11
    ],
    "min_cpu_per_vm": 1
  },
  "qp_lp": "\\ This file has been generated by DOcplex\n\\ ENCODING=ISO-8859-1\n\\Problem name: qiskit_server\n\nMinimize\n obj: si0 + si1 + si2 + si3 + [ 2 vj0i0*uj0 + 2 vj0i1*uj0 + 2 vj0i2*uj0\n      + 2 vj0i3*uj0 + 2 vj1i0*uj1 + 2 vj1i1*uj1 + 2 vj1i2*uj1 + 2 vj1i3*uj1\n      + 2 vj2i0*uj2 + 2 vj2i1*uj2 + 2 vj2i2*uj2 + 2 vj2i3*uj2 + 2 vj3i0*uj3\n      + 2 vj3i1*uj3 + 2 vj3i2*uj3 + 2 vj3i3*uj3 + 2 vj4i0*uj4 + 2 vj4i1*uj4\n      + 2 vj4i2*uj4 + 2 vj4i3*uj4 + 2 vj5i0*uj5 + 2 vj5i1*uj5 + 2 vj5i2*uj5\n      + 2 vj5i3*uj5 ]/2\nSubject To\n cons_server_load_0: vj0i0 + vj1i0 + vj2i0 + vj3i0 + vj4i0 + vj5i0 >= 10\n cons_server_load_1: vj0i1 + vj1i1 + vj2i1 + vj3i1 + vj4i1 + vj5i1 >= 10\n cons_server_load_2: vj0i2 + vj1i2 + vj2i2 + vj3i2 + vj4i2 + vj5i2 >= 10\n cons_server_load_3: vj0i3 + vj1i3 + vj2i3 + vj3i3 + vj4i3 + vj5i3 >= 9\n cons_first3vm_server_0: vj0i0 + vj1i0 + vj2i0 >= 11\n cons_first3vm_server_1: vj0i1 + vj1i1 + vj2i1 >= 11\n cons_first3vm_server_2: vj0i2 + vj1i2 + vj2i2 >= 11\n cons_server_on_0: si0 = 1\n cons_server_on_1: si1 = 1\n cons_server_on_2: si2 = 1\n cons_server_on_3: si3 = 1\n cons_vm_alloc_0: vj0i0 + vj0i1 + vj0i2 + vj0i3 <= 10\n cons_vm_alloc_1: vj1i0 + vj1i1 + vj1i2 + vj1i3 <= 11\n cons_vm_alloc_2: vj2i0 + vj2i1 + vj2i2 + vj2i3 <= 12\n cons_vm_alloc_3: vj3i0 + vj3i1 + vj3i2 + vj3i3 <= 9\n cons_vm_alloc_4: vj4i0 + vj4i1 + vj4i2 + vj4i3 <= 8\n cons_vm_alloc_5: vj5i0 + vj5i1 + vj5i2 + vj5i3 <= 11\n cons_min_cpu_vm_0: uj0 >= 1\n cons_min_cpu_vm_1: uj1 >= 1\n cons_min_cpu_vm_2: uj2 >= 1\n cons_min_cpu_vm_3: uj3 >= 1\n cons_min_cpu_vm_4: uj4 >= 1\n cons_min_cpu_vm_5: uj5 >= 1\n\nBounds\n 0 <= si0 <= 1\n 0 <= si1 <= 1\n 0 <= si2 <= 1\n 0 <= si3 <= 1\n\nBinaries\n si0 si1 si2 si3\nEnd\n",
  "classic": {
    "objective": 46.0,
    "status": "INFEASIBLE",
    "x": [
      1.0,
      1.0,
      1.0,
      1.0,
      4.705007274716489,
      2.5199831891269016,
      2.7750095361566114,
      5.3495952949445164e-17,
      2.9537044803877572,
      4.0546279468247635,
      3.991667572787479,
      5.387410296897503e-17,
      3.3412882448957557,
      4.425388864048334,
      4.233322891055911,
      9.327384255710855e-17,
      -1.2703582245823063e-16,
      -1.3480829130132196e-16,
      -1.2813442461821626e-16,
      2.9762427614612146,
      -1.5481728634563313e-16,
      4.410033463916654e-17,
      1.0159147768104256e-16,
      3.373091101553341,
      -5.567584472361549e-17,
      -1.0862244512599437e-16,
      -6.543877100629373e-17,
      2.650666136985443,
      0.9999999999999999,
      0.9999999999999998,
      1.0,
      1.0000000000000002,
      1.0,
      1.0
    ],
    "residuals": [
      9.99999999998135e-05
    ],
    "duration_seconds": 2.599298699999963
  },
  "quantum": {
    "objective": 42.0,
    "status": "INFEASIBLE",
    "x": [
      0.0,
      0.0,
      0.0,
      0.0,
      3.282386856519512,
      3.335255886467215,
      3.3823572570132727,
      2.9497963530836255e-20,
      4.296999758566657,
      3.18625581090166,
      3.5167444305316833,
      -9.256196361850587e-17,
      3.4206133849138314,
      4.478488302631124,
      4.100898312455044,
      -7.722269633615683e-17,
      -7.803910816187251e-17,
      -1.270366320216827e-16,
      -1.5395595484319763e-16,
      3.6575839609211287,
      2.2053496339437085e-17,
      -4.36991456688313e-17,
      -9.061460099423505e-17,
      2.7274544405090673,
      4.782327531378546e-19,
      -1.234083455289768e-16,
      -8.781654561355648e-19,
      2.6149615985698045,
      1.0,
      1.0,
      1.0,
      1.0,
      0.9999999999999998,
      1.0
    ],
    "residuals": [
      9.999999999997904e-05
    ],
    "duration_seconds": 5.11109530000067
  },
  "combined_image": "q_20260324_150413_results.png"
}