{
  "script": "q",
  "meta": {
    "n_servers": 3,
    "n_vms": 6,
    "require_all_on": true
  },
  "input": {
    "pi": [
      1.0,
      1.0,
      1.0
    ],
    "pd": [
      1.0,
      1.0,
      1.0
    ],
    "capacities": [
      11,
      11,
      11
    ],
    "vm_allocation_limits": [
      10,
      11,
      12,
      9,
      8,
      10
    ],
    "min_cpu_per_vm": 1
  },
  "qp_lp": "\\ This file has been generated by DOcplex\n\\ ENCODING=ISO-8859-1\n\\Problem name: qiskit_server\n\nMinimize\n obj: si0 + si1 + si2 + [ 2 vj0i0*uj0 + 2 vj0i1*uj0 + 2 vj0i2*uj0 + 2 vj1i0*uj1\n      + 2 vj1i1*uj1 + 2 vj1i2*uj1 + 2 vj2i0*uj2 + 2 vj2i1*uj2 + 2 vj2i2*uj2\n      + 2 vj3i0*uj3 + 2 vj3i1*uj3 + 2 vj3i2*uj3 + 2 vj4i0*uj4 + 2 vj4i1*uj4\n      + 2 vj4i2*uj4 + 2 vj5i0*uj5 + 2 vj5i1*uj5 + 2 vj5i2*uj5 ]/2\nSubject To\n cons_server_load_0: vj0i0 + vj1i0 + vj2i0 + vj3i0 + vj4i0 + vj5i0 >= 10\n cons_server_load_1: vj0i1 + vj1i1 + vj2i1 + vj3i1 + vj4i1 + vj5i1 >= 10\n cons_server_load_2: vj0i2 + vj1i2 + vj2i2 + vj3i2 + vj4i2 + vj5i2 >= 10\n cons_first3vm_server_0: vj0i0 + vj1i0 + vj2i0 >= 11\n cons_first3vm_server_1: vj0i1 + vj1i1 + vj2i1 >= 11\n cons_first3vm_server_2: vj0i2 + vj1i2 + vj2i2 >= 11\n cons_server_on_0: si0 = 1\n cons_server_on_1: si1 = 1\n cons_server_on_2: si2 = 1\n cons_vm_alloc_0: vj0i0 + vj0i1 + vj0i2 <= 10\n cons_vm_alloc_1: vj1i0 + vj1i1 + vj1i2 <= 11\n cons_vm_alloc_2: vj2i0 + vj2i1 + vj2i2 <= 12\n cons_vm_alloc_3: vj3i0 + vj3i1 + vj3i2 <= 9\n cons_vm_alloc_4: vj4i0 + vj4i1 + vj4i2 <= 8\n cons_vm_alloc_5: vj5i0 + vj5i1 + vj5i2 <= 10\n cons_min_cpu_vm_0: uj0 >= 1\n cons_min_cpu_vm_1: uj1 >= 1\n cons_min_cpu_vm_2: uj2 >= 1\n cons_min_cpu_vm_3: uj3 >= 1\n cons_min_cpu_vm_4: uj4 >= 1\n cons_min_cpu_vm_5: uj5 >= 1\n\nBounds\n 0 <= si0 <= 1\n 0 <= si1 <= 1\n 0 <= si2 <= 1\n\nBinaries\n si0 si1 si2\nEnd\n",
  "classic": {
    "objective": 36.0,
    "status": "INFEASIBLE",
    "x": [
      1.0,
      1.0,
      1.0,
      3.07263035106617,
      3.3094408313192183,
      3.6179288176146107,
      3.8807382566849307,
      3.8404610309137817,
      3.278800712401288,
      4.046631392248899,
      3.850098137767001,
      4.103270469984101,
      -4.373937876776222e-17,
      -4.1150561118595937e-17,
      -7.181727205622897e-17,
      -6.818356661439119e-17,
      -6.777221271497992e-17,
      -6.768677103718633e-17,
      -6.717231994365432e-17,
      -6.718460320085563e-17,
      -6.759188597001567e-17,
      1.0,
      1.0,
      0.9999999999999999,
      1.0,
      1.7220401428414456,
      2.204752698045735
    ],
    "residuals": [
      9.999999999999999e-05
    ],
    "duration_seconds": 4.139492799999971
  },
  "quantum": {
    "objective": 32.99999999999999,
    "status": "INFEASIBLE",
    "x": [
      0.0,
      0.0,
      0.0,
      4.081257117160754,
      2.8647968291742956,
      3.0539460536649394,
      3.3006861006518484,
      3.925698864091437,
      3.773615035256717,
      3.6180567821873972,
      4.209504306734261,
      4.172438911078342,
      -1.51893632209866e-17,
      -2.0298859524938682e-17,
      2.87893852871245e-17,
      7.536388909939162e-18,
      6.209859442555328e-17,
      3.473323877763476e-17,
      -1.3395981923398714e-17,
      -2.4011500248524674e-17,
      -2.7733584428749945e-17,
      0.9999999999999999,
      1.0,
      0.9999999999999999,
      1.2170070360682943,
      1.1767960982371242,
      1.2595590857212813
    ],
    "residuals": [
      9.999999999996871e-05
    ],
    "duration_seconds": 5.536704899999677
  },
  "combined_image": "q_20260324_145721_results.png"
}