{
  "script": "q",
  "meta": {
    "n_servers": 6,
    "n_vms": 2,
    "require_all_on": true
  },
  "input": {
    "pi": [
      1.0,
      1.0,
      1.0,
      1.0,
      1.0,
      1.0
    ],
    "pd": [
      1.0,
      1.0,
      1.0,
      1.0,
      1.0,
      1.0
    ],
    "capacities": [
      11,
      11,
      11,
      10,
      10,
      10
    ],
    "vm_allocation_limits": [
      8,
      11
    ],
    "min_cpu_per_vm": 1
  },
  "qp_lp": "\\ This file has been generated by DOcplex\n\\ ENCODING=ISO-8859-1\n\\Problem name: qiskit_server\n\nMinimize\n obj: si0 + si1 + si2 + si3 + si4 + si5 + [ 2 vj0i0*uj0 + 2 vj0i1*uj0\n      + 2 vj0i2*uj0 + 2 vj0i3*uj0 + 2 vj0i4*uj0 + 2 vj0i5*uj0 + 2 vj1i0*uj1\n      + 2 vj1i1*uj1 + 2 vj1i2*uj1 + 2 vj1i3*uj1 + 2 vj1i4*uj1 + 2 vj1i5*uj1 ]/2\nSubject To\n cons_server_load_0: vj0i0 + vj1i0 >= 10\n cons_server_load_1: vj0i1 + vj1i1 >= 10\n cons_server_load_2: vj0i2 + vj1i2 >= 10\n cons_server_load_3: vj0i3 + vj1i3 >= 9\n cons_server_load_4: vj0i4 + vj1i4 >= 9\n cons_server_load_5: vj0i5 + vj1i5 >= 9\n cons_first3vm_server_0: vj0i0 + vj1i0 >= 11\n cons_first3vm_server_1: vj0i1 + vj1i1 >= 11\n cons_first3vm_server_2: vj0i2 + vj1i2 >= 11\n cons_server_on_0: si0 = 1\n cons_server_on_1: si1 = 1\n cons_server_on_2: si2 = 1\n cons_server_on_3: si3 = 1\n cons_server_on_4: si4 = 1\n cons_server_on_5: si5 = 1\n cons_vm_alloc_0: vj0i0 + vj0i1 + vj0i2 + vj0i3 + vj0i4 + vj0i5 <= 8\n cons_vm_alloc_1: vj1i0 + vj1i1 + vj1i2 + vj1i3 + vj1i4 + vj1i5 <= 11\n cons_min_cpu_vm_0: uj0 >= 1\n cons_min_cpu_vm_1: uj1 >= 1\n\nBounds\n 0 <= si0 <= 1\n 0 <= si1 <= 1\n 0 <= si2 <= 1\n 0 <= si3 <= 1\n 0 <= si4 <= 1\n 0 <= si5 <= 1\n\nBinaries\n si0 si1 si2 si3 si4 si5\nEnd\n",
  "classic": {
    "objective": 14.254471135054255,
    "status": "INFEASIBLE",
    "x": [
      1.0,
      1.0,
      1.0,
      1.0,
      1.0,
      1.0,
      2.3259420205802757,
      2.5518071429639906,
      3.0559859003940293,
      1.2971693702605958,
      1.6835928532807627,
      2.210502712520347,
      3.549057979419727,
      3.3231928570360107,
      2.819014099605972,
      2.5778306297394065,
      2.1914071467192393,
      1.6644972874796549,
      0.6143094095859843,
      0.011885899797718468
    ],
    "residuals": [
      0.25690961057335204,
      0.21169387154011562,
      0.06827239611826635,
      0.11515539833285905,
      0.07289655587865267,
      0.08540526529380382,
      0.09309173176522408,
      0.04114023753624122,
      0.06880255782751413,
      0.03793849324056631,
      0.0642013037057419,
      0.059822134973412364,
      0.06315562666158885,
      0.038255833509561535,
      0.014646190363075262,
      0.025598784570515804,
      0.027371818177377782,
      0.045756014652374985,
      0.033401035602117435,
      0.05837973027897669
    ],
    "duration_seconds": 63.363465799999176
  },
  "quantum": {
    "objective": -3.5769448751126323,
    "status": "INFEASIBLE",
    "x": [
      0.0,
      0.0,
      0.0,
      0.0,
      0.0,
      0.0,
      2.7773956400703494,
      2.787030813063531,
      2.405099471372254,
      1.8773792791397292,
      1.798568168144499,
      1.4795266282096395,
      3.097604359929652,
      3.08796918693647,
      3.4699005286277464,
      1.9976207208602719,
      2.076431831855502,
      2.3954733717903607,
      0.157137073164537,
      -0.3497283076215305
    ],
    "residuals": [
      0.0190913017867896,
      0.0090131432601027
    ],
    "duration_seconds": 28.335841600000094
  },
  "combined_image": "q_20260324_151627_results.png"
}