{
  "script": "q",
  "meta": {
    "n_servers": 4,
    "n_vms": 4,
    "require_all_on": true
  },
  "input": {
    "pi": [
      1.0,
      1.0,
      1.0,
      1.0
    ],
    "pd": [
      1.0,
      1.0,
      1.0,
      1.0
    ],
    "capacities": [
      11,
      11,
      11,
      10
    ],
    "vm_allocation_limits": [
      10,
      8,
      9,
      11
    ],
    "min_cpu_per_vm": 1
  },
  "qp_lp": "\\ This file has been generated by DOcplex\n\\ ENCODING=ISO-8859-1\n\\Problem name: qiskit_server\n\nMinimize\n obj: si0 + si1 + si2 + si3 + [ 2 vj0i0*uj0 + 2 vj0i1*uj0 + 2 vj0i2*uj0\n      + 2 vj0i3*uj0 + 2 vj1i0*uj1 + 2 vj1i1*uj1 + 2 vj1i2*uj1 + 2 vj1i3*uj1\n      + 2 vj2i0*uj2 + 2 vj2i1*uj2 + 2 vj2i2*uj2 + 2 vj2i3*uj2 + 2 vj3i0*uj3\n      + 2 vj3i1*uj3 + 2 vj3i2*uj3 + 2 vj3i3*uj3 ]/2\nSubject To\n cons_server_load_0: vj0i0 + vj1i0 + vj2i0 + vj3i0 >= 10\n cons_server_load_1: vj0i1 + vj1i1 + vj2i1 + vj3i1 >= 10\n cons_server_load_2: vj0i2 + vj1i2 + vj2i2 + vj3i2 >= 10\n cons_server_load_3: vj0i3 + vj1i3 + vj2i3 + vj3i3 >= 9\n cons_first3vm_server_0: vj0i0 + vj1i0 + vj2i0 >= 11\n cons_first3vm_server_1: vj0i1 + vj1i1 + vj2i1 >= 11\n cons_first3vm_server_2: vj0i2 + vj1i2 + vj2i2 >= 11\n cons_server_on_0: si0 = 1\n cons_server_on_1: si1 = 1\n cons_server_on_2: si2 = 1\n cons_server_on_3: si3 = 1\n cons_vm_alloc_0: vj0i0 + vj0i1 + vj0i2 + vj0i3 <= 10\n cons_vm_alloc_1: vj1i0 + vj1i1 + vj1i2 + vj1i3 <= 8\n cons_vm_alloc_2: vj2i0 + vj2i1 + vj2i2 + vj2i3 <= 9\n cons_vm_alloc_3: vj3i0 + vj3i1 + vj3i2 + vj3i3 <= 11\n cons_min_cpu_vm_0: uj0 >= 1\n cons_min_cpu_vm_1: uj1 >= 1\n cons_min_cpu_vm_2: uj2 >= 1\n cons_min_cpu_vm_3: uj3 >= 1\n\nBounds\n 0 <= si0 <= 1\n 0 <= si1 <= 1\n 0 <= si2 <= 1\n 0 <= si3 <= 1\n\nBinaries\n si0 si1 si2 si3\nEnd\n",
  "classic": {
    "objective": 27.79567410296376,
    "status": "INFEASIBLE",
    "x": [
      1.0,
      1.0,
      1.0,
      1.0,
      3.43774112905037,
      3.9548921925731664,
      3.940700011709797,
      -0.6666666666666646,
      3.203120154221034,
      3.183258777569406,
      2.9469544015428966,
      -0.6666666666666646,
      3.692472050061932,
      3.1951823631907628,
      3.445678920080638,
      -0.6666666666666647,
      0.26103676668615716,
      0.23447219356375562,
      -0.00642677107487967,
      10.915151395391362,
      0.9927896569219024,
      0.38189399127769075,
      0.3346878733853587,
      0.5840685109851916
    ],
    "residuals": [
      0.03676244529057556,
      0.010890708100528598,
      0.04704086593623875,
      0.047697942542684085,
      0.05533212830214975,
      0.090345128091177,
      0.04761346847686225,
      0.05539607281221033,
      0.0900931598369467,
      0.052638429179912835,
      0.17221893602616428,
      0.11787410195446082,
      0.04424115872695233,
      0.016182678778004736,
      0.04147145106414231,
      0.028481206568700783,
      0.019932833386187218,
      0.007386214425356159,
      0.010844683897623057,
      0.011686162545180229
    ],
    "duration_seconds": 79.63762299999962
  },
  "quantum": {
    "objective": 13.062370731106352,
    "status": "INFEASIBLE",
    "x": [
      0.0,
      0.0,
      0.0,
      0.0,
      3.8444776412876935,
      3.6328807251834876,
      3.8559749668621524,
      -0.6666666666666659,
      3.0166945900401534,
      3.1644607837582575,
      3.1521779595349213,
      -0.666666666666666,
      3.4721611020054874,
      3.5359918243915875,
      3.325180406936259,
      -0.666666666666666,
      -0.24725257944869525,
      0.004977183780518081,
      0.02278404801125194,
      10.40476743275579,
      0.33334837437990916,
      0.33333333333333404,
      0.3333800503929789,
      0.3333333333333341
    ],
    "residuals": [
      0.005010177663325356
    ],
    "duration_seconds": 7.078962399999909
  },
  "combined_image": "q_20260324_150208_results.png"
}