{
  "script": "q",
  "meta": {
    "n_servers": 5,
    "n_vms": 1,
    "require_all_on": true
  },
  "input": {
    "pi": [
      1.0,
      1.0,
      1.0,
      1.0,
      1.0
    ],
    "pd": [
      1.0,
      1.0,
      1.0,
      1.0,
      1.0
    ],
    "capacities": [
      11,
      11,
      11,
      10,
      10
    ],
    "vm_allocation_limits": [
      9
    ],
    "min_cpu_per_vm": 1
  },
  "qp_lp": "\\ This file has been generated by DOcplex\n\\ ENCODING=ISO-8859-1\n\\Problem name: qiskit_server\n\nMinimize\n obj: si0 + si1 + si2 + si3 + si4 + [ 2 vj0i0*uj0 + 2 vj0i1*uj0 + 2 vj0i2*uj0\n      + 2 vj0i3*uj0 + 2 vj0i4*uj0 ]/2\nSubject To\n cons_server_load_0: vj0i0 >= 10\n cons_server_load_1: vj0i1 >= 10\n cons_server_load_2: vj0i2 >= 10\n cons_server_load_3: vj0i3 >= 9\n cons_server_load_4: vj0i4 >= 9\n cons_first3vm_server_0: vj0i0 >= 11\n cons_first3vm_server_1: vj0i1 >= 11\n cons_first3vm_server_2: vj0i2 >= 11\n cons_server_on_0: si0 = 1\n cons_server_on_1: si1 = 1\n cons_server_on_2: si2 = 1\n cons_server_on_3: si3 = 1\n cons_server_on_4: si4 = 1\n cons_vm_alloc_0: vj0i0 + vj0i1 + vj0i2 + vj0i3 + vj0i4 <= 9\n cons_min_cpu_vm_0: uj0 >= 1\n\nBounds\n 0 <= si0 <= 1\n 0 <= si1 <= 1\n 0 <= si2 <= 1\n 0 <= si3 <= 1\n 0 <= si4 <= 1\n\nBinaries\n si0 si1 si2 si3 si4\nEnd\n",
  "classic": {
    "objective": 5.988367498847948,
    "status": "INFEASIBLE",
    "x": [
      1.0,
      1.0,
      1.0,
      1.0,
      1.0,
      4.000000000000001,
      4.000000000000001,
      4.000000000000001,
      1.9999999999999996,
      1.9999999999999996,
      0.06177296867799672
    ],
    "residuals": [
      0.7908668385964381,
      0.45471801192280326,
      0.277554630951777,
      0.29479712808948233,
      0.1868912620520787,
      0.05282569198224925,
      0.10800684332614269,
      0.12154764113199867,
      0.10345287758694222,
      0.10754377439095818,
      0.19244168866586195,
      0.09831874430308106,
      0.04457999396169145,
      0.04294630394169531,
      0.04440265847118786,
      0.06379188398807917,
      0.061784581092210154,
      0.05051657326267909,
      0.0291603149021307,
      0.19258096151105256
    ],
    "duration_seconds": 25.970462499999485
  },
  "quantum": {
    "objective": -1.7175312480216611,
    "status": "INFEASIBLE",
    "x": [
      0.0,
      0.0,
      0.0,
      0.0,
      0.0,
      4.000000000000005,
      4.000000000000005,
      4.000000000000006,
      2.0000000000000098,
      1.9999999999999993,
      -0.10734570300135363
    ],
    "residuals": [
      0.014580010412021551,
      0.012417182576020543,
      0.013284170654992614,
      0.021461243767280973,
      0.0075982021844076845
    ],
    "duration_seconds": 26.80054740000014
  },
  "combined_image": "q_20260324_150512_results.png"
}