{
  "script": "q",
  "meta": {
    "n_servers": 5,
    "n_vms": 4,
    "require_all_on": true
  },
  "input": {
    "pi": [
      1.0,
      1.0,
      1.0,
      1.0,
      1.0
    ],
    "pd": [
      1.0,
      1.0,
      1.0,
      1.0,
      1.0
    ],
    "capacities": [
      11,
      11,
      11,
      10,
      10
    ],
    "vm_allocation_limits": [
      10,
      9,
      11,
      12
    ],
    "min_cpu_per_vm": 1
  },
  "qp_lp": "\\ This file has been generated by DOcplex\n\\ ENCODING=ISO-8859-1\n\\Problem name: qiskit_server\n\nMinimize\n obj: si0 + si1 + si2 + si3 + si4 + [ 2 vj0i0*uj0 + 2 vj0i1*uj0 + 2 vj0i2*uj0\n      + 2 vj0i3*uj0 + 2 vj0i4*uj0 + 2 vj1i0*uj1 + 2 vj1i1*uj1 + 2 vj1i2*uj1\n      + 2 vj1i3*uj1 + 2 vj1i4*uj1 + 2 vj2i0*uj2 + 2 vj2i1*uj2 + 2 vj2i2*uj2\n      + 2 vj2i3*uj2 + 2 vj2i4*uj2 + 2 vj3i0*uj3 + 2 vj3i1*uj3 + 2 vj3i2*uj3\n      + 2 vj3i3*uj3 + 2 vj3i4*uj3 ]/2\nSubject To\n cons_server_load_0: vj0i0 + vj1i0 + vj2i0 + vj3i0 >= 10\n cons_server_load_1: vj0i1 + vj1i1 + vj2i1 + vj3i1 >= 10\n cons_server_load_2: vj0i2 + vj1i2 + vj2i2 + vj3i2 >= 10\n cons_server_load_3: vj0i3 + vj1i3 + vj2i3 + vj3i3 >= 9\n cons_server_load_4: vj0i4 + vj1i4 + vj2i4 + vj3i4 >= 9\n cons_first3vm_server_0: vj0i0 + vj1i0 + vj2i0 >= 11\n cons_first3vm_server_1: vj0i1 + vj1i1 + vj2i1 >= 11\n cons_first3vm_server_2: vj0i2 + vj1i2 + vj2i2 >= 11\n cons_server_on_0: si0 = 1\n cons_server_on_1: si1 = 1\n cons_server_on_2: si2 = 1\n cons_server_on_3: si3 = 1\n cons_server_on_4: si4 = 1\n cons_vm_alloc_0: vj0i0 + vj0i1 + vj0i2 + vj0i3 + vj0i4 <= 10\n cons_vm_alloc_1: vj1i0 + vj1i1 + vj1i2 + vj1i3 + vj1i4 <= 9\n cons_vm_alloc_2: vj2i0 + vj2i1 + vj2i2 + vj2i3 + vj2i4 <= 11\n cons_vm_alloc_3: vj3i0 + vj3i1 + vj3i2 + vj3i3 + vj3i4 <= 12\n cons_min_cpu_vm_0: uj0 >= 1\n cons_min_cpu_vm_1: uj1 >= 1\n cons_min_cpu_vm_2: uj2 >= 1\n cons_min_cpu_vm_3: uj3 >= 1\n\nBounds\n 0 <= si0 <= 1\n 0 <= si1 <= 1\n 0 <= si2 <= 1\n 0 <= si3 <= 1\n 0 <= si4 <= 1\n\nBinaries\n si0 si1 si2 si3 si4\nEnd\n",
  "classic": {
    "objective": 29.7534464348472,
    "status": "INFEASIBLE",
    "x": [
      1.0,
      1.0,
      1.0,
      1.0,
      1.0,
      3.118571387726606,
      3.6768075192986354,
      3.3057317203169787,
      -0.05802264569295126,
      0.7069120183507329,
      3.3458031986417,
      3.2254171687466378,
      3.610550809270811,
      -0.6938905273435954,
      0.26211935068444886,
      3.7856254136316916,
      3.347775311954733,
      3.3337174704122083,
      1.0817305361735472,
      0.2011512678278291,
      -0.7499999999999963,
      -0.7499999999999963,
      -0.7499999999999961,
      7.920182636862999,
      7.079817363136988,
      0.2500556635256946,
      1.0804259856293053,
      0.7101016759200169,
      0.2500000000000039
    ],
    "residuals": [
      0.08829478160326902,
      0.1613556202890679,
      0.2883015642947078,
      0.16205078734744485,
      0.04755422759190764,
      0.04871483465298716,
      0.11506889651411924,
      0.23546347695803463,
      0.1315500426762968,
      0.03052106099810643,
      0.03926764565674159,
      0.02769907568884122,
      0.03167113152697227,
      0.01921298785207496,
      0.020231830284882645,
      0.011756483943269324,
      0.015060082750751694,
      0.014081883656808248,
      0.017403335775099393,
      0.01360572221118155
    ],
    "duration_seconds": 107.73722350000025
  },
  "quantum": {
    "objective": 11.768174546526083,
    "status": "INFEASIBLE",
    "x": [
      0.0,
      0.0,
      0.0,
      0.0,
      0.0,
      4.736210141974706,
      2.5562814671648306,
      3.2666823699688448,
      0.08825369078823385,
      0.1025723301033939,
      2.8391874846209273,
      3.39406437241588,
      2.69581687001486,
      0.22773899595898273,
      0.5931922769893637,
      2.6746023734043707,
      4.299654160419298,
      4.287500760016287,
      0.5809844534656394,
      -0.09274174730559925,
      -0.7499999999999961,
      -0.7499999999999963,
      -0.7499999999999961,
      7.353022859787149,
      7.646977140212841,
      0.29814234304917925,
      0.2500000000000036,
      0.2500000000000042,
      0.2500505379409659
    ],
    "residuals": [
      0.007978187545039745
    ],
    "duration_seconds": 11.454999399999906
  },
  "combined_image": "q_20260324_151006_results.png"
}