{
  "script": "q",
  "meta": {
    "n_servers": 2,
    "n_vms": 5,
    "require_all_on": true
  },
  "input": {
    "pi": [
      1.0,
      1.0
    ],
    "pd": [
      1.0,
      1.0
    ],
    "capacities": [
      11,
      11
    ],
    "vm_allocation_limits": [
      8,
      10,
      12,
      11,
      9
    ],
    "min_cpu_per_vm": 1
  },
  "qp_lp": "\\ This file has been generated by DOcplex\n\\ ENCODING=ISO-8859-1\n\\Problem name: qiskit_server\n\nMinimize\n obj: si0 + si1 + [ 2 vj0i0*uj0 + 2 vj0i1*uj0 + 2 vj1i0*uj1 + 2 vj1i1*uj1\n      + 2 vj2i0*uj2 + 2 vj2i1*uj2 + 2 vj3i0*uj3 + 2 vj3i1*uj3 + 2 vj4i0*uj4\n      + 2 vj4i1*uj4 ]/2\nSubject To\n cons_server_load_0: vj0i0 + vj1i0 + vj2i0 + vj3i0 + vj4i0 >= 10\n cons_server_load_1: vj0i1 + vj1i1 + vj2i1 + vj3i1 + vj4i1 >= 10\n cons_first3vm_server_0: vj0i0 + vj1i0 + vj2i0 >= 11\n cons_first3vm_server_1: vj0i1 + vj1i1 + vj2i1 >= 11\n cons_server_on_0: si0 = 1\n cons_server_on_1: si1 = 1\n cons_vm_alloc_0: vj0i0 + vj0i1 <= 8\n cons_vm_alloc_1: vj1i0 + vj1i1 <= 10\n cons_vm_alloc_2: vj2i0 + vj2i1 <= 12\n cons_vm_alloc_3: vj3i0 + vj3i1 <= 11\n cons_vm_alloc_4: vj4i0 + vj4i1 <= 9\n cons_min_cpu_vm_0: uj0 >= 1\n cons_min_cpu_vm_1: uj1 >= 1\n cons_min_cpu_vm_2: uj2 >= 1\n cons_min_cpu_vm_3: uj3 >= 1\n cons_min_cpu_vm_4: uj4 >= 1\n\nBounds\n 0 <= si0 <= 1\n 0 <= si1 <= 1\n\nBinaries\n si0 si1\nEnd\n",
  "classic": {
    "objective": 23.999999999999996,
    "status": "INFEASIBLE",
    "x": [
      1.0,
      1.0,
      4.1685861748935755,
      3.3490344492067643,
      3.21133193821025,
      3.6552287655293974,
      3.6200818868961737,
      3.9957367852638357,
      1.8392158263730236e-19,
      2.627754775042909e-20,
      -4.5689127377993003e-17,
      -1.5200368437091087e-21,
      1.0,
      1.0,
      1.0,
      1.079826422370453,
      1.0
    ],
    "residuals": [
      9.99999999999115e-05
    ],
    "duration_seconds": 1.831762699992396
  },
  "quantum": {
    "objective": 21.999999999999996,
    "status": "INFEASIBLE",
    "x": [
      0.0,
      0.0,
      3.73627396466913,
      3.634753697244593,
      3.4043332927614784,
      3.7479792433844583,
      3.8593927425693906,
      3.617267059370948,
      8.054203472140028e-22,
      6.344839677078148e-23,
      -3.019407973205532e-17,
      3.615886353206585e-20,
      0.9999999999999999,
      0.9999999999999999,
      1.0,
      1.000082371345419,
      1.298383588619254
    ],
    "residuals": [
      9.999999999993598e-05
    ],
    "duration_seconds": 3.963590400002431
  },
  "combined_image": "q_20260324_132700_results.png"
}