{
  "script": "q",
  "meta": {
    "n_servers": 2,
    "n_vms": 2,
    "require_all_on": true
  },
  "input": {
    "pi": [
      1.0,
      1.0
    ],
    "pd": [
      1.0,
      1.0
    ],
    "capacities": [
      11,
      11
    ],
    "vm_allocation_limits": [
      9,
      8
    ],
    "min_cpu_per_vm": 1
  },
  "qp_lp": "\\ This file has been generated by DOcplex\n\\ ENCODING=ISO-8859-1\n\\Problem name: qiskit_server\n\nMinimize\n obj: si0 + si1 + [ 2 vj0i0*uj0 + 2 vj0i1*uj0 + 2 vj1i0*uj1 + 2 vj1i1*uj1 ]/2\nSubject To\n cons_server_load_0: vj0i0 + vj1i0 >= 10\n cons_server_load_1: vj0i1 + vj1i1 >= 10\n cons_first3vm_server_0: vj0i0 + vj1i0 >= 11\n cons_first3vm_server_1: vj0i1 + vj1i1 >= 11\n cons_server_on_0: si0 = 1\n cons_server_on_1: si1 = 1\n cons_vm_alloc_0: vj0i0 + vj0i1 <= 9\n cons_vm_alloc_1: vj1i0 + vj1i1 <= 8\n cons_min_cpu_vm_0: uj0 >= 1\n cons_min_cpu_vm_1: uj1 >= 1\n\nBounds\n 0 <= si0 <= 1\n 0 <= si1 <= 1\n\nBinaries\n si0 si1\nEnd\n",
  "classic": {
    "objective": 7.181727096060358,
    "status": "INFEASIBLE",
    "x": [
      1.0,
      1.0,
      4.524633995559045,
      5.725366004440956,
      5.225366004440958,
      4.024633995559042,
      0.13501866282300715,
      0.41057143806751734
    ],
    "residuals": [
      0.12009902999479814,
      0.27422169350112924,
      0.15880053364120683,
      0.019771530053141983,
      0.038060912911337424,
      0.25579075852659766,
      0.3568584914546215,
      0.149838933857961,
      0.10877032880472268,
      0.24560349251937852,
      0.26636491858772426,
      0.11323232053755038,
      0.030976351770369684,
      0.045394559751587,
      0.04476140351854574,
      0.1519961024309611,
      0.2520626227002047,
      0.09612933867691804,
      0.28314724226702925,
      0.1649853395112955
    ],
    "duration_seconds": 17.629224899981637
  },
  "quantum": {
    "objective": -4.8739750000000015,
    "status": "INFEASIBLE",
    "x": [
      0.0,
      0.0,
      5.025504063777594,
      5.224495936222407,
      4.724495936222406,
      4.5255040637775945,
      -0.2499000000000001,
      -0.25000000000000006
    ],
    "residuals": [
      0.03305427887307968,
      0.0019882567866870635
    ],
    "duration_seconds": 7.051720799994655
  },
  "combined_image": "q_20260324_132623_results.png"
}