{
  "script": "q",
  "meta": {
    "n_servers": 5,
    "n_vms": 2,
    "require_all_on": true
  },
  "input": {
    "pi": [
      1.0,
      1.0,
      1.0,
      1.0,
      1.0
    ],
    "pd": [
      1.0,
      1.0,
      1.0,
      1.0,
      1.0
    ],
    "capacities": [
      11,
      11,
      11,
      10,
      10
    ],
    "vm_allocation_limits": [
      10,
      8
    ],
    "min_cpu_per_vm": 1
  },
  "qp_lp": "\\ This file has been generated by DOcplex\n\\ ENCODING=ISO-8859-1\n\\Problem name: qiskit_server\n\nMinimize\n obj: si0 + si1 + si2 + si3 + si4 + [ 2 vj0i0*uj0 + 2 vj0i1*uj0 + 2 vj0i2*uj0\n      + 2 vj0i3*uj0 + 2 vj0i4*uj0 + 2 vj1i0*uj1 + 2 vj1i1*uj1 + 2 vj1i2*uj1\n      + 2 vj1i3*uj1 + 2 vj1i4*uj1 ]/2\nSubject To\n cons_server_load_0: vj0i0 + vj1i0 >= 10\n cons_server_load_1: vj0i1 + vj1i1 >= 10\n cons_server_load_2: vj0i2 + vj1i2 >= 10\n cons_server_load_3: vj0i3 + vj1i3 >= 9\n cons_server_load_4: vj0i4 + vj1i4 >= 9\n cons_first3vm_server_0: vj0i0 + vj1i0 >= 11\n cons_first3vm_server_1: vj0i1 + vj1i1 >= 11\n cons_first3vm_server_2: vj0i2 + vj1i2 >= 11\n cons_server_on_0: si0 = 1\n cons_server_on_1: si1 = 1\n cons_server_on_2: si2 = 1\n cons_server_on_3: si3 = 1\n cons_server_on_4: si4 = 1\n cons_vm_alloc_0: vj0i0 + vj0i1 + vj0i2 + vj0i3 + vj0i4 <= 10\n cons_vm_alloc_1: vj1i0 + vj1i1 + vj1i2 + vj1i3 + vj1i4 <= 8\n cons_min_cpu_vm_0: uj0 >= 1\n cons_min_cpu_vm_1: uj1 >= 1\n\nBounds\n 0 <= si0 <= 1\n 0 <= si1 <= 1\n 0 <= si2 <= 1\n 0 <= si3 <= 1\n 0 <= si4 <= 1\n\nBinaries\n si0 si1 si2 si3 si4\nEnd\n",
  "classic": {
    "objective": 17.423758436765006,
    "status": "INFEASIBLE",
    "x": [
      1.0,
      1.0,
      1.0,
      1.0,
      1.0,
      2.57753731956144,
      3.9284489266792386,
      3.6690633023191332,
      2.0306757059765945,
      2.5085604597493125,
      3.7081769661528448,
      2.35726535903505,
      2.6166509833951537,
      2.2550385797376933,
      1.7771538259649742,
      0.05745899823305974,
      0.9106520476331446
    ],
    "residuals": [
      0.10817875651242775,
      0.06671772365555027,
      0.1391598506286497,
      0.19900992694045558,
      0.16454446064869332,
      0.07092644794244833,
      0.04201266711269013,
      0.19810159836569313,
      0.13220958887902673,
      0.06255766215846267,
      0.05504516984728844,
      0.03635330100846859,
      0.02096045126921481,
      0.017231044211820735,
      0.025690010436366876,
      0.03406808995107852,
      0.02930850587384842,
      0.0178484694407967,
      0.0768364678497216,
      0.041065004841095425
    ],
    "duration_seconds": 48.48711710000043
  },
  "quantum": {
    "objective": -35.81830038196491,
    "status": "INFEASIBLE",
    "x": [
      0.0,
      0.0,
      0.0,
      0.0,
      0.0,
      3.9465993943563453,
      3.348621151457357,
      2.5308630567772803,
      2.24988842500489,
      2.638313686689844,
      2.3391148913579465,
      2.9370931342569326,
      3.7548512289370075,
      2.0358258607093993,
      1.64740059902444,
      -1.2272940806664732,
      -1.396818116461882
    ],
    "residuals": [
      0.017559457541776635,
      0.009489279710700484
    ],
    "duration_seconds": 15.39099669999996
  },
  "combined_image": "q_20260324_150622_results.png"
}