{
  "script": "q",
  "meta": {
    "n_servers": 2,
    "n_vms": 2,
    "require_all_on": true
  },
  "input": {
    "pi": [
      1.0,
      1.0
    ],
    "pd": [
      1.0,
      1.0
    ],
    "capacities": [
      11,
      11
    ],
    "vm_allocation_limits": [
      11,
      10
    ],
    "min_cpu_per_vm": 1
  },
  "qp_lp": "\\ This file has been generated by DOcplex\n\\ ENCODING=ISO-8859-1\n\\Problem name: qiskit_server\n\nMinimize\n obj: si0 + si1 + [ 2 vj0i0*uj0 + 2 vj0i1*uj0 + 2 vj1i0*uj1 + 2 vj1i1*uj1 ]/2\nSubject To\n cons_server_load_0: vj0i0 + vj1i0 >= 10\n cons_server_load_1: vj0i1 + vj1i1 >= 10\n cons_first3vm_server_0: vj0i0 + vj1i0 >= 11\n cons_first3vm_server_1: vj0i1 + vj1i1 >= 11\n cons_server_on_0: si0 = 1\n cons_server_on_1: si1 = 1\n cons_vm_alloc_0: vj0i0 + vj0i1 <= 11\n cons_vm_alloc_1: vj1i0 + vj1i1 <= 10\n cons_min_cpu_vm_0: uj0 >= 1\n cons_min_cpu_vm_1: uj1 >= 1\n\nBounds\n 0 <= si0 <= 1\n 0 <= si1 <= 1\n\nBinaries\n si0 si1\nEnd\n",
  "classic": {
    "objective": 18.126125000000002,
    "status": "INFEASIBLE",
    "x": [
      1.0,
      1.0,
      5.1843227614552525,
      6.065677238544748,
      5.5656772385447475,
      4.6843227614552525,
      0.7501,
      0.75
    ],
    "residuals": [
      0.00013952231428585716
    ],
    "duration_seconds": 0.41494190000003073
  },
  "quantum": {
    "objective": 16.125000000000014,
    "status": "INFEASIBLE",
    "x": [
      0.0,
      0.0,
      5.199907326916266,
      6.050092673083736,
      5.550092673083734,
      4.699907326916265,
      0.7500000000000004,
      0.7500000000000006
    ],
    "residuals": [
      0.00021999988096824374
    ],
    "duration_seconds": 1.7270741999996062
  },
  "combined_image": "q_20260324_145155_results.png"
}