{
  "script": "q",
  "meta": {
    "n_servers": 4,
    "n_vms": 1,
    "require_all_on": true
  },
  "input": {
    "pi": [
      1.0,
      1.0,
      1.0,
      1.0
    ],
    "pd": [
      1.0,
      1.0,
      1.0,
      1.0
    ],
    "capacities": [
      11,
      11,
      11,
      10
    ],
    "vm_allocation_limits": [
      12
    ],
    "min_cpu_per_vm": 1
  },
  "qp_lp": "\\ This file has been generated by DOcplex\n\\ ENCODING=ISO-8859-1\n\\Problem name: qiskit_server\n\nMinimize\n obj: si0 + si1 + si2 + si3 + [ 2 vj0i0*uj0 + 2 vj0i1*uj0 + 2 vj0i2*uj0\n      + 2 vj0i3*uj0 ]/2\nSubject To\n cons_server_load_0: vj0i0 >= 10\n cons_server_load_1: vj0i1 >= 10\n cons_server_load_2: vj0i2 >= 10\n cons_server_load_3: vj0i3 >= 9\n cons_first3vm_server_0: vj0i0 >= 11\n cons_first3vm_server_1: vj0i1 >= 11\n cons_first3vm_server_2: vj0i2 >= 11\n cons_server_on_0: si0 = 1\n cons_server_on_1: si1 = 1\n cons_server_on_2: si2 = 1\n cons_server_on_3: si3 = 1\n cons_vm_alloc_0: vj0i0 + vj0i1 + vj0i2 + vj0i3 <= 12\n cons_min_cpu_vm_0: uj0 >= 1\n\nBounds\n 0 <= si0 <= 1\n 0 <= si1 <= 1\n 0 <= si2 <= 1\n 0 <= si3 <= 1\n\nBinaries\n si0 si1 si2 si3\nEnd\n",
  "classic": {
    "objective": 27.629702946788306,
    "status": "INFEASIBLE",
    "x": [
      1.0,
      1.0,
      1.0,
      1.0,
      5.000000000000001,
      5.000000000000001,
      5.0,
      3.000000000000001,
      1.3127612748215722
    ],
    "residuals": [
      0.38998543260567214,
      0.47725684789588746,
      0.2691669087676857,
      0.057093338667310096,
      0.21930205314037116,
      0.3716289542252718,
      0.3049462965335477,
      0.13296506890505694,
      0.13042204550762887,
      0.1332292705876186,
      0.11727441585472488,
      0.1875597303412849,
      0.10245935154828095,
      0.10716515280818245,
      0.07284915692260997,
      0.1526070448297534,
      0.034074099461904234,
      0.07018609045578383,
      0.11333935972764798,
      0.07340842088359213
    ],
    "duration_seconds": 21.37281620001886
  },
  "quantum": {
    "objective": -1.3351915848803626,
    "status": "INFEASIBLE",
    "x": [
      0.0,
      0.0,
      0.0,
      0.0,
      5.000000000000001,
      5.000000000000001,
      5.000000000000001,
      3.0,
      -0.07417731027113124
    ],
    "residuals": [
      0.01645969915049373,
      0.029708715481656277,
      0.011880811292001092,
      0.0029409677144670004
    ],
    "duration_seconds": 12.079542900028173
  },
  "combined_image": "q_20260324_133427_results.png"
}