{
  "script": "q",
  "meta": {
    "n_servers": 4,
    "n_vms": 2,
    "require_all_on": true
  },
  "input": {
    "pi": [
      1.0,
      1.0,
      1.0,
      1.0
    ],
    "pd": [
      1.0,
      1.0,
      1.0,
      1.0
    ],
    "capacities": [
      11,
      11,
      11,
      10
    ],
    "vm_allocation_limits": [
      12,
      8
    ],
    "min_cpu_per_vm": 1
  },
  "qp_lp": "\\ This file has been generated by DOcplex\n\\ ENCODING=ISO-8859-1\n\\Problem name: qiskit_server\n\nMinimize\n obj: si0 + si1 + si2 + si3 + [ 2 vj0i0*uj0 + 2 vj0i1*uj0 + 2 vj0i2*uj0\n      + 2 vj0i3*uj0 + 2 vj1i0*uj1 + 2 vj1i1*uj1 + 2 vj1i2*uj1 + 2 vj1i3*uj1 ]/2\nSubject To\n cons_server_load_0: vj0i0 + vj1i0 >= 10\n cons_server_load_1: vj0i1 + vj1i1 >= 10\n cons_server_load_2: vj0i2 + vj1i2 >= 10\n cons_server_load_3: vj0i3 + vj1i3 >= 9\n cons_first3vm_server_0: vj0i0 + vj1i0 >= 11\n cons_first3vm_server_1: vj0i1 + vj1i1 >= 11\n cons_first3vm_server_2: vj0i2 + vj1i2 >= 11\n cons_server_on_0: si0 = 1\n cons_server_on_1: si1 = 1\n cons_server_on_2: si2 = 1\n cons_server_on_3: si3 = 1\n cons_vm_alloc_0: vj0i0 + vj0i1 + vj0i2 + vj0i3 <= 12\n cons_vm_alloc_1: vj1i0 + vj1i1 + vj1i2 + vj1i3 <= 8\n cons_min_cpu_vm_0: uj0 >= 1\n cons_min_cpu_vm_1: uj1 >= 1\n\nBounds\n 0 <= si0 <= 1\n 0 <= si1 <= 1\n 0 <= si2 <= 1\n 0 <= si3 <= 1\n\nBinaries\n si0 si1 si2 si3\nEnd\n",
  "classic": {
    "objective": 13.683335277327162,
    "status": "INFEASIBLE",
    "x": [
      1.0,
      1.0,
      1.0,
      1.0,
      4.269434542286193,
      4.124405818190356,
      4.476758871393783,
      2.7960674347963397,
      3.0638987910471425,
      3.2089275151429795,
      2.856574461939552,
      2.5372658985369947,
      0.42743802224153504,
      0.25601196533226656
    ],
    "residuals": [
      0.24936857616627095,
      0.22802950352437748,
      0.15102644188830983,
      0.11567088733076697,
      0.28708909774868036,
      0.3697355461660096,
      0.2065535269481687,
      0.27092463304915393,
      0.2572443364301094,
      0.20736497266707563,
      0.1306282036662103,
      0.23336423680607488,
      0.23102304107044339,
      0.14294543045860855,
      0.1255691972616687,
      0.1231032928137766,
      0.15506919983141587,
      0.15395341720332248,
      0.16625651522909843,
      0.09709603473774715
    ],
    "duration_seconds": 30.564518099999987
  },
  "quantum": {
    "objective": -15.407048143562832,
    "status": "INFEASIBLE",
    "x": [
      0.0,
      1.0,
      0.0,
      0.0,
      4.242172266050251,
      4.175948637426952,
      3.9829327328644237,
      3.265613030325041,
      3.091161067283084,
      3.1573846959063805,
      3.3504006004689093,
      2.067720303008293,
      -0.37877787184653017,
      -0.8976738415400449
    ],
    "residuals": [
      0.03165441704001637,
      0.015842958662233845,
      0.0033383761885403336
    ],
    "duration_seconds": 14.623549000010826
  },
  "combined_image": "q_20260324_133518_results.png"
}