{
  "script": "q",
  "meta": {
    "n_servers": 3,
    "n_vms": 2,
    "require_all_on": true
  },
  "input": {
    "pi": [
      1.0,
      1.0,
      1.0
    ],
    "pd": [
      1.0,
      1.0,
      1.0
    ],
    "capacities": [
      11,
      11,
      11
    ],
    "vm_allocation_limits": [
      8,
      10
    ],
    "min_cpu_per_vm": 1
  },
  "qp_lp": "\\ This file has been generated by DOcplex\n\\ ENCODING=ISO-8859-1\n\\Problem name: qiskit_server\n\nMinimize\n obj: si0 + si1 + si2 + [ 2 vj0i0*uj0 + 2 vj0i1*uj0 + 2 vj0i2*uj0 + 2 vj1i0*uj1\n      + 2 vj1i1*uj1 + 2 vj1i2*uj1 ]/2\nSubject To\n cons_server_load_0: vj0i0 + vj1i0 >= 10\n cons_server_load_1: vj0i1 + vj1i1 >= 10\n cons_server_load_2: vj0i2 + vj1i2 >= 10\n cons_first3vm_server_0: vj0i0 + vj1i0 >= 11\n cons_first3vm_server_1: vj0i1 + vj1i1 >= 11\n cons_first3vm_server_2: vj0i2 + vj1i2 >= 11\n cons_server_on_0: si0 = 1\n cons_server_on_1: si1 = 1\n cons_server_on_2: si2 = 1\n cons_vm_alloc_0: vj0i0 + vj0i1 + vj0i2 <= 8\n cons_vm_alloc_1: vj1i0 + vj1i1 + vj1i2 <= 10\n cons_min_cpu_vm_0: uj0 >= 1\n cons_min_cpu_vm_1: uj1 >= 1\n\nBounds\n 0 <= si0 <= 1\n 0 <= si1 <= 1\n 0 <= si2 <= 1\n\nBinaries\n si0 si1 si2\nEnd\n",
  "classic": {
    "objective": 5.024981080686882,
    "status": "INFEASIBLE",
    "x": [
      1.0,
      1.0,
      1.0,
      3.718128548953053,
      3.3541676212987594,
      3.9277038297481863,
      4.281871451046946,
      4.645832378701241,
      4.072296170251812,
      0.7964764483552975,
      -0.5181738347093375
    ],
    "residuals": [
      0.08296216428584623,
      0.04562885491135236,
      0.14804903374235534,
      0.16030335820639394,
      0.15038462430721128,
      0.07360983721442253,
      0.04848666375051942,
      0.0888651280163881,
      0.02409166597470742,
      0.11401247616421945,
      0.061505139007164734,
      0.026914051408123373,
      0.028036432111504563,
      0.04325563309548352,
      0.019669562061145156,
      0.025156115411108265,
      0.04076006678561847,
      0.03437235174212465,
      0.05432753315226627,
      0.024535259304758073
    ],
    "duration_seconds": 27.09645409998484
  },
  "quantum": {
    "objective": -11.600539352377977,
    "status": "INFEASIBLE",
    "x": [
      0.0,
      0.0,
      0.0,
      3.730030080712798,
      3.6087991037112492,
      3.661170815575949,
      4.2699699192872,
      4.391200896288749,
      4.338829184424055,
      -0.40953862257137247,
      -0.5458165003148368
    ],
    "residuals": [
      0.013233499350831218,
      0.006354651307296575
    ],
    "duration_seconds": 8.906047299969941
  },
  "combined_image": "q_20260324_132835_results.png"
}