{
  "script": "q",
  "meta": {
    "n_servers": 3,
    "n_vms": 4,
    "require_all_on": true
  },
  "input": {
    "pi": [
      1.0,
      1.0,
      1.0
    ],
    "pd": [
      1.0,
      1.0,
      1.0
    ],
    "capacities": [
      11,
      11,
      11
    ],
    "vm_allocation_limits": [
      12,
      8,
      10,
      9
    ],
    "min_cpu_per_vm": 1
  },
  "qp_lp": "\\ This file has been generated by DOcplex\n\\ ENCODING=ISO-8859-1\n\\Problem name: qiskit_server\n\nMinimize\n obj: si0 + si1 + si2 + [ 2 vj0i0*uj0 + 2 vj0i1*uj0 + 2 vj0i2*uj0 + 2 vj1i0*uj1\n      + 2 vj1i1*uj1 + 2 vj1i2*uj1 + 2 vj2i0*uj2 + 2 vj2i1*uj2 + 2 vj2i2*uj2\n      + 2 vj3i0*uj3 + 2 vj3i1*uj3 + 2 vj3i2*uj3 ]/2\nSubject To\n cons_server_load_0: vj0i0 + vj1i0 + vj2i0 + vj3i0 >= 10\n cons_server_load_1: vj0i1 + vj1i1 + vj2i1 + vj3i1 >= 10\n cons_server_load_2: vj0i2 + vj1i2 + vj2i2 + vj3i2 >= 10\n cons_first3vm_server_0: vj0i0 + vj1i0 + vj2i0 >= 11\n cons_first3vm_server_1: vj0i1 + vj1i1 + vj2i1 >= 11\n cons_first3vm_server_2: vj0i2 + vj1i2 + vj2i2 >= 11\n cons_server_on_0: si0 = 1\n cons_server_on_1: si1 = 1\n cons_server_on_2: si2 = 1\n cons_vm_alloc_0: vj0i0 + vj0i1 + vj0i2 <= 12\n cons_vm_alloc_1: vj1i0 + vj1i1 + vj1i2 <= 8\n cons_vm_alloc_2: vj2i0 + vj2i1 + vj2i2 <= 10\n cons_vm_alloc_3: vj3i0 + vj3i1 + vj3i2 <= 9\n cons_min_cpu_vm_0: uj0 >= 1\n cons_min_cpu_vm_1: uj1 >= 1\n cons_min_cpu_vm_2: uj2 >= 1\n cons_min_cpu_vm_3: uj3 >= 1\n\nBounds\n 0 <= si0 <= 1\n 0 <= si1 <= 1\n 0 <= si2 <= 1\n\nBinaries\n si0 si1 si2\nEnd\n",
  "classic": {
    "objective": 23.102162633242788,
    "status": "INFEASIBLE",
    "x": [
      1.0,
      1.0,
      1.0,
      4.576404904638741,
      3.8163297722757688,
      4.107265323085492,
      2.6397929154583375,
      2.8285916356062644,
      3.0316154489353995,
      3.2838021799029224,
      3.8550785921179704,
      3.361119227979105,
      0.10998970191051462,
      0.04100194723387372,
      0.6987136215672104,
      0.7908585840987395,
      0.5094533551741094,
      0.5201106254534297,
      0.5000736848575126
    ],
    "residuals": [
      0.31427027661167994,
      0.2907191632634971,
      0.2287412017581513,
      0.21613295524538262,
      0.09317508921386479,
      0.0779737741825445,
      0.04106919765303157,
      0.03630180849842351,
      0.0605538784930926,
      0.10864838339074888,
      0.06414173633703735,
      0.01901878562872104,
      0.03773222654155383,
      0.045160336300969856,
      0.024318323613476644,
      0.026377558904891938,
      0.015051457104051532,
      0.03508096463221132,
      0.010399204176739481,
      0.006815495910887649
    ],
    "duration_seconds": 59.6342711999896
  },
  "quantum": {
    "objective": 15.769636836290026,
    "status": "INFEASIBLE",
    "x": [
      0.0,
      0.0,
      0.0,
      3.9189085484211628,
      3.8608659888512986,
      4.720225462727534,
      3.440920512809604,
      2.7861920676818093,
      2.2728874195085846,
      3.1401709387692294,
      3.852941943466892,
      3.5068871177638794,
      -0.1285789795239439,
      -0.23663964889421132,
      0.386672554769069,
      0.5000102327921216,
      0.5000408394901393,
      0.500021719874315,
      0.882529926332664
    ],
    "residuals": [
      0.0018614138370389574
    ],
    "duration_seconds": 5.155855099961627
  },
  "combined_image": "q_20260324_133115_results.png"
}