{
  "script": "q",
  "meta": {
    "n_servers": 2,
    "n_vms": 4,
    "require_all_on": true
  },
  "input": {
    "pi": [
      1.0,
      1.0
    ],
    "pd": [
      1.0,
      1.0
    ],
    "capacities": [
      11,
      11
    ],
    "vm_allocation_limits": [
      8,
      11,
      12,
      9
    ],
    "min_cpu_per_vm": 1
  },
  "qp_lp": "\\ This file has been generated by DOcplex\n\\ ENCODING=ISO-8859-1\n\\Problem name: qiskit_server\n\nMinimize\n obj: si0 + si1 + [ 2 vj0i0*uj0 + 2 vj0i1*uj0 + 2 vj1i0*uj1 + 2 vj1i1*uj1\n      + 2 vj2i0*uj2 + 2 vj2i1*uj2 + 2 vj3i0*uj3 + 2 vj3i1*uj3 ]/2\nSubject To\n cons_server_load_0: vj0i0 + vj1i0 + vj2i0 + vj3i0 >= 10\n cons_server_load_1: vj0i1 + vj1i1 + vj2i1 + vj3i1 >= 10\n cons_first3vm_server_0: vj0i0 + vj1i0 + vj2i0 >= 11\n cons_first3vm_server_1: vj0i1 + vj1i1 + vj2i1 >= 11\n cons_server_on_0: si0 = 1\n cons_server_on_1: si1 = 1\n cons_vm_alloc_0: vj0i0 + vj0i1 <= 8\n cons_vm_alloc_1: vj1i0 + vj1i1 <= 11\n cons_vm_alloc_2: vj2i0 + vj2i1 <= 12\n cons_vm_alloc_3: vj3i0 + vj3i1 <= 9\n cons_min_cpu_vm_0: uj0 >= 1\n cons_min_cpu_vm_1: uj1 >= 1\n cons_min_cpu_vm_2: uj2 >= 1\n cons_min_cpu_vm_3: uj3 >= 1\n\nBounds\n 0 <= si0 <= 1\n 0 <= si1 <= 1\n\nBinaries\n si0 si1\nEnd\n",
  "classic": {
    "objective": 24.0,
    "status": "INFEASIBLE",
    "x": [
      1.0,
      1.0,
      4.563014781979695,
      3.3563412117474405,
      2.1602885833353875,
      3.974599891652468,
      4.2766966346849165,
      3.669058896600093,
      -4.494603076712946e-20,
      -3.1514113073283e-17,
      1.0,
      1.0,
      1.0,
      1.1484331531265213
    ],
    "residuals": [
      9.9999999999933e-05
    ],
    "duration_seconds": 1.6555095999501646
  },
  "quantum": {
    "objective": 21.999999999999996,
    "status": "INFEASIBLE",
    "x": [
      0.0,
      0.0,
      4.0247861372925575,
      3.975213862707446,
      3.396406562565806,
      3.1021353138984855,
      3.5788073001416363,
      3.922650823394065,
      1.1323476811830602e-21,
      -5.062997873912926e-17,
      1.0,
      0.9999999999999998,
      0.9999999999999999,
      1.2448279437844625
    ],
    "residuals": [
      9.999999999992613e-05
    ],
    "duration_seconds": 3.5219986000447534
  },
  "combined_image": "q_20260324_132647_results.png"
}