{
  "script": "q",
  "meta": {
    "n_servers": 3,
    "n_vms": 3,
    "require_all_on": true
  },
  "input": {
    "pi": [
      1.0,
      1.0,
      1.0
    ],
    "pd": [
      1.0,
      1.0,
      1.0
    ],
    "capacities": [
      11,
      11,
      11
    ],
    "vm_allocation_limits": [
      9,
      11,
      10
    ],
    "min_cpu_per_vm": 1
  },
  "qp_lp": "\\ This file has been generated by DOcplex\n\\ ENCODING=ISO-8859-1\n\\Problem name: qiskit_server\n\nMinimize\n obj: si0 + si1 + si2 + [ 2 vj0i0*uj0 + 2 vj0i1*uj0 + 2 vj0i2*uj0 + 2 vj1i0*uj1\n      + 2 vj1i1*uj1 + 2 vj1i2*uj1 + 2 vj2i0*uj2 + 2 vj2i1*uj2 + 2 vj2i2*uj2 ]/2\nSubject To\n cons_server_load_0: vj0i0 + vj1i0 + vj2i0 >= 10\n cons_server_load_1: vj0i1 + vj1i1 + vj2i1 >= 10\n cons_server_load_2: vj0i2 + vj1i2 + vj2i2 >= 10\n cons_first3vm_server_0: vj0i0 + vj1i0 + vj2i0 >= 11\n cons_first3vm_server_1: vj0i1 + vj1i1 + vj2i1 >= 11\n cons_first3vm_server_2: vj0i2 + vj1i2 + vj2i2 >= 11\n cons_server_on_0: si0 = 1\n cons_server_on_1: si1 = 1\n cons_server_on_2: si2 = 1\n cons_vm_alloc_0: vj0i0 + vj0i1 + vj0i2 <= 9\n cons_vm_alloc_1: vj1i0 + vj1i1 + vj1i2 <= 11\n cons_vm_alloc_2: vj2i0 + vj2i1 + vj2i2 <= 10\n cons_min_cpu_vm_0: uj0 >= 1\n cons_min_cpu_vm_1: uj1 >= 1\n cons_min_cpu_vm_2: uj2 >= 1\n\nBounds\n 0 <= si0 <= 1\n 0 <= si1 <= 1\n 0 <= si2 <= 1\n\nBinaries\n si0 si1 si2\nEnd\n",
  "classic": {
    "objective": 24.08249066423697,
    "status": "INFEASIBLE",
    "x": [
      1.0,
      1.0,
      1.0,
      2.8490411338679267,
      3.7161879103515782,
      2.934770955780499,
      3.3867832600395507,
      4.121766377698832,
      3.9914503622616135,
      4.264175606092518,
      2.662045711949596,
      3.573778681957886,
      1.0321355342529532,
      0.5000000000000021,
      0.526400294174656
    ],
    "residuals": [
      0.0262609787866118,
      0.05326997407991667,
      0.09533174096895411,
      0.11543182142709836,
      0.01924863585463828,
      0.05860015981640803,
      0.029206460623065946,
      0.06341411801084576,
      0.07029569213325554,
      0.052395651219723414,
      0.08349635915371174,
      0.06469347455383519,
      0.040285974535939385,
      0.029561137757109255,
      0.014909546758035078,
      0.01702219751149935,
      0.020730589821560275,
      0.010977297351203409,
      0.021142611179386653,
      0.011609500228044519
    ],
    "duration_seconds": 45.708804699999746
  },
  "quantum": {
    "objective": 19.044367483998368,
    "status": "INFEASIBLE",
    "x": [
      0.0,
      0.0,
      0.0,
      2.4763292701684243,
      2.734483969304307,
      4.289186760527268,
      3.9875962451321985,
      4.124203936037693,
      3.388199818830112,
      4.0360744846993795,
      3.641312094657999,
      2.8226134206426203,
      0.6916327327855775,
      0.5000000000000031,
      0.6403672878605092
    ],
    "residuals": [
      0.010499447485150177,
      0.004448833786140013
    ],
    "duration_seconds": 10.795814899960533
  },
  "combined_image": "q_20260324_132942_results.png"
}