{
  "script": "q",
  "meta": {
    "n_servers": 3,
    "n_vms": 2,
    "require_all_on": true
  },
  "input": {
    "pi": [
      1.0,
      1.0,
      1.0
    ],
    "pd": [
      1.0,
      1.0,
      1.0
    ],
    "capacities": [
      11,
      11,
      11
    ],
    "vm_allocation_limits": [
      8,
      9
    ],
    "min_cpu_per_vm": 1
  },
  "qp_lp": "\\ This file has been generated by DOcplex\n\\ ENCODING=ISO-8859-1\n\\Problem name: qiskit_server\n\nMinimize\n obj: si0 + si1 + si2 + [ 2 vj0i0*uj0 + 2 vj0i1*uj0 + 2 vj0i2*uj0 + 2 vj1i0*uj1\n      + 2 vj1i1*uj1 + 2 vj1i2*uj1 ]/2\nSubject To\n cons_server_load_0: vj0i0 + vj1i0 >= 10\n cons_server_load_1: vj0i1 + vj1i1 >= 10\n cons_server_load_2: vj0i2 + vj1i2 >= 10\n cons_first3vm_server_0: vj0i0 + vj1i0 >= 11\n cons_first3vm_server_1: vj0i1 + vj1i1 >= 11\n cons_first3vm_server_2: vj0i2 + vj1i2 >= 11\n cons_server_on_0: si0 = 1\n cons_server_on_1: si1 = 1\n cons_server_on_2: si2 = 1\n cons_vm_alloc_0: vj0i0 + vj0i1 + vj0i2 <= 8\n cons_vm_alloc_1: vj1i0 + vj1i1 + vj1i2 <= 9\n cons_min_cpu_vm_0: uj0 >= 1\n cons_min_cpu_vm_1: uj1 >= 1\n\nBounds\n 0 <= si0 <= 1\n 0 <= si1 <= 1\n 0 <= si2 <= 1\n\nBinaries\n si0 si1 si2\nEnd\n",
  "classic": {
    "objective": 14.931740732764268,
    "status": "INFEASIBLE",
    "x": [
      1.0,
      1.0,
      1.0,
      3.62293911470572,
      4.020174019795183,
      3.5568868654990977,
      4.17706088529428,
      3.779825980204818,
      4.243113134500905,
      0.6029960912413505,
      0.4244413533492739
    ],
    "residuals": [
      0.2941948559013469,
      0.28356225303877064,
      0.14027959753760866,
      0.16034399273845418,
      0.05775631699863335,
      0.12637115722902093,
      0.1711125032135572,
      0.07064579347951577,
      0.0480301105942245,
      0.17174061645149594,
      0.09151182890105758,
      0.028077523191730187,
      0.0964670350547836,
      0.09797421324913093,
      0.1444900901858506,
      0.06750698126731695,
      0.07478391717929886,
      0.024379250448914938,
      0.11723653175413842,
      0.07578901856820956
    ],
    "duration_seconds": 16.741989699999976
  },
  "quantum": {
    "objective": -11.562203564805891,
    "status": "INFEASIBLE",
    "x": [
      0.0,
      0.0,
      0.0,
      4.189290900539123,
      3.5187149075692528,
      3.4919941918916257,
      3.610709099460878,
      4.281285092430747,
      4.308005808108375,
      -0.7855586787713005,
      -0.22655298053830536
    ],
    "residuals": [
      0.008451775381476965
    ],
    "duration_seconds": 4.124425599999995
  },
  "combined_image": "q_20260324_145319_results.png"
}