{
  "script": "q",
  "meta": {
    "n_servers": 3,
    "n_vms": 1,
    "require_all_on": true
  },
  "input": {
    "pi": [
      1.0,
      1.0,
      1.0
    ],
    "pd": [
      1.0,
      1.0,
      1.0
    ],
    "capacities": [
      11,
      11,
      11
    ],
    "vm_allocation_limits": [
      8
    ],
    "min_cpu_per_vm": 1
  },
  "qp_lp": "\\ This file has been generated by DOcplex\n\\ ENCODING=ISO-8859-1\n\\Problem name: qiskit_server\n\nMinimize\n obj: si0 + si1 + si2 + [ 2 vj0i0*uj0 + 2 vj0i1*uj0 + 2 vj0i2*uj0 ]/2\nSubject To\n cons_server_load_0: vj0i0 >= 10\n cons_server_load_1: vj0i1 >= 10\n cons_server_load_2: vj0i2 >= 10\n cons_first3vm_server_0: vj0i0 >= 11\n cons_first3vm_server_1: vj0i1 >= 11\n cons_first3vm_server_2: vj0i2 >= 11\n cons_server_on_0: si0 = 1\n cons_server_on_1: si1 = 1\n cons_server_on_2: si2 = 1\n cons_vm_alloc_0: vj0i0 + vj0i1 + vj0i2 <= 8\n cons_min_cpu_vm_0: uj0 >= 1\n\nBounds\n 0 <= si0 <= 1\n 0 <= si1 <= 1\n 0 <= si2 <= 1\n\nBinaries\n si0 si1 si2\nEnd\n",
  "classic": {
    "objective": 12.728164491802763,
    "status": "INFEASIBLE",
    "x": [
      1.0,
      1.0,
      1.0,
      4.749999999999999,
      4.750000000000001,
      4.749999999999999,
      0.6826782099510711
    ],
    "residuals": [
      0.551826240444673,
      0.8411037810488192,
      0.5927610151135426,
      0.42707576964234817,
      0.1085719097859977,
      0.3729873358202219,
      0.15308348090449583,
      0.21030960888854436,
      0.221497826222752,
      0.05774052981418289,
      0.11486602629913799,
      0.06481094351150002,
      0.025235643650139455,
      0.07995261446670093,
      0.2210023490029237,
      0.08083829879856495,
      0.17735527193797784,
      0.20081651128149694,
      0.04085154563399946,
      0.07094796938901156
    ],
    "duration_seconds": 11.099025299999994
  },
  "quantum": {
    "objective": -9.462698038229528,
    "status": "INFEASIBLE",
    "x": [
      0.0,
      0.0,
      0.0,
      4.750000000000001,
      4.750000000000001,
      4.75,
      -0.6640489851389142
    ],
    "residuals": [
      0.020269514995520408,
      0.004640847007885585
    ],
    "duration_seconds": 3.886559199999283
  },
  "combined_image": "q_20260324_145254_results.png"
}