{
  "script": "q",
  "meta": {
    "n_servers": 6,
    "n_vms": 3,
    "require_all_on": true
  },
  "input": {
    "pi": [
      1.0,
      1.0,
      1.0,
      1.0,
      1.0,
      1.0
    ],
    "pd": [
      1.0,
      1.0,
      1.0,
      1.0,
      1.0,
      1.0
    ],
    "capacities": [
      11,
      11,
      11,
      10,
      10,
      10
    ],
    "vm_allocation_limits": [
      11,
      8,
      10
    ],
    "min_cpu_per_vm": 1
  },
  "qp_lp": "\\ This file has been generated by DOcplex\n\\ ENCODING=ISO-8859-1\n\\Problem name: qiskit_server\n\nMinimize\n obj: si0 + si1 + si2 + si3 + si4 + si5 + [ 2 vj0i0*uj0 + 2 vj0i1*uj0\n      + 2 vj0i2*uj0 + 2 vj0i3*uj0 + 2 vj0i4*uj0 + 2 vj0i5*uj0 + 2 vj1i0*uj1\n      + 2 vj1i1*uj1 + 2 vj1i2*uj1 + 2 vj1i3*uj1 + 2 vj1i4*uj1 + 2 vj1i5*uj1\n      + 2 vj2i0*uj2 + 2 vj2i1*uj2 + 2 vj2i2*uj2 + 2 vj2i3*uj2 + 2 vj2i4*uj2\n      + 2 vj2i5*uj2 ]/2\nSubject To\n cons_server_load_0: vj0i0 + vj1i0 + vj2i0 >= 10\n cons_server_load_1: vj0i1 + vj1i1 + vj2i1 >= 10\n cons_server_load_2: vj0i2 + vj1i2 + vj2i2 >= 10\n cons_server_load_3: vj0i3 + vj1i3 + vj2i3 >= 9\n cons_server_load_4: vj0i4 + vj1i4 + vj2i4 >= 9\n cons_server_load_5: vj0i5 + vj1i5 + vj2i5 >= 9\n cons_first3vm_server_0: vj0i0 + vj1i0 + vj2i0 >= 11\n cons_first3vm_server_1: vj0i1 + vj1i1 + vj2i1 >= 11\n cons_first3vm_server_2: vj0i2 + vj1i2 + vj2i2 >= 11\n cons_server_on_0: si0 = 1\n cons_server_on_1: si1 = 1\n cons_server_on_2: si2 = 1\n cons_server_on_3: si3 = 1\n cons_server_on_4: si4 = 1\n cons_server_on_5: si5 = 1\n cons_vm_alloc_0: vj0i0 + vj0i1 + vj0i2 + vj0i3 + vj0i4 + vj0i5 <= 11\n cons_vm_alloc_1: vj1i0 + vj1i1 + vj1i2 + vj1i3 + vj1i4 + vj1i5 <= 8\n cons_vm_alloc_2: vj2i0 + vj2i1 + vj2i2 + vj2i3 + vj2i4 + vj2i5 <= 10\n cons_min_cpu_vm_0: uj0 >= 1\n cons_min_cpu_vm_1: uj1 >= 1\n cons_min_cpu_vm_2: uj2 >= 1\n\nBounds\n 0 <= si0 <= 1\n 0 <= si1 <= 1\n 0 <= si2 <= 1\n 0 <= si3 <= 1\n 0 <= si4 <= 1\n 0 <= si5 <= 1\n\nBinaries\n si0 si1 si2 si3 si4 si5\nEnd\n",
  "classic": {
    "objective": 8.011582612014177,
    "status": "INFEASIBLE",
    "x": [
      1.0,
      1.0,
      1.0,
      1.0,
      1.0,
      1.0,
      2.1898402616202732,
      2.8479558955745627,
      3.13741056066835,
      2.0715394422510935,
      2.028157324291993,
      2.1695409600381765,
      2.7730973153512797,
      1.9457066740597249,
      1.9539492813673214,
      1.5615051060091039,
      1.7175436576724419,
      1.4926424099845614,
      2.5926179785840024,
      2.761892985921281,
      2.4641957135198753,
      1.9225110072953597,
      1.8098545735911273,
      1.8933721855328218,
      0.020097233952081413,
      0.09658672971071863,
      0.045811321769859456
    ],
    "residuals": [
      0.07222649943395447,
      0.09962069051891748,
      0.11657408319989825,
      0.12187595177877894,
      0.09997381746600197,
      0.10725373470325632,
      0.05834475524273658,
      0.09495149550335202,
      0.12797445985035674,
      0.12774805896606917,
      0.07484180560688845,
      0.04040598448236433,
      0.029727532703723306,
      0.02448081643057705,
      0.028913674751271292,
      0.025462080365505547,
      0.025607807377789248,
      0.03098006434138697,
      0.013325794343326753,
      0.022168903376152963
    ],
    "duration_seconds": 95.84917649999988
  },
  "quantum": {
    "objective": 6.725853754006691,
    "status": "INFEASIBLE",
    "x": [
      0.0,
      0.0,
      0.0,
      0.0,
      0.0,
      0.0,
      2.049383455333523,
      2.7322159803817345,
      2.8685920000997216,
      2.1856776979235053,
      2.441882619217939,
      2.1666926914880245,
      3.0005611744676157,
      2.0851040305958013,
      2.200845049843275,
      1.3346525688587259,
      1.2935963426474566,
      1.5296852780315773,
      2.5056109257544183,
      2.7382355445780218,
      2.4861185056125614,
      2.0352252887733275,
      1.8200765936901622,
      1.8591775860359578,
      -0.2939573115852868,
      0.3983381373035326,
      0.4770107946271372
    ],
    "residuals": [
      0.015558118717250699,
      0.00756403877744702
    ],
    "duration_seconds": 23.458158499999627
  },
  "combined_image": "q_20260324_151833_results.png"
}