{
  "script": "q",
  "meta": {
    "n_servers": 2,
    "n_vms": 6,
    "require_all_on": true
  },
  "input": {
    "pi": [
      1.0,
      1.0
    ],
    "pd": [
      1.0,
      1.0
    ],
    "capacities": [
      11,
      11
    ],
    "vm_allocation_limits": [
      8,
      10,
      12,
      9,
      11,
      9
    ],
    "min_cpu_per_vm": 1
  },
  "qp_lp": "\\ This file has been generated by DOcplex\n\\ ENCODING=ISO-8859-1\n\\Problem name: qiskit_server\n\nMinimize\n obj: si0 + si1 + [ 2 vj0i0*uj0 + 2 vj0i1*uj0 + 2 vj1i0*uj1 + 2 vj1i1*uj1\n      + 2 vj2i0*uj2 + 2 vj2i1*uj2 + 2 vj3i0*uj3 + 2 vj3i1*uj3 + 2 vj4i0*uj4\n      + 2 vj4i1*uj4 + 2 vj5i0*uj5 + 2 vj5i1*uj5 ]/2\nSubject To\n cons_server_load_0: vj0i0 + vj1i0 + vj2i0 + vj3i0 + vj4i0 + vj5i0 >= 10\n cons_server_load_1: vj0i1 + vj1i1 + vj2i1 + vj3i1 + vj4i1 + vj5i1 >= 10\n cons_first3vm_server_0: vj0i0 + vj1i0 + vj2i0 >= 11\n cons_first3vm_server_1: vj0i1 + vj1i1 + vj2i1 >= 11\n cons_server_on_0: si0 = 1\n cons_server_on_1: si1 = 1\n cons_vm_alloc_0: vj0i0 + vj0i1 <= 8\n cons_vm_alloc_1: vj1i0 + vj1i1 <= 10\n cons_vm_alloc_2: vj2i0 + vj2i1 <= 12\n cons_vm_alloc_3: vj3i0 + vj3i1 <= 9\n cons_vm_alloc_4: vj4i0 + vj4i1 <= 11\n cons_vm_alloc_5: vj5i0 + vj5i1 <= 9\n cons_min_cpu_vm_0: uj0 >= 1\n cons_min_cpu_vm_1: uj1 >= 1\n cons_min_cpu_vm_2: uj2 >= 1\n cons_min_cpu_vm_3: uj3 >= 1\n cons_min_cpu_vm_4: uj4 >= 1\n cons_min_cpu_vm_5: uj5 >= 1\n\nBounds\n 0 <= si0 <= 1\n 0 <= si1 <= 1\n\nBinaries\n si0 si1\nEnd\n",
  "classic": {
    "objective": 24.0,
    "status": "INFEASIBLE",
    "x": [
      1.0,
      1.0,
      3.6025841154221587,
      3.452379798057702,
      3.7874950460080643,
      3.820723728739768,
      3.6099208385697774,
      3.7268964732025283,
      -7.566671951840102e-18,
      -7.240852973118822e-18,
      -1.1471129526721086e-21,
      1.548938147318665e-19,
      -6.368507731404857e-18,
      -9.996558171558223e-18,
      1.0,
      1.0,
      1.0,
      0.9999999999999999,
      1.31263531348549,
      1.6136243156333308
    ],
    "residuals": [
      9.999999999999999e-05
    ],
    "duration_seconds": 2.1408634000108577
  },
  "quantum": {
    "objective": 21.999999999999996,
    "status": "INFEASIBLE",
    "x": [
      0.0,
      0.0,
      4.527409131362409,
      3.47241358235675,
      3.105333169677232,
      3.740310890676948,
      3.367257698960356,
      3.7872755269663023,
      6.141784872021007e-17,
      -4.2028373979667244e-17,
      -1.619087845472355e-17,
      -8.733491649397807e-17,
      -9.01571487933714e-17,
      5.0766745599091904e-18,
      0.9999999999999999,
      0.9999999999999998,
      0.9999999999999999,
      1.3541927522030557,
      1.375642128614091,
      1.2102947162271975
    ],
    "residuals": [
      9.999999999998461e-05
    ],
    "duration_seconds": 4.409008400049061
  },
  "combined_image": "q_20260324_132715_results.png"
}