{
  "script": "q",
  "meta": {
    "n_servers": 3,
    "n_vms": 1,
    "require_all_on": true
  },
  "input": {
    "pi": [
      1.0,
      1.0,
      1.0
    ],
    "pd": [
      1.0,
      1.0,
      1.0
    ],
    "capacities": [
      11,
      11,
      11
    ],
    "vm_allocation_limits": [
      10
    ],
    "min_cpu_per_vm": 1
  },
  "qp_lp": "\\ This file has been generated by DOcplex\n\\ ENCODING=ISO-8859-1\n\\Problem name: qiskit_server\n\nMinimize\n obj: si0 + si1 + si2 + [ 2 vj0i0*uj0 + 2 vj0i1*uj0 + 2 vj0i2*uj0 ]/2\nSubject To\n cons_server_load_0: vj0i0 >= 10\n cons_server_load_1: vj0i1 >= 10\n cons_server_load_2: vj0i2 >= 10\n cons_first3vm_server_0: vj0i0 >= 11\n cons_first3vm_server_1: vj0i1 >= 11\n cons_first3vm_server_2: vj0i2 >= 11\n cons_server_on_0: si0 = 1\n cons_server_on_1: si1 = 1\n cons_server_on_2: si2 = 1\n cons_vm_alloc_0: vj0i0 + vj0i1 + vj0i2 <= 10\n cons_min_cpu_vm_0: uj0 >= 1\n\nBounds\n 0 <= si0 <= 1\n 0 <= si1 <= 1\n 0 <= si2 <= 1\n\nBinaries\n si0 si1 si2\nEnd\n",
  "classic": {
    "objective": 3.3580165894443765,
    "status": "INFEASIBLE",
    "x": [
      1.0,
      1.0,
      1.0,
      5.25,
      5.25,
      5.25,
      0.022731212028214393
    ],
    "residuals": [
      0.4928507342352456,
      0.43070340957058867,
      0.18241352471400132,
      0.0954177533751123,
      0.1199533958967862,
      0.40027822755452824,
      0.37565892750055246,
      0.35954059892740864,
      0.7275949704001635,
      0.17963612052889288,
      0.07431287131161757,
      0.37617003555338785,
      0.3512662489297051,
      0.41670011457294076,
      0.12928471170598263,
      0.0789367377076379,
      0.4460357011248922,
      0.27369333961789394,
      0.23283728541177323,
      0.4431102434929935
    ],
    "duration_seconds": 20.21415909996722
  },
  "quantum": {
    "objective": -2.1001360012664323,
    "status": "INFEASIBLE",
    "x": [
      0.0,
      0.0,
      0.0,
      5.25,
      5.25,
      5.25,
      -0.13334196833437664
    ],
    "residuals": [
      0.0200239612595679,
      0.0028075265125722822
    ],
    "duration_seconds": 8.812121899973135
  },
  "combined_image": "q_20260324_132752_results.png"
}