{
  "script": "q",
  "meta": {
    "n_servers": 6,
    "n_vms": 1,
    "require_all_on": true
  },
  "input": {
    "pi": [
      1.0,
      1.0,
      1.0,
      1.0,
      1.0,
      1.0
    ],
    "pd": [
      1.0,
      1.0,
      1.0,
      1.0,
      1.0,
      1.0
    ],
    "capacities": [
      11,
      11,
      11,
      10,
      10,
      10
    ],
    "vm_allocation_limits": [
      8
    ],
    "min_cpu_per_vm": 1
  },
  "qp_lp": "\\ This file has been generated by DOcplex\n\\ ENCODING=ISO-8859-1\n\\Problem name: qiskit_server\n\nMinimize\n obj: si0 + si1 + si2 + si3 + si4 + si5 + [ 2 vj0i0*uj0 + 2 vj0i1*uj0\n      + 2 vj0i2*uj0 + 2 vj0i3*uj0 + 2 vj0i4*uj0 + 2 vj0i5*uj0 ]/2\nSubject To\n cons_server_load_0: vj0i0 >= 10\n cons_server_load_1: vj0i1 >= 10\n cons_server_load_2: vj0i2 >= 10\n cons_server_load_3: vj0i3 >= 9\n cons_server_load_4: vj0i4 >= 9\n cons_server_load_5: vj0i5 >= 9\n cons_first3vm_server_0: vj0i0 >= 11\n cons_first3vm_server_1: vj0i1 >= 11\n cons_first3vm_server_2: vj0i2 >= 11\n cons_server_on_0: si0 = 1\n cons_server_on_1: si1 = 1\n cons_server_on_2: si2 = 1\n cons_server_on_3: si3 = 1\n cons_server_on_4: si4 = 1\n cons_server_on_5: si5 = 1\n cons_vm_alloc_0: vj0i0 + vj0i1 + vj0i2 + vj0i3 + vj0i4 + vj0i5 <= 8\n cons_min_cpu_vm_0: uj0 >= 1\n\nBounds\n 0 <= si0 <= 1\n 0 <= si1 <= 1\n 0 <= si2 <= 1\n 0 <= si3 <= 1\n 0 <= si4 <= 1\n 0 <= si5 <= 1\n\nBinaries\n si0 si1 si2 si3 si4 si5\nEnd\n",
  "classic": {
    "objective": 13.346142898755755,
    "status": "INFEASIBLE",
    "x": [
      1.0,
      1.0,
      1.0,
      1.0,
      1.0,
      1.0,
      3.571428571428572,
      3.571428571428572,
      3.5714285714285725,
      1.571428571428574,
      1.5714285714285723,
      1.5714285714285716,
      0.47613889158602085
    ],
    "residuals": [
      0.10460147323224879,
      0.21142950045859357,
      0.16137931974344857,
      0.07974010293368866,
      0.12957130327720676,
      0.1826919217993193,
      0.7000699538033038,
      0.8587090933382451,
      0.5607325205211088,
      0.14754432756017505,
      0.21494555713687333,
      0.07379500463516969,
      0.08403109893585146,
      0.029567427635100615,
      0.015454585452791094,
      0.12351051406755909,
      0.10893104460283981,
      0.12095125678998776,
      0.5256912485196816,
      0.20304346804179146
    ],
    "duration_seconds": 34.90834339999947
  },
  "quantum": {
    "objective": -21.979696845912873,
    "status": "INFEASIBLE",
    "x": [
      0.0,
      1.0,
      0.0,
      0.0,
      1.0,
      0.0,
      3.571428571428571,
      3.5714285714285725,
      3.5714285714285725,
      1.5714285714285714,
      1.5714285714285718,
      1.5714285714285718,
      -1.5542396103832417
    ],
    "residuals": [
      0.037209842288989915,
      0.028619411258692627,
      0.011000264555198822,
      0.006821580059433575
    ],
    "duration_seconds": 64.53542949999974
  },
  "combined_image": "q_20260324_151449_results.png"
}