{
  "script": "q",
  "meta": {
    "n_servers": 3,
    "n_vms": 5,
    "require_all_on": true
  },
  "input": {
    "pi": [
      1.0,
      1.0,
      1.0
    ],
    "pd": [
      1.0,
      1.0,
      1.0
    ],
    "capacities": [
      11,
      11,
      11
    ],
    "vm_allocation_limits": [
      9,
      8,
      12,
      10,
      11
    ],
    "min_cpu_per_vm": 1
  },
  "qp_lp": "\\ This file has been generated by DOcplex\n\\ ENCODING=ISO-8859-1\n\\Problem name: qiskit_server\n\nMinimize\n obj: si0 + si1 + si2 + [ 2 vj0i0*uj0 + 2 vj0i1*uj0 + 2 vj0i2*uj0 + 2 vj1i0*uj1\n      + 2 vj1i1*uj1 + 2 vj1i2*uj1 + 2 vj2i0*uj2 + 2 vj2i1*uj2 + 2 vj2i2*uj2\n      + 2 vj3i0*uj3 + 2 vj3i1*uj3 + 2 vj3i2*uj3 + 2 vj4i0*uj4 + 2 vj4i1*uj4\n      + 2 vj4i2*uj4 ]/2\nSubject To\n cons_server_load_0: vj0i0 + vj1i0 + vj2i0 + vj3i0 + vj4i0 >= 10\n cons_server_load_1: vj0i1 + vj1i1 + vj2i1 + vj3i1 + vj4i1 >= 10\n cons_server_load_2: vj0i2 + vj1i2 + vj2i2 + vj3i2 + vj4i2 >= 10\n cons_first3vm_server_0: vj0i0 + vj1i0 + vj2i0 >= 11\n cons_first3vm_server_1: vj0i1 + vj1i1 + vj2i1 >= 11\n cons_first3vm_server_2: vj0i2 + vj1i2 + vj2i2 >= 11\n cons_server_on_0: si0 = 1\n cons_server_on_1: si1 = 1\n cons_server_on_2: si2 = 1\n cons_vm_alloc_0: vj0i0 + vj0i1 + vj0i2 <= 9\n cons_vm_alloc_1: vj1i0 + vj1i1 + vj1i2 <= 8\n cons_vm_alloc_2: vj2i0 + vj2i1 + vj2i2 <= 12\n cons_vm_alloc_3: vj3i0 + vj3i1 + vj3i2 <= 10\n cons_vm_alloc_4: vj4i0 + vj4i1 + vj4i2 <= 11\n cons_min_cpu_vm_0: uj0 >= 1\n cons_min_cpu_vm_1: uj1 >= 1\n cons_min_cpu_vm_2: uj2 >= 1\n cons_min_cpu_vm_3: uj3 >= 1\n cons_min_cpu_vm_4: uj4 >= 1\n\nBounds\n 0 <= si0 <= 1\n 0 <= si1 <= 1\n 0 <= si2 <= 1\n\nBinaries\n si0 si1 si2\nEnd\n",
  "classic": {
    "objective": 21.26589263154911,
    "status": "INFEASIBLE",
    "x": [
      1.0,
      1.0,
      1.0,
      2.837462053321288,
      3.144896527297784,
      3.6843080860475896,
      3.054530659410162,
      2.5990323277751957,
      3.013103679481303,
      4.4413406206018795,
      4.589404478260348,
      3.6359215678044388,
      0.30644057059838237,
      -0.4952944927053964,
      -0.29295711144503395,
      0.5169191321448459,
      0.43536812758860544,
      0.011530233492775927,
      0.33334610077694293,
      1.242407388076993,
      0.3333333333333367,
      0.619671342500721,
      0.3655863939854328
    ],
    "residuals": [
      0.02338361730894279,
      0.04595606590851171,
      0.045341741413171516,
      0.04249957343439729,
      0.031581182968758004,
      0.032297851529319827,
      0.026818551807057167,
      0.04283883653657312,
      0.02350915334044072,
      0.013501022081556005,
      0.010171275705359842,
      0.020012556462597995,
      0.01698858258552183,
      0.012048290921143314,
      0.019747550426358305,
      0.011107410885789268,
      0.004130016693551111,
      0.01644329294056428,
      0.01687749979551051,
      0.003944616348024425
    ],
    "duration_seconds": 73.40814990003128
  },
  "quantum": {
    "objective": 10.268976814809871,
    "status": "INFEASIBLE",
    "x": [
      0.0,
      0.0,
      0.0,
      2.7153999158046553,
      3.2822401711261544,
      3.6690265797358546,
      3.353042066442313,
      2.7455339951238633,
      2.568090605100491,
      4.264891351086367,
      4.305559167083318,
      4.096216148496987,
      -0.02650315359295229,
      -0.10958369318222141,
      -0.07683871488815758,
      -0.012926394182985692,
      0.042083330211279704,
      -0.16238528917240533,
      0.3341187561336815,
      0.33333333333333465,
      0.33679545578804004,
      0.3342445756696012,
      0.3350133433244629
    ],
    "residuals": [
      0.006342885156514487
    ],
    "duration_seconds": 4.2906535000074655
  },
  "combined_image": "q_20260324_133241_results.png"
}