{
  "script": "q",
  "meta": {
    "n_servers": 1,
    "n_vms": 5,
    "require_all_on": true
  },
  "input": {
    "pi": [
      1.0
    ],
    "pd": [
      1.0
    ],
    "capacities": [
      11
    ],
    "vm_allocation_limits": [
      12,
      11,
      8,
      10,
      9
    ],
    "min_cpu_per_vm": 1
  },
  "qp_lp": "\\ This file has been generated by DOcplex\n\\ ENCODING=ISO-8859-1\n\\Problem name: qiskit_server\n\nMinimize\n obj: si0 + [ 2 vj0i0*uj0 + 2 vj1i0*uj1 + 2 vj2i0*uj2 + 2 vj3i0*uj3\n      + 2 vj4i0*uj4 ]/2\nSubject To\n cons_server_load_0: vj0i0 + vj1i0 + vj2i0 + vj3i0 + vj4i0 >= 10\n cons_first3vm_server_0: vj0i0 + vj1i0 + vj2i0 >= 11\n cons_server_on_0: si0 = 1\n cons_vm_alloc_0: vj0i0 <= 12\n cons_vm_alloc_1: vj1i0 <= 11\n cons_vm_alloc_2: vj2i0 <= 8\n cons_vm_alloc_3: vj3i0 <= 10\n cons_vm_alloc_4: vj4i0 <= 9\n cons_min_cpu_vm_0: uj0 >= 1\n cons_min_cpu_vm_1: uj1 >= 1\n cons_min_cpu_vm_2: uj2 >= 1\n cons_min_cpu_vm_3: uj3 >= 1\n cons_min_cpu_vm_4: uj4 >= 1\n\nBounds\n 0 <= si0 <= 1\n\nBinaries\n si0\nEnd\n",
  "classic": {
    "objective": 11.999999999999996,
    "status": "INFEASIBLE",
    "x": [
      1.0,
      4.923144863235841,
      2.99304135126056,
      3.0838137855035965,
      -2.683215021183809e-18,
      5.320769870996507e-18,
      1.0,
      1.0,
      1.0,
      1.0,
      1.2272186872358684
    ],
    "residuals": [
      0.0001
    ],
    "duration_seconds": 1.1040379000478424
  },
  "quantum": {
    "objective": 11.0,
    "status": "INFEASIBLE",
    "x": [
      0.0,
      4.057481992830482,
      3.425769836842641,
      3.516748170326877,
      1.2480426533021958e-17,
      -1.2502794630497831e-21,
      1.0,
      1.0,
      1.0,
      1.0,
      1.394971607967518
    ],
    "residuals": [
      9.999999999999899e-05
    ],
    "duration_seconds": 2.9172535999678075
  },
  "combined_image": "q_20260324_132512_results.png"
}