{
  "script": "q",
  "meta": {
    "n_servers": 2,
    "n_vms": 5,
    "require_all_on": true
  },
  "input": {
    "pi": [
      1.0,
      1.0
    ],
    "pd": [
      1.0,
      1.0
    ],
    "capacities": [
      11,
      11
    ],
    "vm_allocation_limits": [
      10,
      11,
      9,
      12,
      8
    ],
    "min_cpu_per_vm": 1
  },
  "qp_lp": "\\ This file has been generated by DOcplex\n\\ ENCODING=ISO-8859-1\n\\Problem name: qiskit_server\n\nMinimize\n obj: si0 + si1 + [ 2 vj0i0*uj0 + 2 vj0i1*uj0 + 2 vj1i0*uj1 + 2 vj1i1*uj1\n      + 2 vj2i0*uj2 + 2 vj2i1*uj2 + 2 vj3i0*uj3 + 2 vj3i1*uj3 + 2 vj4i0*uj4\n      + 2 vj4i1*uj4 ]/2\nSubject To\n cons_server_load_0: vj0i0 + vj1i0 + vj2i0 + vj3i0 + vj4i0 >= 10\n cons_server_load_1: vj0i1 + vj1i1 + vj2i1 + vj3i1 + vj4i1 >= 10\n cons_first3vm_server_0: vj0i0 + vj1i0 + vj2i0 >= 11\n cons_first3vm_server_1: vj0i1 + vj1i1 + vj2i1 >= 11\n cons_server_on_0: si0 = 1\n cons_server_on_1: si1 = 1\n cons_vm_alloc_0: vj0i0 + vj0i1 <= 10\n cons_vm_alloc_1: vj1i0 + vj1i1 <= 11\n cons_vm_alloc_2: vj2i0 + vj2i1 <= 9\n cons_vm_alloc_3: vj3i0 + vj3i1 <= 12\n cons_vm_alloc_4: vj4i0 + vj4i1 <= 8\n cons_min_cpu_vm_0: uj0 >= 1\n cons_min_cpu_vm_1: uj1 >= 1\n cons_min_cpu_vm_2: uj2 >= 1\n cons_min_cpu_vm_3: uj3 >= 1\n cons_min_cpu_vm_4: uj4 >= 1\n\nBounds\n 0 <= si0 <= 1\n 0 <= si1 <= 1\n\nBinaries\n si0 si1\nEnd\n",
  "classic": {
    "objective": 23.999999999999982,
    "status": "INFEASIBLE",
    "x": [
      1.0,
      1.0,
      4.030823353157131,
      3.7483064165095676,
      3.1903033044797158,
      3.7335007758492558,
      3.7788733423631444,
      3.5181928076411695,
      -1.412178700366711e-16,
      -3.9502332168942614e-22,
      3.1976430005752603e-18,
      -1.4461232874227744e-16,
      0.9999999999999999,
      0.9999999999999999,
      0.9999999999999999,
      1.2415003803850313,
      0.9999999999999999
    ],
    "residuals": [
      9.9999999999933e-05
    ],
    "duration_seconds": 1.072596799999701
  },
  "quantum": {
    "objective": 22.0,
    "status": "INFEASIBLE",
    "x": [
      0.0,
      0.0,
      3.7025204744132387,
      3.4762454802630334,
      3.7193154085414015,
      3.739180073591297,
      3.578164117045359,
      3.7845744461456703,
      -2.0275361010100445e-16,
      -2.178531192116013e-16,
      -2.1758038737989862e-16,
      -2.1103065147661763e-16,
      1.0,
      1.0,
      0.9999999999999999,
      1.21304380666173,
      1.0068169321461728
    ],
    "residuals": [
      0.00010000000000000002
    ],
    "duration_seconds": 2.306973300000209
  },
  "combined_image": "q_20260324_145224_results.png"
}