{
  "script": "q",
  "meta": {
    "n_servers": 3,
    "n_vms": 6,
    "require_all_on": true
  },
  "input": {
    "pi": [
      1.0,
      1.0,
      1.0
    ],
    "pd": [
      1.0,
      1.0,
      1.0
    ],
    "capacities": [
      11,
      11,
      11
    ],
    "vm_allocation_limits": [
      11,
      8,
      10,
      12,
      9,
      12
    ],
    "min_cpu_per_vm": 1
  },
  "qp_lp": "\\ This file has been generated by DOcplex\n\\ ENCODING=ISO-8859-1\n\\Problem name: qiskit_server\n\nMinimize\n obj: si0 + si1 + si2 + [ 2 vj0i0*uj0 + 2 vj0i1*uj0 + 2 vj0i2*uj0 + 2 vj1i0*uj1\n      + 2 vj1i1*uj1 + 2 vj1i2*uj1 + 2 vj2i0*uj2 + 2 vj2i1*uj2 + 2 vj2i2*uj2\n      + 2 vj3i0*uj3 + 2 vj3i1*uj3 + 2 vj3i2*uj3 + 2 vj4i0*uj4 + 2 vj4i1*uj4\n      + 2 vj4i2*uj4 + 2 vj5i0*uj5 + 2 vj5i1*uj5 + 2 vj5i2*uj5 ]/2\nSubject To\n cons_server_load_0: vj0i0 + vj1i0 + vj2i0 + vj3i0 + vj4i0 + vj5i0 >= 10\n cons_server_load_1: vj0i1 + vj1i1 + vj2i1 + vj3i1 + vj4i1 + vj5i1 >= 10\n cons_server_load_2: vj0i2 + vj1i2 + vj2i2 + vj3i2 + vj4i2 + vj5i2 >= 10\n cons_first3vm_server_0: vj0i0 + vj1i0 + vj2i0 >= 11\n cons_first3vm_server_1: vj0i1 + vj1i1 + vj2i1 >= 11\n cons_first3vm_server_2: vj0i2 + vj1i2 + vj2i2 >= 11\n cons_server_on_0: si0 = 1\n cons_server_on_1: si1 = 1\n cons_server_on_2: si2 = 1\n cons_vm_alloc_0: vj0i0 + vj0i1 + vj0i2 <= 11\n cons_vm_alloc_1: vj1i0 + vj1i1 + vj1i2 <= 8\n cons_vm_alloc_2: vj2i0 + vj2i1 + vj2i2 <= 10\n cons_vm_alloc_3: vj3i0 + vj3i1 + vj3i2 <= 12\n cons_vm_alloc_4: vj4i0 + vj4i1 + vj4i2 <= 9\n cons_vm_alloc_5: vj5i0 + vj5i1 + vj5i2 <= 12\n cons_min_cpu_vm_0: uj0 >= 1\n cons_min_cpu_vm_1: uj1 >= 1\n cons_min_cpu_vm_2: uj2 >= 1\n cons_min_cpu_vm_3: uj3 >= 1\n cons_min_cpu_vm_4: uj4 >= 1\n cons_min_cpu_vm_5: uj5 >= 1\n\nBounds\n 0 <= si0 <= 1\n 0 <= si1 <= 1\n 0 <= si2 <= 1\n\nBinaries\n si0 si1 si2\nEnd\n",
  "classic": {
    "objective": 13.016690727681391,
    "status": "INFEASIBLE",
    "x": [
      1.0,
      1.0,
      1.0,
      4.088984849164611,
      3.91129484806481,
      3.6663869694372417,
      2.8351497725417243,
      2.930768332583774,
      2.900748561541165,
      3.409198711626991,
      3.491270152684752,
      3.766197802354928,
      -0.05433575765665252,
      -0.06028233760869068,
      -0.6360860531137393,
      0.03146364603674776,
      -0.09677329375933003,
      -0.020632523413418855,
      0.9170692751757793,
      -0.03408290166437593,
      -0.23526897492447266,
      0.33334693977345514,
      0.33335127656406777,
      0.3333333333333366,
      0.8267982941823048,
      1.0143069907802855,
      0.6034974507419036
    ],
    "residuals": [
      0.03513663977213036,
      0.03600587387204219,
      0.03523786555309189,
      0.0329164054461803,
      0.02000320941401861,
      0.043909438978259836,
      0.026292901501631022,
      0.018084863520142946,
      0.025779871398782104,
      0.016230230510485482,
      0.009081047388268797,
      0.014729368715407908,
      0.025861903146867874,
      0.02304118263103102,
      0.00875880337454267,
      0.004590355744936959,
      0.004871264121364232,
      0.011637395117860933,
      0.0083192087310754,
      0.006427160162086006
    ],
    "duration_seconds": 52.78239809995284
  },
  "quantum": {
    "objective": 10.403486457526029,
    "status": "INFEASIBLE",
    "x": [
      0.0,
      0.0,
      0.0,
      4.4410356711592085,
      3.282807109030543,
      3.942823886476917,
      2.6131368518527958,
      3.547238381131175,
      2.5062914336826947,
      3.279160810321328,
      3.503287843171617,
      3.8842180131737196,
      -0.5091321205883071,
      -0.23187015073199957,
      0.21238030396711033,
      -0.09187288366654273,
      -0.411263408394556,
      -0.07596977648884884,
      -0.28838167921501284,
      1.0123049586678685,
      0.7061392874099268,
      0.33333675062881235,
      0.3333333333333343,
      0.33333333333333426,
      0.3703633489022733,
      0.39150347018896414,
      0.34447268583719265
    ],
    "residuals": [
      0.0011073708527940876
    ],
    "duration_seconds": 5.2389508000342175
  },
  "combined_image": "q_20260324_133348_results.png"
}