{
  "script": "q",
  "meta": {
    "n_servers": 3,
    "n_vms": 4,
    "require_all_on": true
  },
  "input": {
    "pi": [
      1.0,
      1.0,
      1.0
    ],
    "pd": [
      1.0,
      1.0,
      1.0
    ],
    "capacities": [
      11,
      11,
      11
    ],
    "vm_allocation_limits": [
      8,
      10,
      12,
      9
    ],
    "min_cpu_per_vm": 1
  },
  "qp_lp": "\\ This file has been generated by DOcplex\n\\ ENCODING=ISO-8859-1\n\\Problem name: qiskit_server\n\nMinimize\n obj: si0 + si1 + si2 + [ 2 vj0i0*uj0 + 2 vj0i1*uj0 + 2 vj0i2*uj0 + 2 vj1i0*uj1\n      + 2 vj1i1*uj1 + 2 vj1i2*uj1 + 2 vj2i0*uj2 + 2 vj2i1*uj2 + 2 vj2i2*uj2\n      + 2 vj3i0*uj3 + 2 vj3i1*uj3 + 2 vj3i2*uj3 ]/2\nSubject To\n cons_server_load_0: vj0i0 + vj1i0 + vj2i0 + vj3i0 >= 10\n cons_server_load_1: vj0i1 + vj1i1 + vj2i1 + vj3i1 >= 10\n cons_server_load_2: vj0i2 + vj1i2 + vj2i2 + vj3i2 >= 10\n cons_first3vm_server_0: vj0i0 + vj1i0 + vj2i0 >= 11\n cons_first3vm_server_1: vj0i1 + vj1i1 + vj2i1 >= 11\n cons_first3vm_server_2: vj0i2 + vj1i2 + vj2i2 >= 11\n cons_server_on_0: si0 = 1\n cons_server_on_1: si1 = 1\n cons_server_on_2: si2 = 1\n cons_vm_alloc_0: vj0i0 + vj0i1 + vj0i2 <= 8\n cons_vm_alloc_1: vj1i0 + vj1i1 + vj1i2 <= 10\n cons_vm_alloc_2: vj2i0 + vj2i1 + vj2i2 <= 12\n cons_vm_alloc_3: vj3i0 + vj3i1 + vj3i2 <= 9\n cons_min_cpu_vm_0: uj0 >= 1\n cons_min_cpu_vm_1: uj1 >= 1\n cons_min_cpu_vm_2: uj2 >= 1\n cons_min_cpu_vm_3: uj3 >= 1\n\nBounds\n 0 <= si0 <= 1\n 0 <= si1 <= 1\n 0 <= si2 <= 1\n\nBinaries\n si0 si1 si2\nEnd\n",
  "classic": {
    "objective": 19.856907283940306,
    "status": "INFEASIBLE",
    "x": [
      1.0,
      1.0,
      1.0,
      2.712459182580216,
      3.4313042952411683,
      2.356236522178616,
      3.6775933492377164,
      2.9437246259840664,
      3.8786820247782146,
      4.1099474681820665,
      4.1249710787747675,
      4.265081453043167,
      0.22627826600861534,
      0.19019930022082798,
      -0.3344828382965658,
      0.6238712077275517,
      0.5000000000000011,
      0.5000346626269906,
      0.6533192653871127
    ],
    "residuals": [
      0.0421708268353385,
      0.03300692873974258,
      0.12369250099783641,
      0.050664447072419704,
      0.03813600569992114,
      0.041197477160724784,
      0.06408587917733996,
      0.07380242357061863,
      0.04294102174209361,
      0.018510001632990745,
      0.018375004371850388,
      0.01894982234065452,
      0.007875771613291253,
      0.003474132068310327,
      0.015124010741776809,
      0.008224920114580309,
      0.015812434214310948,
      0.010346587659078319,
      0.009753817081350669,
      0.0014290988007144758
    ],
    "duration_seconds": 72.1368167999999
  },
  "quantum": {
    "objective": 15.974028756558166,
    "status": "INFEASIBLE",
    "x": [
      0.0,
      0.0,
      0.0,
      3.2799889230724846,
      2.5287070279578674,
      2.691304048969642,
      2.9213485255395617,
      4.184477177911884,
      3.394174296548557,
      4.298662551387952,
      3.7868157941302467,
      4.414521654481803,
      -0.3102416054684329,
      0.9520410615334891,
      -0.19440880633330987,
      0.5000019315005209,
      0.5000000000000024,
      0.5000253611150273,
      0.5000000000000026
    ],
    "residuals": [
      0.005585863060724956
    ],
    "duration_seconds": 5.30143870000029
  },
  "combined_image": "q_20260324_145532_results.png"
}