{
  "script": "q",
  "meta": {
    "n_servers": 3,
    "n_vms": 5,
    "require_all_on": true
  },
  "input": {
    "pi": [
      1.0,
      1.0,
      1.0
    ],
    "pd": [
      1.0,
      1.0,
      1.0
    ],
    "capacities": [
      11,
      11,
      11
    ],
    "vm_allocation_limits": [
      8,
      11,
      9,
      12,
      10
    ],
    "min_cpu_per_vm": 1
  },
  "qp_lp": "\\ This file has been generated by DOcplex\n\\ ENCODING=ISO-8859-1\n\\Problem name: qiskit_server\n\nMinimize\n obj: si0 + si1 + si2 + [ 2 vj0i0*uj0 + 2 vj0i1*uj0 + 2 vj0i2*uj0 + 2 vj1i0*uj1\n      + 2 vj1i1*uj1 + 2 vj1i2*uj1 + 2 vj2i0*uj2 + 2 vj2i1*uj2 + 2 vj2i2*uj2\n      + 2 vj3i0*uj3 + 2 vj3i1*uj3 + 2 vj3i2*uj3 + 2 vj4i0*uj4 + 2 vj4i1*uj4\n      + 2 vj4i2*uj4 ]/2\nSubject To\n cons_server_load_0: vj0i0 + vj1i0 + vj2i0 + vj3i0 + vj4i0 >= 10\n cons_server_load_1: vj0i1 + vj1i1 + vj2i1 + vj3i1 + vj4i1 >= 10\n cons_server_load_2: vj0i2 + vj1i2 + vj2i2 + vj3i2 + vj4i2 >= 10\n cons_first3vm_server_0: vj0i0 + vj1i0 + vj2i0 >= 11\n cons_first3vm_server_1: vj0i1 + vj1i1 + vj2i1 >= 11\n cons_first3vm_server_2: vj0i2 + vj1i2 + vj2i2 >= 11\n cons_server_on_0: si0 = 1\n cons_server_on_1: si1 = 1\n cons_server_on_2: si2 = 1\n cons_vm_alloc_0: vj0i0 + vj0i1 + vj0i2 <= 8\n cons_vm_alloc_1: vj1i0 + vj1i1 + vj1i2 <= 11\n cons_vm_alloc_2: vj2i0 + vj2i1 + vj2i2 <= 9\n cons_vm_alloc_3: vj3i0 + vj3i1 + vj3i2 <= 12\n cons_vm_alloc_4: vj4i0 + vj4i1 + vj4i2 <= 10\n cons_min_cpu_vm_0: uj0 >= 1\n cons_min_cpu_vm_1: uj1 >= 1\n cons_min_cpu_vm_2: uj2 >= 1\n cons_min_cpu_vm_3: uj3 >= 1\n cons_min_cpu_vm_4: uj4 >= 1\n\nBounds\n 0 <= si0 <= 1\n 0 <= si1 <= 1\n 0 <= si2 <= 1\n\nBinaries\n si0 si1 si2\nEnd\n",
  "classic": {
    "objective": 8.09622393190539,
    "status": "INFEASIBLE",
    "x": [
      1.0,
      1.0,
      1.0,
      3.140740267363532,
      2.881716033963118,
      2.8108770320066814,
      3.7975756986987266,
      4.037543806654847,
      3.9982138279797597,
      3.228350700604403,
      3.2474068260487,
      3.3575758066802277,
      0.05203129594600259,
      -0.03992600303484174,
      0.11736818123495023,
      -0.07078784877387953,
      0.15812802776508064,
      -0.21459762997392712,
      0.1666720481115512,
      0.16666666666666857,
      0.1666666666666682,
      0.26443700717980434,
      0.16811994403167552
    ],
    "residuals": [
      0.02449876097730476,
      0.038292155997138554,
      0.05711003927983086,
      0.05621600972504929,
      0.027896058213607685,
      0.021556126672287956,
      0.03830313899098692,
      0.033186841597849924,
      0.018555661952076502,
      0.005980964552374535,
      0.0159306163835893,
      0.01254398411113594,
      0.021366514112374713,
      0.016978358384101312,
      0.008921687032935239,
      0.007423869268641825,
      0.014206055407684562,
      0.010701429357854873,
      0.012587194468678033,
      0.005386796564794373
    ],
    "duration_seconds": 80.02756399999998
  },
  "quantum": {
    "objective": 4.992243090435947,
    "status": "INFEASIBLE",
    "x": [
      0.0,
      0.0,
      0.0,
      3.0761658846775033,
      2.943607293049589,
      2.8135601556062375,
      3.845137115443281,
      3.937902621442846,
      4.050293596447204,
      3.245363666545879,
      3.2851567521742333,
      3.3028129146132206,
      0.0006408005456691236,
      -0.10112686278549407,
      -0.002920181549570915,
      0.07449938083302478,
      -0.5205702240063624,
      0.02617850613742841,
      0.16666666666666935,
      0.1666666666666696,
      0.16672159001485126,
      0.16669477055909404,
      0.17717170770542598
    ],
    "residuals": [
      0.003262553326077798
    ],
    "duration_seconds": 5.237126499999249
  },
  "combined_image": "q_20260324_145705_results.png"
}