{
  "script": "q",
  "meta": {
    "n_servers": 4,
    "n_vms": 5,
    "require_all_on": true
  },
  "input": {
    "pi": [
      1.0,
      1.0,
      1.0,
      1.0
    ],
    "pd": [
      1.0,
      1.0,
      1.0,
      1.0
    ],
    "capacities": [
      11,
      11,
      11,
      10
    ],
    "vm_allocation_limits": [
      10,
      9,
      11,
      12,
      8
    ],
    "min_cpu_per_vm": 1
  },
  "qp_lp": "\\ This file has been generated by DOcplex\n\\ ENCODING=ISO-8859-1\n\\Problem name: qiskit_server\n\nMinimize\n obj: si0 + si1 + si2 + si3 + [ 2 vj0i0*uj0 + 2 vj0i1*uj0 + 2 vj0i2*uj0\n      + 2 vj0i3*uj0 + 2 vj1i0*uj1 + 2 vj1i1*uj1 + 2 vj1i2*uj1 + 2 vj1i3*uj1\n      + 2 vj2i0*uj2 + 2 vj2i1*uj2 + 2 vj2i2*uj2 + 2 vj2i3*uj2 + 2 vj3i0*uj3\n      + 2 vj3i1*uj3 + 2 vj3i2*uj3 + 2 vj3i3*uj3 + 2 vj4i0*uj4 + 2 vj4i1*uj4\n      + 2 vj4i2*uj4 + 2 vj4i3*uj4 ]/2\nSubject To\n cons_server_load_0: vj0i0 + vj1i0 + vj2i0 + vj3i0 + vj4i0 >= 10\n cons_server_load_1: vj0i1 + vj1i1 + vj2i1 + vj3i1 + vj4i1 >= 10\n cons_server_load_2: vj0i2 + vj1i2 + vj2i2 + vj3i2 + vj4i2 >= 10\n cons_server_load_3: vj0i3 + vj1i3 + vj2i3 + vj3i3 + vj4i3 >= 9\n cons_first3vm_server_0: vj0i0 + vj1i0 + vj2i0 >= 11\n cons_first3vm_server_1: vj0i1 + vj1i1 + vj2i1 >= 11\n cons_first3vm_server_2: vj0i2 + vj1i2 + vj2i2 >= 11\n cons_server_on_0: si0 = 1\n cons_server_on_1: si1 = 1\n cons_server_on_2: si2 = 1\n cons_server_on_3: si3 = 1\n cons_vm_alloc_0: vj0i0 + vj0i1 + vj0i2 + vj0i3 <= 10\n cons_vm_alloc_1: vj1i0 + vj1i1 + vj1i2 + vj1i3 <= 9\n cons_vm_alloc_2: vj2i0 + vj2i1 + vj2i2 + vj2i3 <= 11\n cons_vm_alloc_3: vj3i0 + vj3i1 + vj3i2 + vj3i3 <= 12\n cons_vm_alloc_4: vj4i0 + vj4i1 + vj4i2 + vj4i3 <= 8\n cons_min_cpu_vm_0: uj0 >= 1\n cons_min_cpu_vm_1: uj1 >= 1\n cons_min_cpu_vm_2: uj2 >= 1\n cons_min_cpu_vm_3: uj3 >= 1\n cons_min_cpu_vm_4: uj4 >= 1\n\nBounds\n 0 <= si0 <= 1\n 0 <= si1 <= 1\n 0 <= si2 <= 1\n 0 <= si3 <= 1\n\nBinaries\n si0 si1 si2 si3\nEnd\n",
  "classic": {
    "objective": 35.480639405876744,
    "status": "INFEASIBLE",
    "x": [
      1.0,
      1.0,
      1.0,
      1.0,
      2.716137950743187,
      3.6877826339538156,
      4.2627460819696665,
      -0.33333333333333226,
      3.8255923461915144,
      3.272004913381231,
      2.569069407093916,
      -0.3333333333333322,
      4.124936369731967,
      3.7068791193316155,
      3.8348511776030856,
      -0.33333333333333215,
      -0.04716469750464634,
      0.15396546974605724,
      -0.0012014865711655995,
      4.532982991263202,
      0.20612298771810167,
      -0.3330115692842582,
      0.08417096347681513,
      5.36846795923691,
      0.6666666666666677,
      0.9148878753880263,
      0.6667071627296353,
      0.7868222692838541,
      0.9101145112989533
    ],
    "residuals": [
      0.08764620532161407,
      0.07350892727876387,
      0.04274487807583076,
      0.04549783360572873,
      0.04558527989662495,
      0.05438996961076681,
      0.08735115018469077,
      0.06072072732624874,
      0.052539472247776456,
      0.012468409140483638,
      0.019637680790889754,
      0.022437755894216926,
      0.024677067720289058,
      0.023909237985332763,
      0.011587215156555133,
      0.005627459439795685,
      0.008520143464865317,
      0.009883022457984132,
      0.020758259887655582,
      0.004129253885815247
    ],
    "duration_seconds": 93.83647079999992
  },
  "quantum": {
    "objective": 29.870794690331333,
    "status": "INFEASIBLE",
    "x": [
      0.0,
      0.0,
      0.0,
      0.0,
      4.075151390878305,
      3.4352651025855403,
      3.1562501732028196,
      -0.33333333333333165,
      3.129070533632713,
      3.29293623244819,
      3.2446599005857597,
      -0.3333333333333317,
      3.462444742155654,
      3.9384653316329317,
      4.265756592878087,
      -0.3333333333333316,
      -0.13542678648682074,
      0.45136127315224917,
      0.2561737770208361,
      5.0520161153894065,
      -0.11895958945450681,
      -0.1739977451673102,
      -0.23169866677848955,
      4.661392850053926,
      0.6666666666666684,
      0.6667479319306571,
      0.6666955161696924,
      0.6889780340875273,
      1.288006615747862
    ],
    "residuals": [
      0.013673909994100567,
      0.0033690028216479665
    ],
    "duration_seconds": 12.497503999999935
  },
  "combined_image": "q_20260324_150400_results.png"
}