{
  "script": "q",
  "meta": {
    "n_servers": 4,
    "n_vms": 2,
    "require_all_on": true
  },
  "input": {
    "pi": [
      1.0,
      1.0,
      1.0,
      1.0
    ],
    "pd": [
      1.0,
      1.0,
      1.0,
      1.0
    ],
    "capacities": [
      11,
      11,
      11,
      10
    ],
    "vm_allocation_limits": [
      9,
      8
    ],
    "min_cpu_per_vm": 1
  },
  "qp_lp": "\\ This file has been generated by DOcplex\n\\ ENCODING=ISO-8859-1\n\\Problem name: qiskit_server\n\nMinimize\n obj: si0 + si1 + si2 + si3 + [ 2 vj0i0*uj0 + 2 vj0i1*uj0 + 2 vj0i2*uj0\n      + 2 vj0i3*uj0 + 2 vj1i0*uj1 + 2 vj1i1*uj1 + 2 vj1i2*uj1 + 2 vj1i3*uj1 ]/2\nSubject To\n cons_server_load_0: vj0i0 + vj1i0 >= 10\n cons_server_load_1: vj0i1 + vj1i1 >= 10\n cons_server_load_2: vj0i2 + vj1i2 >= 10\n cons_server_load_3: vj0i3 + vj1i3 >= 9\n cons_first3vm_server_0: vj0i0 + vj1i0 >= 11\n cons_first3vm_server_1: vj0i1 + vj1i1 >= 11\n cons_first3vm_server_2: vj0i2 + vj1i2 >= 11\n cons_server_on_0: si0 = 1\n cons_server_on_1: si1 = 1\n cons_server_on_2: si2 = 1\n cons_server_on_3: si3 = 1\n cons_vm_alloc_0: vj0i0 + vj0i1 + vj0i2 + vj0i3 <= 9\n cons_vm_alloc_1: vj1i0 + vj1i1 + vj1i2 + vj1i3 <= 8\n cons_min_cpu_vm_0: uj0 >= 1\n cons_min_cpu_vm_1: uj1 >= 1\n\nBounds\n 0 <= si0 <= 1\n 0 <= si1 <= 1\n 0 <= si2 <= 1\n 0 <= si3 <= 1\n\nBinaries\n si0 si1 si2 si3\nEnd\n",
  "classic": {
    "objective": 2.8607880585247383,
    "status": "INFEASIBLE",
    "x": [
      1.0,
      1.0,
      1.0,
      1.0,
      2.803299734073721,
      3.844626498918359,
      3.6177517244912054,
      2.900988709183379,
      4.030033599259612,
      2.988706834414977,
      3.215581608842132,
      1.9323446241499584,
      -0.26668484808718007,
      0.1949702924662416
    ],
    "residuals": [
      0.07519598596411627,
      0.47726695391590895,
      0.263258833840064,
      0.28738882682815853,
      0.07479595978322674,
      0.038980848308935154,
      0.05162365368153615,
      0.09830878090281356,
      0.09623141873436301,
      0.0546007252642499,
      0.16059176224295654,
      0.2809720165805816,
      0.21191073415566422,
      0.37281763043415833,
      0.11063616538262525,
      0.017716817039168258,
      0.0415879887394998,
      0.05163603421581901,
      0.2808077372878537,
      0.14074076191522963
    ],
    "duration_seconds": 41.31180610000047
  },
  "quantum": {
    "objective": -20.831045723450483,
    "status": "INFEASIBLE",
    "x": [
      0.0,
      0.0,
      0.0,
      0.0,
      4.768682408173908,
      3.2690119240803104,
      3.364192183820385,
      1.7647801505920673,
      2.0646509251594285,
      3.5643214092530204,
      3.4691411495129483,
      3.0685531827412658,
      -0.5006371028533972,
      -1.170355386510747
    ],
    "residuals": [
      0.011048419518768327,
      0.005870812495871118
    ],
    "duration_seconds": 10.292069499999343
  },
  "combined_image": "q_20260324_145910_results.png"
}