{
  "script": "q",
  "meta": {
    "n_servers": 4,
    "n_vms": 3,
    "require_all_on": true
  },
  "input": {
    "pi": [
      1.0,
      1.0,
      1.0,
      1.0
    ],
    "pd": [
      1.0,
      1.0,
      1.0,
      1.0
    ],
    "capacities": [
      11,
      11,
      11,
      10
    ],
    "vm_allocation_limits": [
      11,
      12,
      9
    ],
    "min_cpu_per_vm": 1
  },
  "qp_lp": "\\ This file has been generated by DOcplex\n\\ ENCODING=ISO-8859-1\n\\Problem name: qiskit_server\n\nMinimize\n obj: si0 + si1 + si2 + si3 + [ 2 vj0i0*uj0 + 2 vj0i1*uj0 + 2 vj0i2*uj0\n      + 2 vj0i3*uj0 + 2 vj1i0*uj1 + 2 vj1i1*uj1 + 2 vj1i2*uj1 + 2 vj1i3*uj1\n      + 2 vj2i0*uj2 + 2 vj2i1*uj2 + 2 vj2i2*uj2 + 2 vj2i3*uj2 ]/2\nSubject To\n cons_server_load_0: vj0i0 + vj1i0 + vj2i0 >= 10\n cons_server_load_1: vj0i1 + vj1i1 + vj2i1 >= 10\n cons_server_load_2: vj0i2 + vj1i2 + vj2i2 >= 10\n cons_server_load_3: vj0i3 + vj1i3 + vj2i3 >= 9\n cons_first3vm_server_0: vj0i0 + vj1i0 + vj2i0 >= 11\n cons_first3vm_server_1: vj0i1 + vj1i1 + vj2i1 >= 11\n cons_first3vm_server_2: vj0i2 + vj1i2 + vj2i2 >= 11\n cons_server_on_0: si0 = 1\n cons_server_on_1: si1 = 1\n cons_server_on_2: si2 = 1\n cons_server_on_3: si3 = 1\n cons_vm_alloc_0: vj0i0 + vj0i1 + vj0i2 + vj0i3 <= 11\n cons_vm_alloc_1: vj1i0 + vj1i1 + vj1i2 + vj1i3 <= 12\n cons_vm_alloc_2: vj2i0 + vj2i1 + vj2i2 + vj2i3 <= 9\n cons_min_cpu_vm_0: uj0 >= 1\n cons_min_cpu_vm_1: uj1 >= 1\n cons_min_cpu_vm_2: uj2 >= 1\n\nBounds\n 0 <= si0 <= 1\n 0 <= si1 <= 1\n 0 <= si2 <= 1\n 0 <= si3 <= 1\n\nBinaries\n si0 si1 si2 si3\nEnd\n",
  "classic": {
    "objective": 1.206692532732169,
    "status": "INFEASIBLE",
    "x": [
      1.0,
      1.0,
      1.0,
      1.0,
      3.1933923823108836,
      3.4943002952487334,
      3.5618597082042216,
      2.1790190428075906,
      3.636120884294104,
      3.4409344462545954,
      3.3245654716814372,
      3.0269506263412946,
      2.7419153048235865,
      2.636193829925243,
      2.685003391542913,
      2.365458902279687,
      -0.409798855955692,
      0.13874735082088224,
      0.04187804411106097
    ],
    "residuals": [
      0.037018936564178366,
      0.1340269970107876,
      0.10340014453665969,
      0.054178238515576585,
      0.07178521014498783,
      0.05849119866328552,
      0.04309609064854243,
      0.07310714397140068,
      0.09967420487898095,
      0.04333975703478492,
      0.0233617778178213,
      0.01161871440138399,
      0.010704308497276301,
      0.011570719371267559,
      0.01852593510962468,
      0.019844521954181193,
      0.025911491058909247,
      0.016767175891088254,
      0.013455004154762883,
      0.008733256141552861
    ],
    "duration_seconds": 66.36302720000003
  },
  "quantum": {
    "objective": -7.190658183345202,
    "status": "INFEASIBLE",
    "x": [
      0.0,
      0.0,
      0.0,
      0.0,
      2.7475983390449694,
      4.345709838239289,
      3.4220480845502768,
      1.9132151667368864,
      3.639204414199294,
      2.83704300485141,
      3.568501189974003,
      3.3838228195467237,
      3.1846258181843132,
      2.38867572833787,
      2.5808792969042935,
      2.274390585144963,
      -0.39610182572664243,
      0.1638203911697321,
      -0.4283954139062099
    ],
    "residuals": [
      0.01015679036206931,
      0.006121130755090292
    ],
    "duration_seconds": 12.071416800000407
  },
  "combined_image": "q_20260324_150034_results.png"
}