{
  "script": "q",
  "meta": {
    "n_servers": 5,
    "n_vms": 3,
    "require_all_on": true
  },
  "input": {
    "pi": [
      1.0,
      1.0,
      1.0,
      1.0,
      1.0
    ],
    "pd": [
      1.0,
      1.0,
      1.0,
      1.0,
      1.0
    ],
    "capacities": [
      11,
      11,
      11,
      10,
      10
    ],
    "vm_allocation_limits": [
      11,
      12,
      10
    ],
    "min_cpu_per_vm": 1
  },
  "qp_lp": "\\ This file has been generated by DOcplex\n\\ ENCODING=ISO-8859-1\n\\Problem name: qiskit_server\n\nMinimize\n obj: si0 + si1 + si2 + si3 + si4 + [ 2 vj0i0*uj0 + 2 vj0i1*uj0 + 2 vj0i2*uj0\n      + 2 vj0i3*uj0 + 2 vj0i4*uj0 + 2 vj1i0*uj1 + 2 vj1i1*uj1 + 2 vj1i2*uj1\n      + 2 vj1i3*uj1 + 2 vj1i4*uj1 + 2 vj2i0*uj2 + 2 vj2i1*uj2 + 2 vj2i2*uj2\n      + 2 vj2i3*uj2 + 2 vj2i4*uj2 ]/2\nSubject To\n cons_server_load_0: vj0i0 + vj1i0 + vj2i0 >= 10\n cons_server_load_1: vj0i1 + vj1i1 + vj2i1 >= 10\n cons_server_load_2: vj0i2 + vj1i2 + vj2i2 >= 10\n cons_server_load_3: vj0i3 + vj1i3 + vj2i3 >= 9\n cons_server_load_4: vj0i4 + vj1i4 + vj2i4 >= 9\n cons_first3vm_server_0: vj0i0 + vj1i0 + vj2i0 >= 11\n cons_first3vm_server_1: vj0i1 + vj1i1 + vj2i1 >= 11\n cons_first3vm_server_2: vj0i2 + vj1i2 + vj2i2 >= 11\n cons_server_on_0: si0 = 1\n cons_server_on_1: si1 = 1\n cons_server_on_2: si2 = 1\n cons_server_on_3: si3 = 1\n cons_server_on_4: si4 = 1\n cons_vm_alloc_0: vj0i0 + vj0i1 + vj0i2 + vj0i3 + vj0i4 <= 11\n cons_vm_alloc_1: vj1i0 + vj1i1 + vj1i2 + vj1i3 + vj1i4 <= 12\n cons_vm_alloc_2: vj2i0 + vj2i1 + vj2i2 + vj2i3 + vj2i4 <= 10\n cons_min_cpu_vm_0: uj0 >= 1\n cons_min_cpu_vm_1: uj1 >= 1\n cons_min_cpu_vm_2: uj2 >= 1\n\nBounds\n 0 <= si0 <= 1\n 0 <= si1 <= 1\n 0 <= si2 <= 1\n 0 <= si3 <= 1\n 0 <= si4 <= 1\n\nBinaries\n si0 si1 si2 si3 si4\nEnd\n",
  "classic": {
    "objective": 6.39801300646563,
    "status": "INFEASIBLE",
    "x": [
      1.0,
      1.0,
      1.0,
      1.0,
      1.0,
      2.9277070797123925,
      3.0544603091385065,
      3.044871638065545,
      1.8510088425728384,
      2.3719521305107083,
      3.1624018734522634,
      3.008552464094352,
      3.0664880067129796,
      2.597873248049756,
      2.4146844076906535,
      2.659891046835338,
      2.6869872267671346,
      2.638640355221476,
      2.301117909377413,
      1.9633634617986377,
      -0.2285003082593784,
      -0.10139846717282557,
      0.47923022433593127
    ],
    "residuals": [
      0.12931253999913442,
      0.1815645269811578,
      0.10359607512732429,
      0.08858705099172233,
      0.09722885513885465,
      0.09144403863687375,
      0.13294393249229025,
      0.09135929383687581,
      0.1199498297907784,
      0.08526162025533236,
      0.040730587626509995,
      0.02613753745750747,
      0.045558348731672686,
      0.031015067596402986,
      0.03156873925609483,
      0.02182232042516011,
      0.01374129161371049,
      0.007712445282412357,
      0.01738292472190884,
      0.016764440717496117
    ],
    "duration_seconds": 75.2488930999998
  },
  "quantum": {
    "objective": -15.368397655866344,
    "status": "INFEASIBLE",
    "x": [
      0.0,
      0.0,
      0.0,
      0.0,
      0.0,
      2.6822857701105622,
      3.172997618475768,
      3.053111405795591,
      1.9736285393242274,
      2.3679766662938544,
      3.266403542111568,
      3.0961888832869624,
      3.136466694371446,
      2.418767676636614,
      2.332173203593409,
      2.801310687777867,
      2.480813498237272,
      2.5604218998329618,
      2.3576037840391586,
      2.049850130112737,
      -0.6273344949154301,
      -0.09829634934468616,
      -0.46167286694490756
    ],
    "residuals": [
      0.016168676754830823,
      0.009557882696030614
    ],
    "duration_seconds": 17.374165999999605
  },
  "combined_image": "q_20260324_150801_results.png"
}