{
  "script": "q",
  "meta": {
    "n_servers": 2,
    "n_vms": 1,
    "require_all_on": true
  },
  "input": {
    "pi": [
      1.0,
      1.0
    ],
    "pd": [
      1.0,
      1.0
    ],
    "capacities": [
      11,
      11
    ],
    "vm_allocation_limits": [
      8
    ],
    "min_cpu_per_vm": 1
  },
  "qp_lp": "\\ This file has been generated by DOcplex\n\\ ENCODING=ISO-8859-1\n\\Problem name: qiskit_server\n\nMinimize\n obj: si0 + si1 + [ 2 vj0i0*uj0 + 2 vj0i1*uj0 ]/2\nSubject To\n cons_server_load_0: vj0i0 >= 10\n cons_server_load_1: vj0i1 >= 10\n cons_first3vm_server_0: vj0i0 >= 11\n cons_first3vm_server_1: vj0i1 >= 11\n cons_server_on_0: si0 = 1\n cons_server_on_1: si1 = 1\n cons_vm_alloc_0: vj0i0 + vj0i1 <= 8\n cons_min_cpu_vm_0: uj0 >= 1\n\nBounds\n 0 <= si0 <= 1\n 0 <= si1 <= 1\n\nBinaries\n si0 si1\nEnd\n",
  "classic": {
    "objective": 25.021266219174688,
    "status": "INFEASIBLE",
    "x": [
      1.0,
      1.0,
      6.333333333333334,
      6.333333333333334,
      1.8174683857243172
    ],
    "residuals": [
      0.05486539148595544,
      0.09660028447025762,
      0.14820037088704,
      0.1588247602244924,
      0.02722720237301003,
      0.02625045463651767,
      0.0442463618543791,
      0.19733370836939862,
      0.03957535747529927,
      0.03778541275311805,
      0.07977215207633988,
      0.26190415573756065,
      0.06205624068638783,
      0.16385682900533455,
      0.025462514385608613,
      0.015404591021421013,
      0.009412203774676704,
      0.008777396051038614,
      0.016708784286311458,
      0.011599953605477676
    ],
    "duration_seconds": 5.937276600000132
  },
  "quantum": {
    "objective": -3.5066806998266045,
    "status": "INFEASIBLE",
    "x": [
      0.0,
      0.0,
      6.333333333333333,
      6.333333333333333,
      -0.2768432131442056
    ],
    "residuals": [
      0.013448537284543389,
      0.004222511908647173
    ],
    "duration_seconds": 5.05203819999997
  },
  "combined_image": "q_20260324_145148_results.png"
}