{
  "script": "q",
  "meta": {
    "n_servers": 6,
    "n_vms": 4,
    "require_all_on": true
  },
  "input": {
    "pi": [
      1.0,
      1.0,
      1.0,
      1.0,
      1.0,
      1.0
    ],
    "pd": [
      1.0,
      1.0,
      1.0,
      1.0,
      1.0,
      1.0
    ],
    "capacities": [
      11,
      11,
      11,
      10,
      10,
      10
    ],
    "vm_allocation_limits": [
      22,
      19,
      21,
      20
    ],
    "min_cpu_per_vm": 1.0
  },
  "qp_lp": "\\ This file has been generated by DOcplex\n\\ ENCODING=ISO-8859-1\n\\Problem name: qiskit_server\n\nMinimize\n obj: si0 + si1 + si2 + si3 + si4 + si5 + [ 2 vj0i0*uj0 + 2 vj0i1*uj0\n      + 2 vj0i2*uj0 + 2 vj0i3*uj0 + 2 vj0i4*uj0 + 2 vj0i5*uj0 + 2 vj1i0*uj1\n      + 2 vj1i1*uj1 + 2 vj1i2*uj1 + 2 vj1i3*uj1 + 2 vj1i4*uj1 + 2 vj1i5*uj1\n      + 2 vj2i0*uj2 + 2 vj2i1*uj2 + 2 vj2i2*uj2 + 2 vj2i3*uj2 + 2 vj2i4*uj2\n      + 2 vj2i5*uj2 + 2 vj3i0*uj3 + 2 vj3i1*uj3 + 2 vj3i2*uj3 + 2 vj3i3*uj3\n      + 2 vj3i4*uj3 + 2 vj3i5*uj3 ]/2\nSubject To\n cons_server_load_0: vj0i0 + vj1i0 + vj2i0 + vj3i0 >= 10\n cons_server_load_1: vj0i1 + vj1i1 + vj2i1 + vj3i1 >= 10\n cons_server_load_2: vj0i2 + vj1i2 + vj2i2 + vj3i2 >= 10\n cons_server_load_3: vj0i3 + vj1i3 + vj2i3 + vj3i3 >= 9\n cons_server_load_4: vj0i4 + vj1i4 + vj2i4 + vj3i4 >= 9\n cons_server_load_5: vj0i5 + vj1i5 + vj2i5 + vj3i5 >= 9\n cons_server_on_0: si0 = 1\n cons_server_on_1: si1 = 1\n cons_server_on_2: si2 = 1\n cons_server_on_3: si3 = 1\n cons_server_on_4: si4 = 1\n cons_server_on_5: si5 = 1\n cons_vm_alloc_0: vj0i0 + vj0i1 + vj0i2 + vj0i3 + vj0i4 + vj0i5 <= 22\n cons_vm_alloc_1: vj1i0 + vj1i1 + vj1i2 + vj1i3 + vj1i4 + vj1i5 <= 19\n cons_vm_alloc_2: vj2i0 + vj2i1 + vj2i2 + vj2i3 + vj2i4 + vj2i5 <= 21\n cons_vm_alloc_3: vj3i0 + vj3i1 + vj3i2 + vj3i3 + vj3i4 + vj3i5 <= 20\n cons_min_cpu_vm_0: uj0 >= 1\n cons_min_cpu_vm_1: uj1 >= 1\n cons_min_cpu_vm_2: uj2 >= 1\n cons_min_cpu_vm_3: uj3 >= 1\n\nBounds\n 0 <= si0 <= 1\n 0 <= si1 <= 1\n 0 <= si2 <= 1\n 0 <= si3 <= 1\n 0 <= si4 <= 1\n 0 <= si5 <= 1\n 1 <= uj0\n 1 <= uj1\n 1 <= uj2\n 1 <= uj3\n\nBinaries\n si0 si1 si2 si3 si4 si5\nEnd\n",
  "classic": {
    "objective": 63.0,
    "status": "INFEASIBLE",
    "x": [
      1.0,
      1.0,
      1.0,
      1.0,
      1.0,
      1.0,
      2.385007759418959,
      2.8391128998796886,
      2.3190623477011045,
      2.358738376413399,
      2.6537236073229145,
      2.149563072706654,
      2.4085408762432987,
      1.6762987955149429,
      2.391048960500099,
      2.207755915701481,
      2.4228996563266403,
      1.9012429510018183,
      2.52326561532462,
      2.731691733501532,
      2.551509552729348,
      2.0482129641354443,
      2.0263453152523128,
      2.7951822225070497,
      2.683185749013124,
      2.752896571103837,
      2.738379139069447,
      2.385292743749676,
      1.8970314210981334,
      2.154011753784478,
      1.0,
      1.0,
      1.0,
      1.0
    ],
    "residuals": [
      0.00010000000000000511,
      0.00020429900181702796,
      0.00013564322218176253,
      0.00011167144054621752,
      0.00015146515865573302,
      0.0001991418509131006,
      0.00011296723850916552,
      9.999999999992712e-05
    ],
    "duration_seconds": 16.08281150000039
  },
  "quantum": {
    "objective": 63.0,
    "status": "INFEASIBLE",
    "x": [
      1.0,
      1.0,
      1.0,
      1.0,
      1.0,
      1.0,
      2.385007759418959,
      2.8391128998796886,
      2.3190623477011045,
      2.358738376413399,
      2.6537236073229145,
      2.149563072706654,
      2.4085408762432987,
      1.6762987955149429,
      2.391048960500099,
      2.207755915701481,
      2.4228996563266403,
      1.9012429510018183,
      2.52326561532462,
      2.731691733501532,
      2.551509552729348,
      2.0482129641354443,
      2.0263453152523128,
      2.7951822225070497,
      2.683185749013124,
      2.752896571103837,
      2.738379139069447,
      2.385292743749676,
      1.8970314210981334,
      2.154011753784478,
      1.0,
      1.0,
      1.0,
      1.0
    ],
    "residuals": [
      0.00010000000000000511,
      0.00020429900181702796,
      0.00013564322218176253,
      0.00011167144054621752,
      0.00015146515865573302,
      0.0001991418509131006,
      0.00011296723850916552,
      9.999999999992712e-05
    ],
    "duration_seconds": 130.3096067000006
  },
  "combined_image": "q_20260324_184015_results.png"
}