{
  "script": "q",
  "meta": {
    "n_servers": 3,
    "n_vms": 4,
    "require_all_on": true
  },
  "input": {
    "pi": [
      1.0,
      1.0,
      1.0
    ],
    "pd": [
      1.0,
      1.0,
      1.0
    ],
    "capacities": [
      11,
      11,
      11
    ],
    "vm_allocation_limits": [
      15,
      14,
      17,
      16
    ],
    "min_cpu_per_vm": 1.0
  },
  "qp_lp": "\\ This file has been generated by DOcplex\n\\ ENCODING=ISO-8859-1\n\\Problem name: qiskit_server\n\nMinimize\n obj: si0 + si1 + si2 + [ 2 vj0i0*uj0 + 2 vj0i1*uj0 + 2 vj0i2*uj0 + 2 vj1i0*uj1\n      + 2 vj1i1*uj1 + 2 vj1i2*uj1 + 2 vj2i0*uj2 + 2 vj2i1*uj2 + 2 vj2i2*uj2\n      + 2 vj3i0*uj3 + 2 vj3i1*uj3 + 2 vj3i2*uj3 ]/2\nSubject To\n cons_server_load_0: vj0i0 + vj1i0 + vj2i0 + vj3i0 >= 10\n cons_server_load_1: vj0i1 + vj1i1 + vj2i1 + vj3i1 >= 10\n cons_server_load_2: vj0i2 + vj1i2 + vj2i2 + vj3i2 >= 10\n cons_server_on_0: si0 = 1\n cons_server_on_1: si1 = 1\n cons_server_on_2: si2 = 1\n cons_vm_alloc_0: vj0i0 + vj0i1 + vj0i2 <= 15\n cons_vm_alloc_1: vj1i0 + vj1i1 + vj1i2 <= 14\n cons_vm_alloc_2: vj2i0 + vj2i1 + vj2i2 <= 17\n cons_vm_alloc_3: vj3i0 + vj3i1 + vj3i2 <= 16\n cons_min_cpu_vm_0: uj0 >= 1\n cons_min_cpu_vm_1: uj1 >= 1\n cons_min_cpu_vm_2: uj2 >= 1\n cons_min_cpu_vm_3: uj3 >= 1\n\nBounds\n 0 <= si0 <= 1\n 0 <= si1 <= 1\n 0 <= si2 <= 1\n 1 <= uj0\n 1 <= uj1\n 1 <= uj2\n 1 <= uj3\n\nBinaries\n si0 si1 si2\nEnd\n",
  "classic": {
    "objective": 33.0,
    "status": "INFEASIBLE",
    "x": [
      1.0,
      1.0,
      1.0,
      2.567322776043092,
      1.3047474555480418,
      2.358073213407087,
      2.60140352725295,
      3.3574454955480224,
      2.734647397798183,
      2.457239000160147,
      2.6054781979557715,
      2.5072236127054057,
      2.3740346965438084,
      2.732328850948165,
      2.400055776089324,
      1.0,
      1.0,
      1.0,
      1.0
    ],
    "residuals": [
      9.999999999951159e-05
    ],
    "duration_seconds": 0.8311738999982481
  },
  "quantum": {
    "objective": 33.0,
    "status": "INFEASIBLE",
    "x": [
      1.0,
      1.0,
      1.0,
      2.567322776043092,
      1.3047474555480418,
      2.358073213407087,
      2.60140352725295,
      3.3574454955480224,
      2.734647397798183,
      2.457239000160147,
      2.6054781979557715,
      2.5072236127054057,
      2.3740346965438084,
      2.732328850948165,
      2.400055776089324,
      1.0,
      1.0,
      1.0,
      1.0
    ],
    "residuals": [
      9.999999999951159e-05
    ],
    "duration_seconds": 2.837279999999737
  },
  "combined_image": "q_20260324_183230_results.png"
}