{
  "script": "q",
  "meta": {
    "n_servers": 5,
    "n_vms": 4,
    "require_all_on": true
  },
  "input": {
    "pi": [
      1.0,
      1.0,
      1.0,
      1.0,
      1.0
    ],
    "pd": [
      1.0,
      1.0,
      1.0,
      1.0,
      1.0
    ],
    "capacities": [
      11,
      11,
      11,
      10,
      10
    ],
    "vm_allocation_limits": [
      16,
      18,
      15,
      15
    ],
    "min_cpu_per_vm": 1.0
  },
  "qp_lp": "\\ This file has been generated by DOcplex\n\\ ENCODING=ISO-8859-1\n\\Problem name: qiskit_server\n\nMinimize\n obj: si0 + si1 + si2 + si3 + si4 + [ 2 vj0i0*uj0 + 2 vj0i1*uj0 + 2 vj0i2*uj0\n      + 2 vj0i3*uj0 + 2 vj0i4*uj0 + 2 vj1i0*uj1 + 2 vj1i1*uj1 + 2 vj1i2*uj1\n      + 2 vj1i3*uj1 + 2 vj1i4*uj1 + 2 vj2i0*uj2 + 2 vj2i1*uj2 + 2 vj2i2*uj2\n      + 2 vj2i3*uj2 + 2 vj2i4*uj2 + 2 vj3i0*uj3 + 2 vj3i1*uj3 + 2 vj3i2*uj3\n      + 2 vj3i3*uj3 + 2 vj3i4*uj3 ]/2\nSubject To\n cons_server_load_0: vj0i0 + vj1i0 + vj2i0 + vj3i0 >= 10\n cons_server_load_1: vj0i1 + vj1i1 + vj2i1 + vj3i1 >= 10\n cons_server_load_2: vj0i2 + vj1i2 + vj2i2 + vj3i2 >= 10\n cons_server_load_3: vj0i3 + vj1i3 + vj2i3 + vj3i3 >= 9\n cons_server_load_4: vj0i4 + vj1i4 + vj2i4 + vj3i4 >= 9\n cons_server_on_0: si0 = 1\n cons_server_on_1: si1 = 1\n cons_server_on_2: si2 = 1\n cons_server_on_3: si3 = 1\n cons_server_on_4: si4 = 1\n cons_vm_alloc_0: vj0i0 + vj0i1 + vj0i2 + vj0i3 + vj0i4 <= 16\n cons_vm_alloc_1: vj1i0 + vj1i1 + vj1i2 + vj1i3 + vj1i4 <= 18\n cons_vm_alloc_2: vj2i0 + vj2i1 + vj2i2 + vj2i3 + vj2i4 <= 15\n cons_vm_alloc_3: vj3i0 + vj3i1 + vj3i2 + vj3i3 + vj3i4 <= 15\n cons_min_cpu_vm_0: uj0 >= 1\n cons_min_cpu_vm_1: uj1 >= 1\n cons_min_cpu_vm_2: uj2 >= 1\n cons_min_cpu_vm_3: uj3 >= 1\n\nBounds\n 0 <= si0 <= 1\n 0 <= si1 <= 1\n 0 <= si2 <= 1\n 0 <= si3 <= 1\n 0 <= si4 <= 1\n 1 <= uj0\n 1 <= uj1\n 1 <= uj2\n 1 <= uj3\n\nBinaries\n si0 si1 si2 si3 si4\nEnd\n",
  "classic": {
    "objective": 52.999999999999986,
    "status": "INFEASIBLE",
    "x": [
      1.0,
      1.0,
      1.0,
      1.0,
      1.0,
      2.512446553513745,
      2.5044319964107107,
      2.47951082152625,
      2.089449549183927,
      2.164463780813623,
      2.4942605194254424,
      2.5230021844867907,
      2.4868152188597104,
      2.200104389616296,
      2.276212228838298,
      2.520496867086541,
      2.5059482435708844,
      2.5735363877846127,
      2.3337450276484937,
      2.2677445747991287,
      2.4727960599742644,
      2.4666175755316178,
      2.4601375718294305,
      2.376701033551281,
      2.291579415548944,
      1.0,
      0.9999999999999999,
      0.9999999999999999,
      1.0
    ],
    "residuals": [
      9.999999999999954e-05
    ],
    "duration_seconds": 1.7713881999989098
  },
  "quantum": {
    "objective": 52.999999999999986,
    "status": "INFEASIBLE",
    "x": [
      1.0,
      1.0,
      1.0,
      1.0,
      1.0,
      2.512446553513745,
      2.5044319964107107,
      2.47951082152625,
      2.089449549183927,
      2.164463780813623,
      2.4942605194254424,
      2.5230021844867907,
      2.4868152188597104,
      2.200104389616296,
      2.276212228838298,
      2.520496867086541,
      2.5059482435708844,
      2.5735363877846127,
      2.3337450276484937,
      2.2677445747991287,
      2.4727960599742644,
      2.4666175755316178,
      2.4601375718294305,
      2.376701033551281,
      2.291579415548944,
      1.0,
      0.9999999999999999,
      0.9999999999999999,
      1.0
    ],
    "residuals": [
      9.999999999999954e-05
    ],
    "duration_seconds": 8.823598899998615
  },
  "combined_image": "q_20260324_183453_results.png"
}