{
  "script": "q",
  "meta": {
    "n_servers": 5,
    "n_vms": 2,
    "require_all_on": true
  },
  "input": {
    "pi": [
      1.0,
      1.0,
      1.0,
      1.0,
      1.0
    ],
    "pd": [
      1.0,
      1.0,
      1.0,
      1.0,
      1.0
    ],
    "capacities": [
      11,
      11,
      11,
      10,
      10
    ],
    "vm_allocation_limits": [
      32,
      33
    ],
    "min_cpu_per_vm": 1.0
  },
  "qp_lp": "\\ This file has been generated by DOcplex\n\\ ENCODING=ISO-8859-1\n\\Problem name: qiskit_server\n\nMinimize\n obj: si0 + si1 + si2 + si3 + si4 + [ 2 vj0i0*uj0 + 2 vj0i1*uj0 + 2 vj0i2*uj0\n      + 2 vj0i3*uj0 + 2 vj0i4*uj0 + 2 vj1i0*uj1 + 2 vj1i1*uj1 + 2 vj1i2*uj1\n      + 2 vj1i3*uj1 + 2 vj1i4*uj1 ]/2\nSubject To\n cons_server_load_0: vj0i0 + vj1i0 >= 10\n cons_server_load_1: vj0i1 + vj1i1 >= 10\n cons_server_load_2: vj0i2 + vj1i2 >= 10\n cons_server_load_3: vj0i3 + vj1i3 >= 9\n cons_server_load_4: vj0i4 + vj1i4 >= 9\n cons_server_on_0: si0 = 1\n cons_server_on_1: si1 = 1\n cons_server_on_2: si2 = 1\n cons_server_on_3: si3 = 1\n cons_server_on_4: si4 = 1\n cons_vm_alloc_0: vj0i0 + vj0i1 + vj0i2 + vj0i3 + vj0i4 <= 32\n cons_vm_alloc_1: vj1i0 + vj1i1 + vj1i2 + vj1i3 + vj1i4 <= 33\n cons_min_cpu_vm_0: uj0 >= 1\n cons_min_cpu_vm_1: uj1 >= 1\n\nBounds\n 0 <= si0 <= 1\n 0 <= si1 <= 1\n 0 <= si2 <= 1\n 0 <= si3 <= 1\n 0 <= si4 <= 1\n 1 <= uj0\n 1 <= uj1\n\nBinaries\n si0 si1 si2 si3 si4\nEnd\n",
  "classic": {
    "objective": 53.0,
    "status": "SUCCESS",
    "x": [
      1.0,
      1.0,
      1.0,
      1.0,
      1.0,
      4.5039435468053055,
      5.533789481650659,
      4.683579814630463,
      4.535839288999091,
      4.617681627834309,
      5.4960564531947,
      4.46621051834934,
      5.316420185369537,
      4.4641607110009085,
      4.38231837216569,
      1.0,
      1.0
    ],
    "residuals": [
      9.999999999945838e-05
    ],
    "duration_seconds": 0.7858529000004637
  },
  "quantum": {
    "objective": 53.0,
    "status": "SUCCESS",
    "x": [
      1.0,
      1.0,
      1.0,
      1.0,
      1.0,
      4.5039435468053055,
      5.533789481650659,
      4.683579814630463,
      4.535839288999091,
      4.617681627834309,
      5.4960564531947,
      4.46621051834934,
      5.316420185369537,
      4.4641607110009085,
      4.38231837216569,
      1.0,
      1.0
    ],
    "residuals": [
      9.999999999945838e-05
    ],
    "duration_seconds": 9.273474499997974
  },
  "combined_image": "q_20260324_183423_results.png"
}