{
  "script": "q",
  "meta": {
    "n_servers": 3,
    "n_vms": 5,
    "require_all_on": true
  },
  "input": {
    "pi": [
      1.0,
      1.0,
      1.0
    ],
    "pd": [
      1.0,
      1.0,
      1.0
    ],
    "capacities": [
      11,
      11,
      11
    ],
    "vm_allocation_limits": [
      17,
      16,
      15,
      16,
      16
    ],
    "min_cpu_per_vm": 1.0
  },
  "qp_lp": "\\ This file has been generated by DOcplex\n\\ ENCODING=ISO-8859-1\n\\Problem name: qiskit_server\n\nMinimize\n obj: si0 + si1 + si2 + [ 2 vj0i0*uj0 + 2 vj0i1*uj0 + 2 vj0i2*uj0 + 2 vj1i0*uj1\n      + 2 vj1i1*uj1 + 2 vj1i2*uj1 + 2 vj2i0*uj2 + 2 vj2i1*uj2 + 2 vj2i2*uj2\n      + 2 vj3i0*uj3 + 2 vj3i1*uj3 + 2 vj3i2*uj3 + 2 vj4i0*uj4 + 2 vj4i1*uj4\n      + 2 vj4i2*uj4 ]/2\nSubject To\n cons_server_load_0: vj0i0 + vj1i0 + vj2i0 + vj3i0 + vj4i0 >= 10\n cons_server_load_1: vj0i1 + vj1i1 + vj2i1 + vj3i1 + vj4i1 >= 10\n cons_server_load_2: vj0i2 + vj1i2 + vj2i2 + vj3i2 + vj4i2 >= 10\n cons_server_on_0: si0 = 1\n cons_server_on_1: si1 = 1\n cons_server_on_2: si2 = 1\n cons_vm_alloc_0: vj0i0 + vj0i1 + vj0i2 <= 17\n cons_vm_alloc_1: vj1i0 + vj1i1 + vj1i2 <= 16\n cons_vm_alloc_2: vj2i0 + vj2i1 + vj2i2 <= 15\n cons_vm_alloc_3: vj3i0 + vj3i1 + vj3i2 <= 16\n cons_vm_alloc_4: vj4i0 + vj4i1 + vj4i2 <= 16\n cons_min_cpu_vm_0: uj0 >= 1\n cons_min_cpu_vm_1: uj1 >= 1\n cons_min_cpu_vm_2: uj2 >= 1\n cons_min_cpu_vm_3: uj3 >= 1\n cons_min_cpu_vm_4: uj4 >= 1\n\nBounds\n 0 <= si0 <= 1\n 0 <= si1 <= 1\n 0 <= si2 <= 1\n 1 <= uj0\n 1 <= uj1\n 1 <= uj2\n 1 <= uj3\n 1 <= uj4\n\nBinaries\n si0 si1 si2\nEnd\n",
  "classic": {
    "objective": 32.999999999999986,
    "status": "INFEASIBLE",
    "x": [
      1.0,
      1.0,
      1.0,
      1.3640956105993876,
      1.075868077915729,
      1.563511485989143,
      2.1854985310102837,
      1.6960650220066835,
      1.678498471013431,
      1.9740099014685961,
      2.945146447902953,
      2.1259801789831068,
      2.5962133468105435,
      2.584747713036185,
      2.1781256424597495,
      1.8801826101111916,
      1.6981727391384336,
      2.4538842215545733,
      1.0,
      1.0,
      1.0000000000000002,
      1.0000000000000002,
      1.0
    ],
    "residuals": [
      9.999999999991077e-05
    ],
    "duration_seconds": 1.0809951000010187
  },
  "quantum": {
    "objective": 32.999999999999986,
    "status": "INFEASIBLE",
    "x": [
      1.0,
      1.0,
      1.0,
      1.3640956105993876,
      1.075868077915729,
      1.563511485989143,
      2.1854985310102837,
      1.6960650220066835,
      1.678498471013431,
      1.9740099014685961,
      2.945146447902953,
      2.1259801789831068,
      2.5962133468105435,
      2.584747713036185,
      2.1781256424597495,
      1.8801826101111916,
      1.6981727391384336,
      2.4538842215545733,
      1.0,
      1.0,
      1.0000000000000002,
      1.0000000000000002,
      1.0
    ],
    "residuals": [
      9.999999999991077e-05
    ],
    "duration_seconds": 3.068954099999246
  },
  "combined_image": "q_20260324_183239_results.png"
}