{
  "script": "q",
  "meta": {
    "n_servers": 6,
    "n_vms": 3,
    "require_all_on": true
  },
  "input": {
    "pi": [
      1.0,
      1.0,
      1.0,
      1.0,
      1.0,
      1.0
    ],
    "pd": [
      1.0,
      1.0,
      1.0,
      1.0,
      1.0,
      1.0
    ],
    "capacities": [
      11,
      11,
      11,
      10,
      10,
      10
    ],
    "vm_allocation_limits": [
      26,
      27,
      25
    ],
    "min_cpu_per_vm": 1.0
  },
  "qp_lp": "\\ This file has been generated by DOcplex\n\\ ENCODING=ISO-8859-1\n\\Problem name: qiskit_server\n\nMinimize\n obj: si0 + si1 + si2 + si3 + si4 + si5 + [ 2 vj0i0*uj0 + 2 vj0i1*uj0\n      + 2 vj0i2*uj0 + 2 vj0i3*uj0 + 2 vj0i4*uj0 + 2 vj0i5*uj0 + 2 vj1i0*uj1\n      + 2 vj1i1*uj1 + 2 vj1i2*uj1 + 2 vj1i3*uj1 + 2 vj1i4*uj1 + 2 vj1i5*uj1\n      + 2 vj2i0*uj2 + 2 vj2i1*uj2 + 2 vj2i2*uj2 + 2 vj2i3*uj2 + 2 vj2i4*uj2\n      + 2 vj2i5*uj2 ]/2\nSubject To\n cons_server_load_0: vj0i0 + vj1i0 + vj2i0 >= 10\n cons_server_load_1: vj0i1 + vj1i1 + vj2i1 >= 10\n cons_server_load_2: vj0i2 + vj1i2 + vj2i2 >= 10\n cons_server_load_3: vj0i3 + vj1i3 + vj2i3 >= 9\n cons_server_load_4: vj0i4 + vj1i4 + vj2i4 >= 9\n cons_server_load_5: vj0i5 + vj1i5 + vj2i5 >= 9\n cons_server_on_0: si0 = 1\n cons_server_on_1: si1 = 1\n cons_server_on_2: si2 = 1\n cons_server_on_3: si3 = 1\n cons_server_on_4: si4 = 1\n cons_server_on_5: si5 = 1\n cons_vm_alloc_0: vj0i0 + vj0i1 + vj0i2 + vj0i3 + vj0i4 + vj0i5 <= 26\n cons_vm_alloc_1: vj1i0 + vj1i1 + vj1i2 + vj1i3 + vj1i4 + vj1i5 <= 27\n cons_vm_alloc_2: vj2i0 + vj2i1 + vj2i2 + vj2i3 + vj2i4 + vj2i5 <= 25\n cons_min_cpu_vm_0: uj0 >= 1\n cons_min_cpu_vm_1: uj1 >= 1\n cons_min_cpu_vm_2: uj2 >= 1\n\nBounds\n 0 <= si0 <= 1\n 0 <= si1 <= 1\n 0 <= si2 <= 1\n 0 <= si3 <= 1\n 0 <= si4 <= 1\n 0 <= si5 <= 1\n 1 <= uj0\n 1 <= uj1\n 1 <= uj2\n\nBinaries\n si0 si1 si2 si3 si4 si5\nEnd\n",
  "classic": {
    "objective": 63.000000000000014,
    "status": "SUCCESS",
    "x": [
      1.0,
      1.0,
      1.0,
      1.0,
      1.0,
      1.0,
      3.4668917761178797,
      3.2969141926784395,
      3.4925116255407467,
      3.3894858179761242,
      3.2318418346421156,
      3.1333238979451026,
      3.178148629354496,
      3.4399422492628653,
      3.3435631700795696,
      2.6894166086673814,
      3.350917407543992,
      3.229416929100624,
      3.3549595945276236,
      3.2631435580586983,
      3.163925204379686,
      2.9210975733564957,
      2.4172407578138935,
      2.637259172954276,
      1.0,
      1.0,
      1.0
    ],
    "residuals": [
      0.0001000000000000012,
      0.00026794695692553553,
      0.00021201662303877046,
      9.999999999981404e-05
    ],
    "duration_seconds": 5.771357300000091
  },
  "quantum": {
    "objective": 63.000000000000014,
    "status": "SUCCESS",
    "x": [
      1.0,
      1.0,
      1.0,
      1.0,
      1.0,
      1.0,
      3.4668917761178797,
      3.2969141926784395,
      3.4925116255407467,
      3.3894858179761242,
      3.2318418346421156,
      3.1333238979451026,
      3.178148629354496,
      3.4399422492628653,
      3.3435631700795696,
      2.6894166086673814,
      3.350917407543992,
      3.229416929100624,
      3.3549595945276236,
      3.2631435580586983,
      3.163925204379686,
      2.9210975733564957,
      2.4172407578138935,
      2.637259172954276,
      1.0,
      1.0,
      1.0
    ],
    "residuals": [
      0.0001000000000000012,
      0.00026794695692553553,
      0.00021201662303877046,
      9.999999999981404e-05
    ],
    "duration_seconds": 61.72426149999956
  },
  "combined_image": "q_20260324_183744_results.png"
}