{
  "script": "q",
  "meta": {
    "n_servers": 1,
    "n_vms": 6,
    "require_all_on": true
  },
  "input": {
    "pi": [
      1.0
    ],
    "pd": [
      1.0
    ],
    "capacities": [
      11
    ],
    "vm_allocation_limits": [
      6,
      8,
      6,
      8,
      7,
      5
    ],
    "min_cpu_per_vm": 1.0
  },
  "qp_lp": "\\ This file has been generated by DOcplex\n\\ ENCODING=ISO-8859-1\n\\Problem name: qiskit_server\n\nMinimize\n obj: si0 + [ 2 vj0i0*uj0 + 2 vj1i0*uj1 + 2 vj2i0*uj2 + 2 vj3i0*uj3\n      + 2 vj4i0*uj4 + 2 vj5i0*uj5 ]/2\nSubject To\n cons_server_load_0: vj0i0 + vj1i0 + vj2i0 + vj3i0 + vj4i0 + vj5i0 >= 10\n cons_server_on_0: si0 = 1\n cons_vm_alloc_0: vj0i0 <= 6\n cons_vm_alloc_1: vj1i0 <= 8\n cons_vm_alloc_2: vj2i0 <= 6\n cons_vm_alloc_3: vj3i0 <= 8\n cons_vm_alloc_4: vj4i0 <= 7\n cons_vm_alloc_5: vj5i0 <= 5\n cons_min_cpu_vm_0: uj0 >= 1\n cons_min_cpu_vm_1: uj1 >= 1\n cons_min_cpu_vm_2: uj2 >= 1\n cons_min_cpu_vm_3: uj3 >= 1\n cons_min_cpu_vm_4: uj4 >= 1\n cons_min_cpu_vm_5: uj5 >= 1\n\nBounds\n 0 <= si0 <= 1\n 1 <= uj0\n 1 <= uj1\n 1 <= uj2\n 1 <= uj3\n 1 <= uj4\n 1 <= uj5\n\nBinaries\n si0\nEnd\n",
  "classic": {
    "objective": 10.999999999999996,
    "status": "INFEASIBLE",
    "x": [
      1.0,
      3.127965666859689,
      2.3906267807514907,
      0.4856308580897053,
      1.0960145566632176,
      1.5252235685581979,
      1.3745385690776966,
      0.9999999999999999,
      0.9999999999999999,
      0.9999999999999999,
      1.0,
      0.9999999999999999,
      0.9999999999999999
    ],
    "residuals": [
      9.9999999999889e-05
    ],
    "duration_seconds": 0.6755985999989207
  },
  "quantum": {
    "objective": 10.999999999999996,
    "status": "INFEASIBLE",
    "x": [
      1.0,
      3.127965666859689,
      2.3906267807514907,
      0.4856308580897053,
      1.0960145566632176,
      1.5252235685581979,
      1.3745385690776966,
      0.9999999999999999,
      0.9999999999999999,
      0.9999999999999999,
      1.0,
      0.9999999999999999,
      0.9999999999999999
    ],
    "residuals": [
      9.9999999999889e-05
    ],
    "duration_seconds": 1.6308714000006148
  },
  "combined_image": "q_20260324_183119_results.png"
}