{
  "script": "q",
  "meta": {
    "n_servers": 6,
    "n_vms": 2,
    "require_all_on": true
  },
  "input": {
    "pi": [
      1.0,
      1.0,
      1.0,
      1.0,
      1.0,
      1.0
    ],
    "pd": [
      1.0,
      1.0,
      1.0,
      1.0,
      1.0,
      1.0
    ],
    "capacities": [
      11,
      11,
      11,
      10,
      10,
      10
    ],
    "vm_allocation_limits": [
      39,
      37
    ],
    "min_cpu_per_vm": 1.0
  },
  "qp_lp": "\\ This file has been generated by DOcplex\n\\ ENCODING=ISO-8859-1\n\\Problem name: qiskit_server\n\nMinimize\n obj: si0 + si1 + si2 + si3 + si4 + si5 + [ 2 vj0i0*uj0 + 2 vj0i1*uj0\n      + 2 vj0i2*uj0 + 2 vj0i3*uj0 + 2 vj0i4*uj0 + 2 vj0i5*uj0 + 2 vj1i0*uj1\n      + 2 vj1i1*uj1 + 2 vj1i2*uj1 + 2 vj1i3*uj1 + 2 vj1i4*uj1 + 2 vj1i5*uj1 ]/2\nSubject To\n cons_server_load_0: vj0i0 + vj1i0 >= 10\n cons_server_load_1: vj0i1 + vj1i1 >= 10\n cons_server_load_2: vj0i2 + vj1i2 >= 10\n cons_server_load_3: vj0i3 + vj1i3 >= 9\n cons_server_load_4: vj0i4 + vj1i4 >= 9\n cons_server_load_5: vj0i5 + vj1i5 >= 9\n cons_server_on_0: si0 = 1\n cons_server_on_1: si1 = 1\n cons_server_on_2: si2 = 1\n cons_server_on_3: si3 = 1\n cons_server_on_4: si4 = 1\n cons_server_on_5: si5 = 1\n cons_vm_alloc_0: vj0i0 + vj0i1 + vj0i2 + vj0i3 + vj0i4 + vj0i5 <= 39\n cons_vm_alloc_1: vj1i0 + vj1i1 + vj1i2 + vj1i3 + vj1i4 + vj1i5 <= 37\n cons_min_cpu_vm_0: uj0 >= 1\n cons_min_cpu_vm_1: uj1 >= 1\n\nBounds\n 0 <= si0 <= 1\n 0 <= si1 <= 1\n 0 <= si2 <= 1\n 0 <= si3 <= 1\n 0 <= si4 <= 1\n 0 <= si5 <= 1\n 1 <= uj0\n 1 <= uj1\n\nBinaries\n si0 si1 si2 si3 si4 si5\nEnd\n",
  "classic": {
    "objective": 62.99999999999998,
    "status": "INFEASIBLE",
    "x": [
      1.0,
      1.0,
      1.0,
      1.0,
      1.0,
      1.0,
      5.101339784413005,
      4.768646616069524,
      5.513809394997037,
      4.564164632063718,
      4.543498480559233,
      4.991176067749857,
      4.898660215586989,
      5.23135338393047,
      4.486190605002957,
      4.435835367936282,
      4.456501519440767,
      4.008823932250143,
      1.0,
      1.0
    ],
    "residuals": [
      9.999999999999999e-05
    ],
    "duration_seconds": 0.8472957999983919
  },
  "quantum": {
    "objective": 62.99999999999998,
    "status": "INFEASIBLE",
    "x": [
      1.0,
      1.0,
      1.0,
      1.0,
      1.0,
      1.0,
      5.101339784413005,
      4.768646616069524,
      5.513809394997037,
      4.564164632063718,
      4.543498480559233,
      4.991176067749857,
      4.898660215586989,
      5.23135338393047,
      4.486190605002957,
      4.435835367936282,
      4.456501519440767,
      4.008823932250143,
      1.0,
      1.0
    ],
    "residuals": [
      9.999999999999999e-05
    ],
    "duration_seconds": 12.1317764000014
  },
  "combined_image": "q_20260324_183631_results.png"
}