{
  "script": "q",
  "meta": {
    "n_servers": 5,
    "n_vms": 5,
    "require_all_on": true
  },
  "input": {
    "pi": [
      1.0,
      1.0,
      1.0,
      1.0,
      1.0
    ],
    "pd": [
      1.0,
      1.0,
      1.0,
      1.0,
      1.0
    ],
    "capacities": [
      11,
      11,
      11,
      10,
      10
    ],
    "vm_allocation_limits": [
      14,
      15,
      15,
      17,
      14
    ],
    "min_cpu_per_vm": 1.0
  },
  "qp_lp": "\\ This file has been generated by DOcplex\n\\ ENCODING=ISO-8859-1\n\\Problem name: qiskit_server\n\nMinimize\n obj: si0 + si1 + si2 + si3 + si4 + [ 2 vj0i0*uj0 + 2 vj0i1*uj0 + 2 vj0i2*uj0\n      + 2 vj0i3*uj0 + 2 vj0i4*uj0 + 2 vj1i0*uj1 + 2 vj1i1*uj1 + 2 vj1i2*uj1\n      + 2 vj1i3*uj1 + 2 vj1i4*uj1 + 2 vj2i0*uj2 + 2 vj2i1*uj2 + 2 vj2i2*uj2\n      + 2 vj2i3*uj2 + 2 vj2i4*uj2 + 2 vj3i0*uj3 + 2 vj3i1*uj3 + 2 vj3i2*uj3\n      + 2 vj3i3*uj3 + 2 vj3i4*uj3 + 2 vj4i0*uj4 + 2 vj4i1*uj4 + 2 vj4i2*uj4\n      + 2 vj4i3*uj4 + 2 vj4i4*uj4 ]/2\nSubject To\n cons_server_load_0: vj0i0 + vj1i0 + vj2i0 + vj3i0 + vj4i0 >= 10\n cons_server_load_1: vj0i1 + vj1i1 + vj2i1 + vj3i1 + vj4i1 >= 10\n cons_server_load_2: vj0i2 + vj1i2 + vj2i2 + vj3i2 + vj4i2 >= 10\n cons_server_load_3: vj0i3 + vj1i3 + vj2i3 + vj3i3 + vj4i3 >= 9\n cons_server_load_4: vj0i4 + vj1i4 + vj2i4 + vj3i4 + vj4i4 >= 9\n cons_server_on_0: si0 = 1\n cons_server_on_1: si1 = 1\n cons_server_on_2: si2 = 1\n cons_server_on_3: si3 = 1\n cons_server_on_4: si4 = 1\n cons_vm_alloc_0: vj0i0 + vj0i1 + vj0i2 + vj0i3 + vj0i4 <= 14\n cons_vm_alloc_1: vj1i0 + vj1i1 + vj1i2 + vj1i3 + vj1i4 <= 15\n cons_vm_alloc_2: vj2i0 + vj2i1 + vj2i2 + vj2i3 + vj2i4 <= 15\n cons_vm_alloc_3: vj3i0 + vj3i1 + vj3i2 + vj3i3 + vj3i4 <= 17\n cons_vm_alloc_4: vj4i0 + vj4i1 + vj4i2 + vj4i3 + vj4i4 <= 14\n cons_min_cpu_vm_0: uj0 >= 1\n cons_min_cpu_vm_1: uj1 >= 1\n cons_min_cpu_vm_2: uj2 >= 1\n cons_min_cpu_vm_3: uj3 >= 1\n cons_min_cpu_vm_4: uj4 >= 1\n\nBounds\n 0 <= si0 <= 1\n 0 <= si1 <= 1\n 0 <= si2 <= 1\n 0 <= si3 <= 1\n 0 <= si4 <= 1\n 1 <= uj0\n 1 <= uj1\n 1 <= uj2\n 1 <= uj3\n 1 <= uj4\n\nBinaries\n si0 si1 si2 si3 si4\nEnd\n",
  "classic": {
    "objective": 53.0,
    "status": "INFEASIBLE",
    "x": [
      1.0,
      1.0,
      1.0,
      1.0,
      1.0,
      2.009711063917521,
      1.9795997774482907,
      1.9922519090500446,
      1.8009880243016432,
      1.81437578323862,
      2.090255549684295,
      2.0238322690057498,
      1.9439204471076337,
      1.8161879767911884,
      1.7983676976356668,
      1.9912503430117277,
      1.9942544346615343,
      2.08555985820093,
      1.7718977628619947,
      1.8056801166695529,
      1.9148290055595263,
      1.9760833920605818,
      1.9029892776464226,
      1.8011683105555585,
      1.8365299924950194,
      1.993954037826927,
      2.026230126823841,
      2.0752785079949674,
      1.8097579254896183,
      1.745046409961139,
      1.0,
      1.0,
      1.0,
      1.0,
      0.9999999999999999
    ],
    "residuals": [
      9.999999999991507e-05
    ],
    "duration_seconds": 1.77574679999816
  },
  "quantum": {
    "objective": 53.0,
    "status": "INFEASIBLE",
    "x": [
      1.0,
      1.0,
      1.0,
      1.0,
      1.0,
      2.009711063917521,
      1.9795997774482907,
      1.9922519090500446,
      1.8009880243016432,
      1.81437578323862,
      2.090255549684295,
      2.0238322690057498,
      1.9439204471076337,
      1.8161879767911884,
      1.7983676976356668,
      1.9912503430117277,
      1.9942544346615343,
      2.08555985820093,
      1.7718977628619947,
      1.8056801166695529,
      1.9148290055595263,
      1.9760833920605818,
      1.9029892776464226,
      1.8011683105555585,
      1.8365299924950194,
      1.993954037826927,
      2.026230126823841,
      2.0752785079949674,
      1.8097579254896183,
      1.745046409961139,
      1.0,
      1.0,
      1.0,
      1.0,
      0.9999999999999999
    ],
    "residuals": [
      9.999999999991507e-05
    ],
    "duration_seconds": 9.028893400001834
  },
  "combined_image": "q_20260324_183529_results.png"
}