{
  "script": "q",
  "meta": {
    "n_servers": 2,
    "n_vms": 6,
    "require_all_on": true
  },
  "input": {
    "pi": [
      1.0,
      1.0
    ],
    "pd": [
      1.0,
      1.0
    ],
    "capacities": [
      11,
      11
    ],
    "vm_allocation_limits": [
      13,
      10,
      13,
      10,
      12,
      12
    ],
    "min_cpu_per_vm": 1.0
  },
  "qp_lp": "\\ This file has been generated by DOcplex\n\\ ENCODING=ISO-8859-1\n\\Problem name: qiskit_server\n\nMinimize\n obj: si0 + si1 + [ 2 vj0i0*uj0 + 2 vj0i1*uj0 + 2 vj1i0*uj1 + 2 vj1i1*uj1\n      + 2 vj2i0*uj2 + 2 vj2i1*uj2 + 2 vj3i0*uj3 + 2 vj3i1*uj3 + 2 vj4i0*uj4\n      + 2 vj4i1*uj4 + 2 vj5i0*uj5 + 2 vj5i1*uj5 ]/2\nSubject To\n cons_server_load_0: vj0i0 + vj1i0 + vj2i0 + vj3i0 + vj4i0 + vj5i0 >= 10\n cons_server_load_1: vj0i1 + vj1i1 + vj2i1 + vj3i1 + vj4i1 + vj5i1 >= 10\n cons_server_on_0: si0 = 1\n cons_server_on_1: si1 = 1\n cons_vm_alloc_0: vj0i0 + vj0i1 <= 13\n cons_vm_alloc_1: vj1i0 + vj1i1 <= 10\n cons_vm_alloc_2: vj2i0 + vj2i1 <= 13\n cons_vm_alloc_3: vj3i0 + vj3i1 <= 10\n cons_vm_alloc_4: vj4i0 + vj4i1 <= 12\n cons_vm_alloc_5: vj5i0 + vj5i1 <= 12\n cons_min_cpu_vm_0: uj0 >= 1\n cons_min_cpu_vm_1: uj1 >= 1\n cons_min_cpu_vm_2: uj2 >= 1\n cons_min_cpu_vm_3: uj3 >= 1\n cons_min_cpu_vm_4: uj4 >= 1\n cons_min_cpu_vm_5: uj5 >= 1\n\nBounds\n 0 <= si0 <= 1\n 0 <= si1 <= 1\n 1 <= uj0\n 1 <= uj1\n 1 <= uj2\n 1 <= uj3\n 1 <= uj4\n 1 <= uj5\n\nBinaries\n si0 si1\nEnd\n",
  "classic": {
    "objective": 21.999999999999996,
    "status": "INFEASIBLE",
    "x": [
      1.0,
      1.0,
      2.8746297077390164,
      1.9233821074034227,
      0.8759311915790613,
      1.1232542282907698,
      1.674663329925758,
      1.6584967967147544,
      1.9080898102839738,
      1.5408822455526467,
      1.488640971541833,
      1.9779134254391293,
      1.17804498893035,
      1.7760711965992808,
      0.9999999999999999,
      1.0,
      1.0,
      1.0,
      0.9999999999999999,
      1.0
    ],
    "residuals": [
      9.99999999999115e-05
    ],
    "duration_seconds": 1.0076010000011593
  },
  "quantum": {
    "objective": 21.999999999999996,
    "status": "INFEASIBLE",
    "x": [
      1.0,
      1.0,
      2.8746297077390164,
      1.9233821074034227,
      0.8759311915790613,
      1.1232542282907698,
      1.674663329925758,
      1.6584967967147544,
      1.9080898102839738,
      1.5408822455526467,
      1.488640971541833,
      1.9779134254391293,
      1.17804498893035,
      1.7760711965992808,
      0.9999999999999999,
      1.0,
      1.0,
      1.0,
      0.9999999999999999,
      1.0
    ],
    "residuals": [
      9.99999999999115e-05
    ],
    "duration_seconds": 2.4786673999988125
  },
  "combined_image": "q_20260324_183200_results.png"
}