{
  "script": "q",
  "meta": {
    "n_servers": 3,
    "n_vms": 6,
    "require_all_on": true
  },
  "input": {
    "pi": [
      1.0,
      1.0,
      1.0
    ],
    "pd": [
      1.0,
      1.0,
      1.0
    ],
    "capacities": [
      11,
      11,
      11
    ],
    "vm_allocation_limits": [
      15,
      16,
      14,
      15,
      15,
      15
    ],
    "min_cpu_per_vm": 1
  },
  "qp_lp": "\\ This file has been generated by DOcplex\n\\ ENCODING=ISO-8859-1\n\\Problem name: qiskit_server\n\nMinimize\n obj: si0 + si1 + si2 + [ 2 vj0i0*uj0 + 2 vj0i1*uj0 + 2 vj0i2*uj0 + 2 vj1i0*uj1\n      + 2 vj1i1*uj1 + 2 vj1i2*uj1 + 2 vj2i0*uj2 + 2 vj2i1*uj2 + 2 vj2i2*uj2\n      + 2 vj3i0*uj3 + 2 vj3i1*uj3 + 2 vj3i2*uj3 + 2 vj4i0*uj4 + 2 vj4i1*uj4\n      + 2 vj4i2*uj4 + 2 vj5i0*uj5 + 2 vj5i1*uj5 + 2 vj5i2*uj5 ]/2\nSubject To\n cons_server_load_0: vj0i0 + vj1i0 + vj2i0 + vj3i0 + vj4i0 + vj5i0 >= 10\n cons_server_load_1: vj0i1 + vj1i1 + vj2i1 + vj3i1 + vj4i1 + vj5i1 >= 10\n cons_server_load_2: vj0i2 + vj1i2 + vj2i2 + vj3i2 + vj4i2 + vj5i2 >= 10\n cons_server_on_0: si0 = 1\n cons_server_on_1: si1 = 1\n cons_server_on_2: si2 = 1\n cons_vm_alloc_0: vj0i0 + vj0i1 + vj0i2 <= 15\n cons_vm_alloc_1: vj1i0 + vj1i1 + vj1i2 <= 16\n cons_vm_alloc_2: vj2i0 + vj2i1 + vj2i2 <= 14\n cons_vm_alloc_3: vj3i0 + vj3i1 + vj3i2 <= 15\n cons_vm_alloc_4: vj4i0 + vj4i1 + vj4i2 <= 15\n cons_vm_alloc_5: vj5i0 + vj5i1 + vj5i2 <= 15\n cons_min_cpu_vm_0: uj0 >= 1\n cons_min_cpu_vm_1: uj1 >= 1\n cons_min_cpu_vm_2: uj2 >= 1\n cons_min_cpu_vm_3: uj3 >= 1\n cons_min_cpu_vm_4: uj4 >= 1\n cons_min_cpu_vm_5: uj5 >= 1\n\nBounds\n 0 <= si0 <= 1\n 0 <= si1 <= 1\n 0 <= si2 <= 1\n 1 <= uj0\n 1 <= uj1\n 1 <= uj2\n 1 <= uj3\n 1 <= uj4\n 1 <= uj5\n\nBinaries\n si0 si1 si2\nEnd\n",
  "classic": {
    "objective": 32.99999999999998,
    "status": "INFEASIBLE",
    "x": [
      1.0,
      1.0,
      1.0,
      2.033204673390947,
      1.4478189707671867,
      1.8303437044782351,
      1.636732169744118,
      1.6521858093421422,
      1.4347028247668399,
      1.1137903496023471,
      1.5039133780202827,
      2.1011150263657554,
      1.711908134541208,
      1.8500554779916953,
      1.7480636636097573,
      1.5742667132488872,
      1.8772815258144637,
      1.3819131557985684,
      1.9300979594724925,
      1.6687448380642258,
      1.503861624980825,
      1.0,
      1.0,
      1.0,
      0.9999999999999999,
      1.0,
      0.9999999999999999
    ],
    "residuals": [
      9.999999999990186e-05
    ],
    "duration_seconds": 1.5797394999990502
  },
  "quantum": {
    "objective": 32.99999999999998,
    "status": "INFEASIBLE",
    "x": [
      1.0,
      1.0,
      1.0,
      2.033204673390947,
      1.4478189707671867,
      1.8303437044782351,
      1.636732169744118,
      1.6521858093421422,
      1.4347028247668399,
      1.1137903496023471,
      1.5039133780202827,
      2.1011150263657554,
      1.711908134541208,
      1.8500554779916953,
      1.7480636636097573,
      1.5742667132488872,
      1.8772815258144637,
      1.3819131557985684,
      1.9300979594724925,
      1.6687448380642258,
      1.503861624980825,
      1.0,
      1.0,
      1.0,
      0.9999999999999999,
      1.0,
      0.9999999999999999
    ],
    "residuals": [
      9.999999999990186e-05
    ],
    "duration_seconds": 3.631695600000967
  },
  "combined_image": "q_20260324_175938_results.png"
}