{
  "script": "q",
  "meta": {
    "n_servers": 4,
    "n_vms": 5,
    "require_all_on": true
  },
  "input": {
    "pi": [
      1.0,
      1.0,
      1.0,
      1.0
    ],
    "pd": [
      1.0,
      1.0,
      1.0,
      1.0
    ],
    "capacities": [
      11,
      11,
      11,
      10
    ],
    "vm_allocation_limits": [
      16,
      14,
      15,
      16,
      15
    ],
    "min_cpu_per_vm": 1
  },
  "qp_lp": "\\ This file has been generated by DOcplex\n\\ ENCODING=ISO-8859-1\n\\Problem name: qiskit_server\n\nMinimize\n obj: si0 + si1 + si2 + si3 + [ 2 vj0i0*uj0 + 2 vj0i1*uj0 + 2 vj0i2*uj0\n      + 2 vj0i3*uj0 + 2 vj1i0*uj1 + 2 vj1i1*uj1 + 2 vj1i2*uj1 + 2 vj1i3*uj1\n      + 2 vj2i0*uj2 + 2 vj2i1*uj2 + 2 vj2i2*uj2 + 2 vj2i3*uj2 + 2 vj3i0*uj3\n      + 2 vj3i1*uj3 + 2 vj3i2*uj3 + 2 vj3i3*uj3 + 2 vj4i0*uj4 + 2 vj4i1*uj4\n      + 2 vj4i2*uj4 + 2 vj4i3*uj4 ]/2\nSubject To\n cons_server_load_0: vj0i0 + vj1i0 + vj2i0 + vj3i0 + vj4i0 >= 10\n cons_server_load_1: vj0i1 + vj1i1 + vj2i1 + vj3i1 + vj4i1 >= 10\n cons_server_load_2: vj0i2 + vj1i2 + vj2i2 + vj3i2 + vj4i2 >= 10\n cons_server_load_3: vj0i3 + vj1i3 + vj2i3 + vj3i3 + vj4i3 >= 9\n cons_server_on_0: si0 = 1\n cons_server_on_1: si1 = 1\n cons_server_on_2: si2 = 1\n cons_server_on_3: si3 = 1\n cons_vm_alloc_0: vj0i0 + vj0i1 + vj0i2 + vj0i3 <= 16\n cons_vm_alloc_1: vj1i0 + vj1i1 + vj1i2 + vj1i3 <= 14\n cons_vm_alloc_2: vj2i0 + vj2i1 + vj2i2 + vj2i3 <= 15\n cons_vm_alloc_3: vj3i0 + vj3i1 + vj3i2 + vj3i3 <= 16\n cons_vm_alloc_4: vj4i0 + vj4i1 + vj4i2 + vj4i3 <= 15\n cons_min_cpu_vm_0: uj0 >= 1\n cons_min_cpu_vm_1: uj1 >= 1\n cons_min_cpu_vm_2: uj2 >= 1\n cons_min_cpu_vm_3: uj3 >= 1\n cons_min_cpu_vm_4: uj4 >= 1\n\nBounds\n 0 <= si0 <= 1\n 0 <= si1 <= 1\n 0 <= si2 <= 1\n 0 <= si3 <= 1\n 1 <= uj0\n 1 <= uj1\n 1 <= uj2\n 1 <= uj3\n 1 <= uj4\n\nBinaries\n si0 si1 si2 si3\nEnd\n",
  "classic": {
    "objective": 43.00000000000001,
    "status": "INFEASIBLE",
    "x": [
      1.0,
      1.0,
      1.0,
      1.0,
      1.975797026051289,
      2.032998161342866,
      1.9555370403328969,
      1.8139305670959964,
      1.7757929845139024,
      2.0287984925017146,
      2.136379713152903,
      1.7883558477989354,
      2.8528855770120276,
      1.9885158622940855,
      1.9223115682267862,
      1.7880627684776835,
      1.6761789731968986,
      1.9797971803943013,
      1.926628422367051,
      1.7940634722742308,
      1.7193454392258813,
      1.9698903034670363,
      2.0591432559203633,
      1.8155873443531507,
      1.0000000000000007,
      0.9999999999999999,
      0.9999999999999999,
      0.9999999999999999,
      1.0
    ],
    "residuals": [
      9.999999999939681e-05
    ],
    "duration_seconds": 1.9939747000007628
  },
  "quantum": {
    "objective": 43.00000000000001,
    "status": "INFEASIBLE",
    "x": [
      1.0,
      1.0,
      1.0,
      1.0,
      1.975797026051289,
      2.032998161342866,
      1.9555370403328969,
      1.8139305670959964,
      1.7757929845139024,
      2.0287984925017146,
      2.136379713152903,
      1.7883558477989354,
      2.8528855770120276,
      1.9885158622940855,
      1.9223115682267862,
      1.7880627684776835,
      1.6761789731968986,
      1.9797971803943013,
      1.926628422367051,
      1.7940634722742308,
      1.7193454392258813,
      1.9698903034670363,
      2.0591432559203633,
      1.8155873443531507,
      1.0000000000000007,
      0.9999999999999999,
      0.9999999999999999,
      0.9999999999999999,
      1.0
    ],
    "residuals": [
      9.999999999939681e-05
    ],
    "duration_seconds": 5.520931900000505
  },
  "combined_image": "q_20260324_180035_results.png"
}