{
  "script": "q",
  "meta": {
    "n_servers": 3,
    "n_vms": 2,
    "require_all_on": true
  },
  "input": {
    "pi": [
      1.0,
      1.0,
      1.0
    ],
    "pd": [
      1.0,
      1.0,
      1.0
    ],
    "capacities": [
      11,
      11,
      11
    ],
    "vm_allocation_limits": [
      22,
      22
    ],
    "min_cpu_per_vm": 1
  },
  "qp_lp": "\\ This file has been generated by DOcplex\n\\ ENCODING=ISO-8859-1\n\\Problem name: qiskit_server\n\nMinimize\n obj: si0 + si1 + si2 + [ 2 vj0i0*uj0 + 2 vj0i1*uj0 + 2 vj0i2*uj0 + 2 vj1i0*uj1\n      + 2 vj1i1*uj1 + 2 vj1i2*uj1 ]/2\nSubject To\n cons_server_load_0: vj0i0 + vj1i0 >= 10\n cons_server_load_1: vj0i1 + vj1i1 >= 10\n cons_server_load_2: vj0i2 + vj1i2 >= 10\n cons_server_on_0: si0 = 1\n cons_server_on_1: si1 = 1\n cons_server_on_2: si2 = 1\n cons_vm_alloc_0: vj0i0 + vj0i1 + vj0i2 <= 22\n cons_vm_alloc_1: vj1i0 + vj1i1 + vj1i2 <= 22\n cons_min_cpu_vm_0: uj0 >= 1\n cons_min_cpu_vm_1: uj1 >= 1\n\nBounds\n 0 <= si0 <= 1\n 0 <= si1 <= 1\n 0 <= si2 <= 1\n 1 <= uj0\n 1 <= uj1\n\nBinaries\n si0 si1 si2\nEnd\n",
  "classic": {
    "objective": 33.0,
    "status": "SUCCESS",
    "x": [
      1.0,
      1.0,
      1.0,
      4.923892187076899,
      4.3808495694593885,
      5.98327094088655,
      5.076107812923102,
      5.619150430540611,
      4.016729059113451,
      1.0,
      1.0
    ],
    "residuals": [
      9.999999999999999e-05
    ],
    "duration_seconds": 0.30943239999942307
  },
  "quantum": {
    "objective": 33.0,
    "status": "SUCCESS",
    "x": [
      1.0,
      1.0,
      1.0,
      4.923892187076899,
      4.3808495694593885,
      5.98327094088655,
      5.076107812923102,
      5.619150430540611,
      4.016729059113451,
      1.0,
      1.0
    ],
    "residuals": [
      9.999999999999999e-05
    ],
    "duration_seconds": 2.253604200001064
  },
  "combined_image": "q_20260324_175906_results.png"
}